appid,name,type,is_free,release_date,developers,publishers,genres,categories,platform_windows,platform_mac,platform_linux,required_age,metacritic_score,recommendations,price_currency,initial_price,final_price,discount_percent
730,Counter-Strike 2,game,True,"21 Aug, 2012",Valve,Valve,"Action, Free To Play","Multi-player, Cross-Platform Multiplayer, Steam Trading Cards, Steam Workshop, In-App Purchases, Adjustable Text Size, Camera Comfort, Color Alternatives, Custom Volume Controls, Playable without Timed Input, Stereo Sound, Surround Sound, Valve Anti-Cheat enabled, Stats, Remote Play on Phone, Remote Play on Tablet, Remote Play on TV, Steam Timeline",True,False,True,0,,5091359.0,,,,
1172470,Apex Legends™,game,True,"4 Nov, 2020",Respawn,Electronic Arts,"Action, Adventure, Free To Play","Multi-player, PvP, Online PvP, Co-op, Online Co-op, Steam Achievements, Full controller support, Steam Trading Cards, In-App Purchases, Chat Speech-to-text, Playable without Timed Input",True,False,False,0,88.0,1576.0,,,,
578080,PUBG: BATTLEGROUNDS,game,True,"21 Dec, 2017",PUBG Corporation,"KRAFTON, Inc.","Action, Adventure, Massively Multiplayer, Free To Play","Multi-player, PvP, Online PvP, Custom Volume Controls, Stereo Sound, Surround Sound, Stats, Remote Play on Phone, Remote Play on Tablet",True,False,False,16,,1760045.0,,,,
1623730,Palworld,game,False,"18 Jan, 2024",Pocketpair,Pocketpair,"Action, Adventure, Indie, RPG, Early Access","Single-player, Multi-player, Co-op, Online Co-op, Cross-Platform Multiplayer, Steam Achievements, Full controller support, Steam Trading Cards, Steam Workshop, Steam Cloud, Family Sharing",True,False,False,0,,354693.0,CAD,3899.0,3899.0,0.0
440,Team Fortress 2,game,True,"10 Oct, 2007",Valve,Valve,"Action, Free To Play","Multi-player, Cross-Platform Multiplayer, Steam Achievements, Steam Trading Cards, Captions available, Steam Workshop, In-App Purchases, Camera Comfort, Color Alternatives, Custom Volume Controls, Stereo Sound, Surround Sound, Partial Controller Support, Valve Anti-Cheat enabled, Stats, Includes level editor, Commentary available, Remote Play on Phone, Remote Play on Tablet",True,False,True,0,92.0,46909.0,,,,
1938090,Call of Duty®,game,False,"27 Oct, 2022","Treyarch, Raven Software, Beenox, High Moon Studios, Sledgehammer Games, Infinity Ward, Activision Shanghai, Demonware",Activision,Action,"Single-player, Multi-player, PvP, Online PvP, Co-op, Online Co-op, Cross-Platform Multiplayer, Steam Achievements, Captions available, In-App Purchases, Adjustable Text Size, Camera Comfort, Color Alternatives, Custom Volume Controls, Playable without Timed Input, Stereo Sound, Subtitle Options, Surround Sound, Partial Controller Support, HDR available",True,False,False,18,,408466.0,,,,
1063730,New World: Aeternum,game,False,"28 Sep, 2021",Amazon Game Studios,Amazon Game Studios,"Action, Adventure, Massively Multiplayer, RPG","Multi-player, MMO, PvP, Online PvP, Co-op, Online Co-op, Steam Achievements, In-App Purchases, Adjustable Text Size, Camera Comfort, Chat Speech-to-text, Chat Text-to-speech, Color Alternatives, Custom Volume Controls, Keyboard Only Option, Playable without Timed Input, Save Anytime, Stereo Sound, Subtitle Options, Surround Sound, Partial Controller Support",True,False,False,0,,253841.0,,,,
2358720,Black Myth: Wukong,game,False,"19 Aug, 2024",Game Science,Game Science,"Action, Adventure, RPG","Single-player, Steam Achievements, Full controller support, Steam Trading Cards, Playable without Timed Input, Stereo Sound, Surround Sound, Steam Cloud, Family Sharing",True,False,False,0,,872332.0,JPY,759000.0,759000.0,0.0
271590,Grand Theft Auto V Legacy,game,False,"13 Apr, 2015",Rockstar North,Rockstar Games,"Action, Adventure","Single-player, Multi-player, PvP, Online PvP, Co-op, Online Co-op, Steam Achievements, Full controller support, Remote Play on Phone, Remote Play on Tablet, Remote Play on TV",True,False,False,17,96.0,1878575.0,,,,
550,Left 4 Dead 2,game,False,"16 Nov, 2009",Valve,Valve,Action,"Single-player, Multi-player, PvP, Online PvP, Co-op, Online Co-op, Steam Achievements, Full controller support, Steam Trading Cards, Captions available, Steam Workshop, Camera Comfort, Color Alternatives, Custom Volume Controls, Adjustable Difficulty, Playable without Timed Input, Stereo Sound, Surround Sound, Steam Cloud, Valve Anti-Cheat enabled, Stats, Includes Source SDK, Commentary available, Remote Play on Phone, Remote Play on Tablet, Remote Play on TV, Remote Play Together, Family Sharing, Steam Timeline",True,False,True,0,89.0,794512.0,EUR,975.0,975.0,0.0
304930,Unturned,game,True,"7 Jul, 2017",Smartly Dressed Games,Smartly Dressed Games,"Action, Adventure, Casual, Indie, Free To Play","Single-player, Multi-player, PvP, Online PvP, LAN PvP, Co-op, Online Co-op, LAN Co-op, Steam Achievements, Steam Trading Cards, Steam Workshop, In-App Purchases, Camera Comfort, Custom Volume Controls, Adjustable Difficulty, Playable without Timed Input, Stereo Sound, Steam Cloud, Valve Anti-Cheat enabled, Stats, Includes level editor, Remote Play on Tablet",True,True,True,0,,7518.0,,,,
1599340,Lost Ark,game,True,"11 Feb, 2022",Smilegate RPG,Amazon Game Studios,"Action, Adventure, Massively Multiplayer, RPG, Free To Play","Single-player, Multi-player, MMO, PvP, Online PvP, Co-op, Online Co-op, Steam Achievements, In-App Purchases, Adjustable Text Size, Camera Comfort, Color Alternatives, Custom Volume Controls, Keyboard Only Option, Playable without Timed Input, Save Anytime, Partial Controller Support",True,False,False,18,,65227.0,,,,
236390,War Thunder,game,True,"15 Aug, 2013",Gaijin Entertainment,Gaijin Network Ltd,"Action, Massively Multiplayer, Simulation, Free To Play","Single-player, Multi-player, MMO, PvP, Online PvP, Co-op, Online Co-op, Cross-Platform Multiplayer, Steam Achievements, Full controller support, VR Supported, Steam Trading Cards, In-App Purchases, Adjustable Text Size, Camera Comfort, Color Alternatives, Custom Volume Controls, Playable without Timed Input, Stereo Sound, Surround Sound, Remote Play on Phone, Remote Play on Tablet",True,True,True,0,81.0,1968.0,,,,
2246340,Monster Hunter Wilds,game,False,"Feb 27, 2025","CAPCOM Co., Ltd.","CAPCOM Co., Ltd.","Action, Adventure, RPG","Single-player, Multi-player, Co-op, Online Co-op, Cross-Platform Multiplayer, Steam Achievements, Full controller support, Steam Trading Cards, Adjustable Text Size, Camera Comfort, Color Alternatives, Custom Volume Controls, Keyboard Only Option, Stereo Sound, Subtitle Options, Surround Sound, Steam Cloud, HDR available, Family Sharing",True,False,False,0,,193398.0,USD,6999.0,6999.0,0.0
553850,HELLDIVERS™ 2,game,False,"8 Feb, 2024",Arrowhead Game Studios,PlayStation Publishing LLC,Action,"Multi-player, Co-op, Online Co-op, Steam Achievements, In-App Purchases, Adjustable Text Size, Camera Comfort, Chat Speech-to-text, Chat Text-to-speech, Color Alternatives, Custom Volume Controls, Adjustable Difficulty, Narrated Game Menus, Playable without Timed Input, Stereo Sound, Subtitle Options, Surround Sound, Partial Controller Support, Family Sharing",True,False,False,18,,825761.0,KZT,1674900.0,1674900.0,0.0
230410,Warframe,game,True,"25 Mar, 2013",Digital Extremes,Digital Extremes,"Action, RPG, Free To Play","Single-player, Multi-player, Co-op, Online Co-op, Cross-Platform Multiplayer, Steam Achievements, Full controller support, Steam Trading Cards, Steam Workshop, In-App Purchases, Camera Comfort, Color Alternatives, Custom Volume Controls, Playable without Timed Input, Stereo Sound, Surround Sound, Remote Play on Phone, Remote Play on Tablet, Remote Play on TV, HDR available",True,False,False,17,69.0,2882.0,,,,
1245620,ELDEN RING,game,False,"24 Feb, 2022","FromSoftware, Inc.","FromSoftware, Inc., Bandai Namco Entertainment","Action, RPG","Single-player, Multi-player, PvP, Online PvP, Co-op, Online Co-op, Steam Achievements, Full controller support, Steam Trading Cards, Camera Comfort, Custom Volume Controls, Playable without Timed Input, Save Anytime, Stereo Sound, Surround Sound, Steam Cloud, Family Sharing",True,False,False,16,94.0,817274.0,KZT,1799900.0,1799900.0,0.0
105600,Terraria,game,False,"16 May, 2011",Re-Logic,Re-Logic,"Action, Adventure, Indie, RPG","Single-player, Multi-player, PvP, Online PvP, Co-op, Online Co-op, Steam Achievements, Full controller support, Steam Trading Cards, Steam Cloud, Remote Play on Phone, Remote Play on Tablet, Remote Play on TV, Family Sharing",True,True,True,0,83.0,1214280.0,EUR,975.0,975.0,0.0
2694490,Path of Exile 2,game,False,"6 Dec, 2024",Grinding Gear Games,Grinding Gear Games,"Action, Adventure, Massively Multiplayer, RPG, Early Access","Single-player, Multi-player, MMO, Co-op, Online Co-op, Full controller support, HDR available",True,False,False,0,,154011.0,KZT,789600.0,789600.0,0.0
431960,Wallpaper Engine,game,False,"16 Nov, 2018",Wallpaper Engine Team,Wallpaper Engine Team,"Casual, Indie, Animation & Modeling, Design & Illustration, Photo Editing, Utilities","Steam Achievements, Steam Trading Cards, Steam Workshop, Steam Workshop, Includes level editor",True,False,False,0,,911498.0,USD,299.0,299.0,0.0
1086940,Baldur's Gate 3,game,False,"3 Aug, 2023",Larian Studios,Larian Studios,"Adventure, RPG, Strategy","Single-player, Multi-player, Co-op, Online Co-op, LAN Co-op, Cross-Platform Multiplayer, Steam Achievements, Full controller support, Steam Trading Cards, Adjustable Text Size, Camera Comfort, Color Alternatives, Custom Volume Controls, Adjustable Difficulty, Playable without Timed Input, Save Anytime, Stereo Sound, Subtitle Options, Surround Sound, Steam Cloud, Remote Play on TV, Remote Play Together, Family Sharing",True,True,False,18,96.0,739244.0,KZT,1400000.0,1400000.0,0.0
291550,Brawlhalla,game,True,"17 Oct, 2017",Blue Mammoth Games,Ubisoft,"Action, Indie, Free To Play","Single-player, Multi-player, PvP, Online PvP, Shared/Split Screen PvP, Co-op, Online Co-op, Shared/Split Screen Co-op, Shared/Split Screen, Cross-Platform Multiplayer, Steam Achievements, Steam Trading Cards, Partial Controller Support, Remote Play on Phone, Remote Play on Tablet, Remote Play on TV, Remote Play Together",True,True,False,0,,2896.0,,,,
4000,Garry's Mod,game,False,"29 Nov, 2006",Facepunch Studios,Valve,"Casual, Indie, Simulation","Single-player, Multi-player, PvP, Online PvP, LAN PvP, Co-op, Online Co-op, LAN Co-op, Cross-Platform Multiplayer, Steam Achievements, Steam Trading Cards, Captions available, Steam Workshop, Color Alternatives, Custom Volume Controls, Adjustable Difficulty, Playable without Timed Input, Save Anytime, Stereo Sound, Steam Cloud, Valve Anti-Cheat enabled, Includes level editor, Includes Source SDK, Remote Play on Tablet, Family Sharing",True,True,True,0,,1068033.0,EUR,999.0,999.0,0.0
1085660,Destiny 2,game,True,"1 Oct, 2019",Bungie,Bungie,"Action, Adventure, Free To Play","Single-player, Multi-player, PvP, Online PvP, Co-op, Online Co-op, Steam Achievements, In-App Purchases, Color Alternatives, Custom Volume Controls, Subtitle Options, Partial Controller Support",True,False,False,0,83.0,134470.0,,,,
359550,Tom Clancy's Rainbow Six Siege,game,True,"1 Dec, 2015",Ubisoft Montreal,Ubisoft,"Action, Free To Play","Single-player, Multi-player, PvP, Online PvP, Co-op, Online Co-op, Full controller support, Steam Trading Cards, In-App Purchases, Remote Play on Phone, Remote Play on Tablet",True,False,False,0,,1241501.0,,,,
252490,Rust,game,False,"8 Feb, 2018",Facepunch Studios,Facepunch Studios,"Action, Adventure, Indie, Massively Multiplayer, RPG","Multi-player, MMO, PvP, Online PvP, Co-op, Online Co-op, Cross-Platform Multiplayer, Steam Achievements, Steam Trading Cards, Steam Workshop, In-App Purchases, Adjustable Text Size, Camera Comfort, Color Alternatives, Custom Volume Controls, Adjustable Difficulty, Stereo Sound, Subtitle Options, Surround Sound, Valve Anti-Cheat enabled, Stats, Remote Play on Tablet",True,True,False,0,69.0,1136292.0,GBP,3499.0,3499.0,0.0
552990,World of Warships,game,True,"15 Nov, 2017",Wargaming Group Limited,Wargaming Group Limited,"Action, Massively Multiplayer, Simulation, Strategy, Free To Play","Multi-player, MMO, PvP, Online PvP, Co-op, Online Co-op, Steam Achievements, Steam Trading Cards, In-App Purchases, Adjustable Text Size, Camera Comfort, Color Alternatives, Custom Volume Controls, Playable without Timed Input, Steam Cloud",True,False,False,0,81.0,2024.0,,,,
346110,ARK: Survival Evolved,game,False,"27 Aug, 2017","Studio Wildcard, Instinct Games, Efecto Studios, Virtual Basement LLC","Studio Wildcard, Snail Games USA","Action, Adventure, Indie, Massively Multiplayer, RPG","Single-player, Multi-player, MMO, Co-op, Steam Achievements, Full controller support, Steam Workshop, Steam Cloud, Valve Anti-Cheat enabled, Includes level editor, Remote Play on Tablet, Family Sharing",True,True,False,0,70.0,578060.0,EUR,1479.0,976.0,34.0
413150,Stardew Valley,game,False,"26 Feb, 2016",ConcernedApe,ConcernedApe,"Indie, RPG, Simulation","Single-player, Multi-player, Co-op, Online Co-op, LAN Co-op, Shared/Split Screen Co-op, Shared/Split Screen, Steam Achievements, Full controller support, Steam Trading Cards, Steam Cloud, Remote Play on Phone, Remote Play on Tablet, Remote Play Together, Family Sharing",True,True,True,0,89.0,864999.0,USD,599.0,599.0,0.0
242760,The Forest,game,False,"30 Apr, 2018",Endnight Games Ltd,Endnight Games Ltd,"Action, Adventure, Indie, Simulation","Single-player, Multi-player, Co-op, Online Co-op, LAN Co-op, Tracked Controller Support, VR Supported, Partial Controller Support, Steam Cloud, Family Sharing",True,False,False,0,83.0,570186.0,GBP,1549.0,1549.0,0.0
1491000,War Robots: Frontiers,game,True,"4 Mar, 2025",MY.GAMES,MY.GAMES,"Action, Simulation, Free To Play","Multi-player, PvP, Online PvP, Cross-Platform Multiplayer, Steam Achievements, Full controller support, In-App Purchases, Camera Comfort, Custom Volume Controls, Playable without Timed Input, Stereo Sound, Subtitle Options, Surround Sound",True,False,False,0,,736.0,,,,
238960,Path of Exile,game,True,"23 Oct, 2013",Grinding Gear Games,Grinding Gear Games,"Action, Adventure, Indie, Massively Multiplayer, RPG, Free To Play","Single-player, Multi-player, MMO, PvP, Online PvP, Co-op, Online Co-op, Steam Achievements, Full controller support, Steam Trading Cards, In-App Purchases, Remote Play on Tablet",True,True,False,0,86.0,1028.0,,,,
218620,PAYDAY 2,game,False,"Aug 13, 2013",OVERKILL - a Starbreeze Studio.,Starbreeze Entertainment,"Action, RPG","Single-player, Multi-player, Co-op, Online Co-op, Steam Achievements, Full controller support, Tracked Controller Support, VR Supported, Steam Trading Cards, In-App Purchases, Camera Comfort, Custom Volume Controls, Adjustable Difficulty, Playable without Timed Input, Stereo Sound, Steam Cloud, Remote Play on Phone, Remote Play on Tablet, Remote Play on TV, Family Sharing",True,False,True,18,79.0,443446.0,USD,999.0,499.0,50.0
901583,Grand Theft Auto IV: Complete Edition,game,False,,"Rockstar North, Rockstar Toronto",Rockstar Games,"Action, Adventure","Single-player, Multi-player, Partial Controller Support",True,False,False,0,90.0,172557.0,,,,
899770,Last Epoch,game,False,"21 Feb, 2024",Eleventh Hour Games,Eleventh Hour Games,"Action, Adventure, Indie, RPG","Single-player, Multi-player, Co-op, Online Co-op, Full controller support, In-App Purchases, Adjustable Text Size, Camera Comfort, Color Alternatives, Custom Volume Controls, Stereo Sound, Steam Cloud",True,False,False,0,80.0,106232.0,KZT,880000.0,880000.0,0.0
340,Half-Life 2: Lost Coast,game,False,"27 Oct, 2005",Valve,Valve,Action,"Single-player, Camera Comfort, Custom Volume Controls, Adjustable Difficulty, Playable without Timed Input, Save Anytime, Stereo Sound, Subtitle Options, Surround Sound, Commentary available, Family Sharing",True,False,True,0,,10551.0,,,,
1091500,Cyberpunk 2077,game,False,"9 Dec, 2020",CD PROJEKT RED,CD PROJEKT RED,RPG,"Single-player, Steam Achievements, Full controller support, Steam Trading Cards, Adjustable Text Size, Camera Comfort, Color Alternatives, Custom Volume Controls, Adjustable Difficulty, Playable without Timed Input, Save Anytime, Stereo Sound, Subtitle Options, Surround Sound, Steam Cloud, HDR available, Family Sharing",True,True,False,18,86.0,850801.0,EUR,5999.0,5999.0,0.0
381210,Dead by Daylight,game,False,"14 Jun, 2016",Behaviour Interactive Inc.,Behaviour Interactive Inc.,Action,"Multi-player, PvP, Online PvP, Co-op, Online Co-op, Cross-Platform Multiplayer, Steam Achievements, Full controller support, Steam Trading Cards, Color Alternatives, Custom Volume Controls, Stereo Sound, Subtitle Options, Surround Sound, Steam Cloud, Remote Play on Phone, Remote Play on Tablet, Remote Play on TV, Family Sharing",True,False,False,18,,657998.0,KZT,617700.0,617700.0,0.0
990080,Hogwarts Legacy,game,False,"10 Feb, 2023",Avalanche Software,Warner Bros. Games,"Action, Adventure, RPG","Single-player, Steam Achievements, Full controller support, In-App Purchases, Adjustable Text Size, Camera Comfort, Custom Volume Controls, Narrated Game Menus, Save Anytime, Stereo Sound, Surround Sound, Steam Cloud, HDR available, Family Sharing",True,False,False,0,83.0,268874.0,KZT,2299900.0,2299900.0,0.0
438100,VRChat,game,True,"1 Feb, 2017",VRChat Inc.,VRChat Inc.,"Adventure, Casual, Massively Multiplayer, Simulation, Sports, Free To Play, Early Access","Multi-player, MMO, PvP, Online PvP, Co-op, Online Co-op, Cross-Platform Multiplayer, Full controller support, Tracked Controller Support, VR Supported, In-App Purchases",True,False,False,0,,147.0,,,,
292030,The Witcher 3: Wild Hunt,game,False,"18 May, 2015",CD PROJEKT RED,CD PROJEKT RED,RPG,"Single-player, Steam Achievements, Steam Trading Cards, Steam Workshop, Adjustable Text Size, Camera Comfort, Color Alternatives, Custom Volume Controls, Adjustable Difficulty, Playable without Timed Input, Save Anytime, Stereo Sound, Surround Sound, Partial Controller Support, Steam Cloud, Remote Play on Tablet, Remote Play on TV, HDR available, Family Sharing",True,False,False,18,93.0,815421.0,KZT,1199900.0,1199900.0,0.0
945360,Among Us,game,False,"16 Nov, 2018",Innersloth,Innersloth,Casual,"Multi-player, PvP, Online PvP, LAN PvP, Co-op, Online Co-op, LAN Co-op, Cross-Platform Multiplayer, Steam Achievements, Full controller support, Steam Trading Cards, In-App Purchases, Remote Play on Phone, Remote Play on Tablet, Family Sharing",True,False,False,0,85.0,642370.0,USD,249.0,249.0,0.0
1097150,Fall Guys,game,False,"3 Aug, 2020",Mediatonic,,"Action, Casual, Indie, Massively Multiplayer, Sports","Multi-player, MMO, PvP, Online PvP, Co-op, Online Co-op, Steam Achievements, In-App Purchases, Partial Controller Support, Remote Play on Phone, Remote Play on Tablet",True,False,False,0,80.0,412666.0,,,,
49520,Borderlands 2,game,False,"20 Sep, 2012","Gearbox Software, Aspyr (Mac), Aspyr (Linux)","2K, Aspyr (Mac), Aspyr (Linux)","Action, RPG","Single-player, Multi-player, Co-op, Steam Achievements, Full controller support, Steam Trading Cards, Steam Cloud, Remote Play on Phone, Remote Play on Tablet, Remote Play on TV, Family Sharing",True,True,True,17,89.0,214712.0,KZT,265000.0,265000.0,0.0
227300,Euro Truck Simulator 2,game,False,"12 Oct, 2012",SCS Software,SCS Software,"Indie, Simulation","Single-player, Multi-player, Co-op, Online Co-op, Steam Achievements, Steam Trading Cards, Steam Workshop, Camera Comfort, Custom Volume Controls, Adjustable Difficulty, Keyboard Only Option, Playable without Timed Input, Save Anytime, Stereo Sound, Surround Sound, Partial Controller Support, Steam Cloud, Includes level editor, Remote Play on Phone, Remote Play on Tablet, Remote Play Together, Family Sharing",True,True,True,0,79.0,763389.0,KZT,520000.0,130000.0,75.0
892970,Valheim,game,False,"2 Feb, 2021",Iron Gate AB,Coffee Stain Publishing,"Action, Adventure, Indie, RPG, Early Access","Single-player, Multi-player, Co-op, Online Co-op, Full controller support, Camera Comfort, Custom Volume Controls, Adjustable Difficulty, Save Anytime, Stereo Sound, Steam Cloud, Remote Play on Tablet, Family Sharing",True,True,True,0,,452217.0,KZT,730000.0,730000.0,0.0
739630,Phasmophobia,game,False,"18 Sep, 2020",Kinetic Games,Kinetic Games,"Action, Indie, Early Access","Single-player, Multi-player, Co-op, Online Co-op, Steam Achievements, Full controller support, Tracked Controller Support, VR Supported, Steam Trading Cards, Camera Comfort, Adjustable Difficulty, Playable without Timed Input, Stereo Sound, Surround Sound, Steam Cloud, Remote Play on Phone, Remote Play on Tablet, Family Sharing",True,False,False,0,,675155.0,EUR,1899.0,1899.0,0.0
444090,Paladins®,game,True,"8 May, 2018",Evil Mojo Games,Hi-Rez Studios,"Action, Adventure, Massively Multiplayer, Strategy, Free To Play","Multi-player, PvP, Online PvP, Cross-Platform Multiplayer, Steam Achievements, Full controller support, Steam Trading Cards, In-App Purchases, Remote Play on Phone, Remote Play on Tablet",True,False,False,0,83.0,8736.0,,,,
1203220,NARAKA: BLADEPOINT,game,True,"11 Aug, 2021",24 Entertainment,NetEase Games ,"Action, Adventure, Massively Multiplayer, Free To Play","Multi-player, PvP, Online PvP, Steam Achievements, Steam Trading Cards, In-App Purchases, Partial Controller Support, HDR available",True,False,False,0,,197661.0,,,,
320,Half-Life 2: Deathmatch,game,False,"1 Nov, 2004",Valve,Valve,Action,"Multi-player, Custom Volume Controls, Playable without Timed Input, Stereo Sound, Surround Sound, Valve Anti-Cheat enabled, Includes Source SDK, Family Sharing",True,False,True,0,,10102.0,,,,
70,Half-Life,game,False,"19 Nov, 1998",Valve,Valve,Action,"Single-player, Multi-player, PvP, Online PvP, Full controller support, Color Alternatives, Custom Volume Controls, Adjustable Difficulty, Keyboard Only Option, Playable without Timed Input, Save Anytime, Stereo Sound, Steam Cloud, Valve Anti-Cheat enabled, Remote Play on Phone, Remote Play on Tablet, Family Sharing",True,True,True,0,96.0,114436.0,KZT,185000.0,185000.0,0.0
582010,Monster Hunter: World,game,False,"8 Aug, 2018","CAPCOM Co., Ltd.","CAPCOM Co., Ltd.",Action,"Single-player, Multi-player, Co-op, Steam Achievements, Steam Trading Cards, Adjustable Text Size, Camera Comfort, Custom Volume Controls, Keyboard Only Option, Stereo Sound, Surround Sound, Partial Controller Support, Steam Cloud, Stats, Steam Leaderboards, Remote Play on Tablet, HDR available, Family Sharing",True,False,False,0,88.0,315233.0,EUR,2999.0,2999.0,0.0
227940,Heroes & Generals,game,False,"18 Oct, 2016",TLM Partners,TLM Partners,"Action, Free To Play, Indie, Massively Multiplayer, Strategy","Multi-player, MMO, PvP, Online PvP, Co-op, Online Co-op, In-App Purchases, Stats, Family Sharing",True,False,False,0,,2350.0,,,,
252950,Rocket League®,game,False,"6 Jul, 2015",Psyonix LLC,Psyonix LLC,"Action, Indie, Racing, Sports","Single-player, Multi-player, PvP, Online PvP, Shared/Split Screen PvP, Co-op, Online Co-op, Shared/Split Screen Co-op, Shared/Split Screen, Cross-Platform Multiplayer, Steam Achievements, Steam Trading Cards, Steam Workshop, Partial Controller Support, Steam Cloud, Stats, Remote Play on Phone, Remote Play on Tablet, Remote Play on TV, Remote Play Together, Family Sharing",True,False,False,0,86.0,435374.0,,,,
108600,Project Zomboid,game,False,"8 Nov, 2013",The Indie Stone,The Indie Stone,"Indie, RPG, Simulation, Early Access","Single-player, Multi-player, PvP, Online PvP, Co-op, Online Co-op, Shared/Split Screen Co-op, Shared/Split Screen, Cross-Platform Multiplayer, Steam Trading Cards, Steam Workshop, Partial Controller Support, Steam Cloud, Remote Play Together, Family Sharing",True,True,True,0,,341507.0,KZT,520000.0,520000.0,0.0
1966720,Lethal Company,game,False,"23 Oct, 2023",Zeekerss,Zeekerss,"Action, Adventure, Indie, Early Access","Single-player, Multi-player, Co-op, Online Co-op, Custom Volume Controls, Stereo Sound, Partial Controller Support, Family Sharing",True,False,False,0,,408917.0,KZT,290000.0,188500.0,35.0
1174180,Red Dead Redemption 2,game,False,"5 Dec, 2019",Rockstar Games,Rockstar Games,"Action, Adventure","Single-player, Multi-player, PvP, Online PvP, Co-op, Online Co-op, Steam Achievements, In-App Purchases, Partial Controller Support, Remote Play on Phone, Remote Play on Tablet",True,False,False,0,93.0,808472.0,GBP,5999.0,1499.0,75.0
1517290,Battlefield™ 2042,game,False,"19 Nov, 2021",DICE,Electronic Arts,"Action, Adventure, Casual","Multi-player, PvP, Online PvP, Co-op, Online Co-op, Steam Achievements, Full controller support, Steam Trading Cards, In-App Purchases, Color Alternatives, Custom Volume Controls, Stereo Sound, Surround Sound, HDR available",True,False,False,0,,259116.0,USD,5999.0,5999.0,0.0
1240440,Halo Infinite,game,True,"15 Nov, 2021",343 Industries,Xbox Game Studios,"Action, Free To Play","Multi-player, PvP, Online PvP, LAN PvP, Cross-Platform Multiplayer, Steam Achievements, Full controller support, In-App Purchases, Steam Cloud, Includes level editor, Remote Play on TV",True,False,False,0,,34338.0,,,,
648800,Raft,game,False,"20 Jun, 2022",Redbeet Interactive,Axolot Games,"Adventure, Indie, Simulation","Single-player, Multi-player, Co-op, Online Co-op, Steam Achievements, Steam Cloud, Family Sharing",True,False,False,0,,317415.0,USD,1099.0,1099.0,0.0
386360,SMITE®,game,True,"8 Sep, 2015",Titan Forge Games,Hi-Rez Studios,"Action, Adventure, Casual, Indie, Massively Multiplayer, RPG, Simulation, Strategy, Free To Play","Multi-player, PvP, Steam Achievements, Full controller support, Steam Trading Cards, In-App Purchases",True,False,False,0,83.0,1392.0,,,,
444200,World of Tanks Blitz,game,True,"9 Nov, 2016",Wargaming Group Limited,Wargaming Group Limited,"Action, Massively Multiplayer, Simulation, Strategy, Free To Play","Multi-player, MMO, PvP, Online PvP, Co-op, Online Co-op, Cross-Platform Multiplayer, Steam Trading Cards, In-App Purchases, Camera Comfort, Color Alternatives, Custom Volume Controls, Save Anytime, Stereo Sound, Touch Only Option",True,True,False,0,,928.0,,,,
10,Counter-Strike,game,False,"1 Nov, 2000",Valve,Valve,Action,"Multi-player, PvP, Online PvP, Shared/Split Screen PvP, Color Alternatives, Custom Volume Controls, Keyboard Only Option, Stereo Sound, Valve Anti-Cheat enabled, Family Sharing",True,True,True,0,88.0,167993.0,KZT,185000.0,185000.0,0.0
240,Counter-Strike: Source,game,False,"1 Nov, 2004",Valve,Valve,Action,"Multi-player, Cross-Platform Multiplayer, Steam Achievements, Camera Comfort, Color Alternatives, Custom Volume Controls, Stereo Sound, Subtitle Options, Surround Sound, Steam Cloud, Valve Anti-Cheat enabled, Stats, Includes Source SDK, Family Sharing",True,False,True,0,88.0,133769.0,KZT,290000.0,290000.0,0.0
3164500,Schedule I,game,False,"24 Mar, 2025",TVGS,TVGS,"Action, Indie, Simulation, Strategy, Early Access","Single-player, Multi-player, Co-op, Online Co-op, Steam Achievements, Adjustable Text Size, Camera Comfort, Custom Volume Controls, Playable without Timed Input, Save Anytime, Stereo Sound, Steam Cloud, Family Sharing",True,False,False,0,,273526.0,KZT,520000.0,520000.0,0.0
755790,Ring of Elysium,game,False,"24 Jun, 2019",Aurora Studio,TCH Scarlet Limited,"Action, Free To Play, Massively Multiplayer","Multi-player, PvP, Online PvP, Family Sharing",True,False,False,0,,713.0,,,,
400,Portal,game,False,"10 Oct, 2007",Valve,Valve,Action,"Single-player, Steam Achievements, Full controller support, Captions available, Camera Comfort, Custom Volume Controls, Save Anytime, Stereo Sound, Subtitle Options, Surround Sound, Includes level editor, Includes Source SDK, Commentary available, Remote Play on Phone, Remote Play on Tablet, Family Sharing",True,False,True,0,90.0,168969.0,EUR,975.0,975.0,0.0
1222670,The Sims™ 4,game,True,"18 Jun, 2020",Maxis,Electronic Arts,"Adventure, Casual, Simulation, Free To Play","Single-player, Steam Trading Cards, In-App Purchases, Mouse Only Option, Playable without Timed Input, Save Anytime, Stereo Sound, Surround Sound, Remote Play on Tablet",True,False,False,0,,83007.0,,,,
550650,Black Squad,game,True,"26 Jun, 2019","VALOFE, NS STUDIO",VALOFE,"Action, Free To Play","Multi-player, Steam Achievements, Steam Trading Cards, In-App Purchases",True,False,False,0,,,,,,
322330,Don't Starve Together,game,False,"Apr 21, 2016",Klei Entertainment,Klei Entertainment,"Action, Adventure, Indie, RPG, Simulation, Strategy","Single-player, Multi-player, PvP, Online PvP, LAN PvP, Co-op, Online Co-op, LAN Co-op, Full controller support, Steam Trading Cards, Steam Workshop, In-App Purchases, Adjustable Text Size, Camera Comfort, Color Alternatives, Custom Volume Controls, Adjustable Difficulty, Keyboard Only Option, Mouse Only Option, Playable without Timed Input, Save Anytime, Stereo Sound, Remote Play on Phone, Remote Play on Tablet, Remote Play on TV, Family Sharing",True,True,True,0,83.0,366726.0,USD,1499.0,1499.0,0.0
239140,Dying Light,game,False,"26 Jan, 2015",Techland,Techland,"Action, RPG","Single-player, Multi-player, PvP, Online PvP, Co-op, Online Co-op, Steam Achievements, Full controller support, Steam Trading Cards, Steam Workshop, Steam Cloud, Valve Anti-Cheat enabled, Includes level editor, Remote Play on Tablet, Remote Play on TV, Family Sharing",True,True,True,18,87.0,371220.0,USD,1800.0,360.0,80.0
477160,Human Fall Flat,game,False,"22 Jul, 2016",No Brakes Games,Curve Games,"Adventure, Casual, Indie, Simulation","Single-player, Multi-player, PvP, Online PvP, Co-op, Shared/Split Screen Co-op, Shared/Split Screen, Steam Achievements, Full controller support, Steam Trading Cards, Steam Workshop, Color Alternatives, Custom Volume Controls, Keyboard Only Option, Playable without Timed Input, Stereo Sound, Surround Sound, Steam Cloud, Stats, Remote Play on TV, Remote Play Together, Family Sharing",True,True,False,0,70.0,172758.0,KZT,300000.0,300000.0,0.0
251570,7 Days to Die,game,False,"25 Jul, 2024",The Fun Pimps,The Fun Pimps Entertainment LLC,"Action, Adventure, Indie, RPG, Simulation, Strategy","Single-player, Multi-player, PvP, Online PvP, LAN PvP, Co-op, Online Co-op, LAN Co-op, Cross-Platform Multiplayer, Steam Achievements, Full controller support, Steam Trading Cards, Includes level editor, Remote Play on Tablet, Remote Play on TV, Family Sharing",True,True,True,0,,272528.0,USD,2099.0,2099.0,0.0
100,Counter-Strike: Condition Zero,game,False,"1 Mar, 2004",Valve,Valve,Action,"Single-player, Multi-player, Color Alternatives, Custom Volume Controls, Adjustable Difficulty, Stereo Sound, Valve Anti-Cheat enabled, Family Sharing",True,True,True,0,65.0,21065.0,KZT,185000.0,185000.0,0.0
1665460,eFootball™,game,True,"29 Sep, 2021",KONAMI,KONAMI,"Simulation, Sports, Free To Play","Single-player, Multi-player, PvP, Online PvP, Shared/Split Screen PvP, Co-op, Online Co-op, Shared/Split Screen Co-op, Shared/Split Screen, Cross-Platform Multiplayer, In-App Purchases, Partial Controller Support",True,False,False,0,,1209.0,,,,
417910,Street Warriors Online,game,False,"16 Dec, 2016",Crazy Rocks Studios,Crazy Rocks Studios,"Action, Massively Multiplayer, Simulation, Sports","Multi-player, PvP, Online PvP, Steam Achievements, Steam Trading Cards, In-App Purchases, Partial Controller Support, Stats, Family Sharing",True,False,False,0,,322.0,KZT,45000.0,45000.0,0.0
433850,Z1 Battle Royale,game,True,"28 Feb, 2018",Daybreak Game Company,Daybreak Game Company,"Action, Adventure, Free To Play, Massively Multiplayer","Multi-player, PvP, Online PvP, In-App Purchases",True,False,False,0,70.0,143111.0,,,,
594650,Hunt: Showdown 1896,game,False,"27 Aug, 2019",Crytek,Crytek,Action,"Multi-player, PvP, Online PvP, Co-op, Online Co-op, Steam Achievements, Full controller support, Steam Trading Cards, In-App Purchases, Steam Leaderboards, Remote Play on Tablet, Remote Play on TV",True,False,False,18,81.0,208405.0,INR,124900.0,124900.0,0.0
814380,Sekiro™: Shadows Die Twice - GOTY Edition,game,False,"21 Mar, 2019","FromSoftware, Inc.","Activision (Excluding Japan and Asia), FromSoftware, Inc. (Japan), 方块游戏 (Asia)","Action, Adventure","Single-player, Steam Achievements, Full controller support, Steam Trading Cards, Steam Cloud, Remote Play on Tablet, Remote Play on TV, Family Sharing",True,False,False,17,88.0,253819.0,KZT,2713700.0,2713700.0,0.0
1116170,CyberCorp,game,False,"22 Apr, 2025",Megame LLC,Megame LLC,"Action, Adventure, Indie, RPG","Single-player, Multi-player, Co-op, Online Co-op, Steam Achievements, Steam Trading Cards, Camera Comfort, Custom Volume Controls, Playable without Timed Input, Stereo Sound, Partial Controller Support, Steam Cloud, Family Sharing",True,False,False,0,,330.0,KZT,219900.0,219900.0,0.0
220,Half-Life 2,game,False,"16 Nov, 2004",Valve,Valve,Action,"Single-player, Steam Achievements, Full controller support, Steam Trading Cards, Captions available, Steam Workshop, Camera Comfort, Custom Volume Controls, Adjustable Difficulty, Playable without Timed Input, Save Anytime, Stereo Sound, Subtitle Options, Surround Sound, Steam Cloud, Includes Source SDK, Commentary available, Remote Play on Phone, Remote Play on Tablet, Remote Play Together, Family Sharing, Steam Timeline",True,False,True,0,96.0,197859.0,MXN,12399.0,12399.0,0.0
107410,Arma 3,game,False,"12 Sep, 2013",Bohemia Interactive,Bohemia Interactive,"Action, Simulation, Strategy","Single-player, Multi-player, PvP, Online PvP, LAN PvP, Co-op, Online Co-op, LAN Co-op, Steam Achievements, Steam Trading Cards, Captions available, Steam Workshop, Stats, Steam Leaderboards, Includes level editor, Steam Timeline",True,True,False,0,74.0,229051.0,EUR,2999.0,2999.0,0.0
1326470,Sons Of The Forest,game,False,"22 Feb, 2024",Endnight Games Ltd,Newnight ,"Action, Adventure, Indie, Simulation","Single-player, Multi-player, Co-op, Online Co-op, Steam Achievements, Full controller support, Steam Cloud, Family Sharing",True,False,False,0,,270671.0,GBP,2499.0,2499.0,0.0
219990,Grim Dawn,game,False,"25 Feb, 2016",Crate Entertainment,Crate Entertainment,"Action, Adventure, Indie, RPG","Single-player, Multi-player, Co-op, Online Co-op, LAN Co-op, Steam Achievements, Full controller support, Steam Trading Cards, Steam Cloud, Remote Play on Tablet, Remote Play on TV, Family Sharing",True,False,False,0,83.0,89157.0,KZT,640000.0,640000.0,0.0
255710,Cities: Skylines,game,False,"10 Mar, 2015",Colossal Order,Paradox Interactive,"Simulation, Strategy","Single-player, Steam Achievements, Steam Trading Cards, Steam Workshop, Steam Cloud, Includes level editor, Remote Play on Tablet, Family Sharing",True,True,True,0,85.0,217306.0,EUR,2799.0,2799.0,0.0
261550,Mount & Blade II: Bannerlord,game,False,"25 Oct, 2022",TaleWorlds Entertainment,TaleWorlds Entertainment,"Action, Indie, RPG, Simulation, Strategy","Single-player, Multi-player, PvP, Online PvP, Steam Achievements, Steam Trading Cards, Steam Workshop, Partial Controller Support, Steam Cloud, Includes level editor, Remote Play on Tablet, Family Sharing",True,False,False,0,77.0,224629.0,USD,1999.0,1999.0,0.0
8930,Sid Meier's Civilization® V,game,False,"23 Sep, 2010","Firaxis Games, Aspyr (Mac), Aspyr (Linux)","2K, Aspyr (Mac), Aspyr (Linux)",Strategy,"Single-player, Multi-player, Steam Achievements, Steam Trading Cards, Steam Cloud, Remote Play on Tablet, Family Sharing",True,True,True,0,90.0,127351.0,KZT,390000.0,390000.0,0.0
304050,Trove,game,True,"9 Jul, 2015",gamigo US Inc.,gamigo US Inc.,"Action, Adventure, Casual, Massively Multiplayer, RPG, Free To Play","Multi-player, MMO, PvP, Online PvP, Co-op, Online Co-op, Steam Achievements, Steam Trading Cards, Steam Workshop, In-App Purchases, Adjustable Text Size, Custom Volume Controls, Playable without Timed Input, Save Anytime, Partial Controller Support",True,False,False,0,,959.0,,,,
289070,Sid Meier’s Civilization® VI,game,False,"20 Oct, 2016","Firaxis Games, Aspyr (Mac), Aspyr (Linux)","2K, Aspyr (Mac), Aspyr (Linux)",Strategy,"Single-player, Multi-player, PvP, Online PvP, LAN PvP, Shared/Split Screen PvP, Shared/Split Screen, Cross-Platform Multiplayer, Steam Achievements, Steam Trading Cards, Steam Workshop, In-App Purchases, Steam Turn Notifications, Remote Play on Tablet, Remote Play Together, Family Sharing",True,True,True,0,88.0,272184.0,KZT,710000.0,710000.0,0.0
377160,Fallout 4,game,False,"9 Nov, 2015",Bethesda Game Studios,Bethesda Softworks,RPG,"Single-player, Steam Achievements, Full controller support, Playable without Timed Input, Save Anytime, Stereo Sound, Surround Sound, Steam Cloud, Remote Play on Phone, Remote Play on Tablet, Remote Play on TV, Family Sharing",True,False,False,18,84.0,286788.0,KZT,700000.0,700000.0,0.0
532210,Life is Strange 2,game,True,"26 Sep, 2018","DONTNOD Entertainment, Feral Interactive (Mac), Feral Interactive (Linux)","Square Enix, Feral Interactive (Mac), Feral Interactive (Linux)",Adventure,"Single-player, Steam Achievements, Full controller support, Steam Trading Cards, Adjustable Text Size, Custom Volume Controls, Stereo Sound, Subtitle Options, Steam Cloud, Remote Play on Phone, Remote Play on Tablet, Remote Play on TV, Family Sharing",True,True,True,18,,22269.0,,,,
2186680,"Warhammer 40,000: Rogue Trader",game,False,"7 Dec, 2023",Owlcat Games,Owlcat Games,"Action, Adventure, Indie, RPG, Strategy","Single-player, Multi-player, Co-op, Online Co-op, Cross-Platform Multiplayer, Steam Achievements, Steam Trading Cards, Steam Workshop, Adjustable Text Size, Custom Volume Controls, Mouse Only Option, Save Anytime, Stereo Sound, Subtitle Options, Surround Sound, Partial Controller Support, Steam Cloud, Family Sharing",True,True,False,0,,30511.0,INR,200000.0,80000.0,60.0
1238810,Battlefield™ V,game,False,"Oct 22, 2020",DICE,Electronic Arts,Action,"Single-player, Multi-player, PvP, Online PvP, Steam Achievements, Full controller support, Steam Trading Cards, HDR available",True,False,False,17,,232902.0,USD,4999.0,4999.0,0.0
3241660,R.E.P.O.,game,False,"26 Feb, 2025",semiwork,semiwork,"Action, Early Access","Single-player, Multi-player, Co-op, Online Co-op, Camera Comfort, Custom Volume Controls, Playable without Timed Input, Stereo Sound, Steam Cloud, Family Sharing",True,False,False,0,,313967.0,ILS,3699.0,3699.0,0.0
221100,DayZ,game,False,"13 Dec, 2018",Bohemia Interactive,Bohemia Interactive,"Action, Adventure, Massively Multiplayer","Multi-player, MMO, PvP, Online PvP, Co-op, Online Co-op, Steam Achievements, Steam Trading Cards, Steam Workshop, Steam Cloud, Valve Anti-Cheat enabled",True,False,False,18,,381140.0,EUR,4799.0,4799.0,0.0
526870,Satisfactory,game,False,"10 Sep, 2024",Coffee Stain Studios,Coffee Stain Publishing,"Adventure, Indie, Simulation, Strategy","Single-player, Multi-player, Co-op, Online Co-op, Cross-Platform Multiplayer, Steam Achievements, Adjustable Text Size, Camera Comfort, Color Alternatives, Custom Volume Controls, Adjustable Difficulty, Playable without Timed Input, Save Anytime, Stereo Sound, Surround Sound, Partial Controller Support, Steam Cloud, Remote Play on Tablet, Family Sharing",True,False,False,0,91.0,227373.0,KZT,930000.0,930000.0,0.0
1089350,NBA 2K20,game,False,"6 Sep, 2019",Visual Concepts,2K,"Simulation, Sports","Single-player, Multi-player, PvP, Online PvP, Shared/Split Screen PvP, Co-op, Online Co-op, Shared/Split Screen Co-op, Shared/Split Screen, Steam Achievements, Full controller support, In-App Purchases, Steam Cloud, Remote Play on Phone, Remote Play on Tablet, Remote Play on TV, Remote Play Together, Family Sharing",True,False,False,0,74.0,46606.0,,,,
632360,Risk of Rain 2,game,False,"Aug 11, 2020",Hopoo Games,Gearbox Publishing,"Action, Indie","Single-player, Multi-player, PvP, Online PvP, Co-op, Online Co-op, Full controller support, Steam Trading Cards, Adjustable Text Size, Camera Comfort, Custom Volume Controls, Adjustable Difficulty, Stereo Sound, Surround Sound, Steam Cloud, Steam Leaderboards, Remote Play on Phone, Remote Play on Tablet, Remote Play on TV, Family Sharing",True,False,False,0,85.0,235693.0,USD,2499.0,824.0,67.0
1811260,EA SPORTS™ FIFA 23,game,False,"30 Sep, 2022","EA Canada, EA Romania",Electronic Arts,"Simulation, Sports","Single-player, Multi-player, PvP, Online PvP, Shared/Split Screen PvP, Co-op, Online Co-op, Shared/Split Screen Co-op, Shared/Split Screen, Cross-Platform Multiplayer, Steam Achievements, Full controller support, In-App Purchases",True,False,False,0,,123849.0,,,,
204360,Castle Crashers®,game,False,"26 Sep, 2012",The Behemoth,The Behemoth,"Action, Adventure, Casual, Indie, RPG","Single-player, Multi-player, PvP, Online PvP, Shared/Split Screen PvP, Co-op, Online Co-op, Shared/Split Screen Co-op, Shared/Split Screen, Steam Achievements, Full controller support, Steam Trading Cards, Steam Workshop, Custom Volume Controls, Stereo Sound, Steam Cloud, Steam Leaderboards, Remote Play on Phone, Remote Play on Tablet, Remote Play on TV, Remote Play Together, Family Sharing",True,True,False,0,,106553.0,KZT,240000.0,240000.0,0.0
218230,PlanetSide 2,game,True,"20 Nov, 2012",Rogue Planet Games,Daybreak Game Company,"Action, Massively Multiplayer, Free To Play","Multi-player, MMO, PvP, Online PvP, Steam Trading Cards, Steam Cloud",True,False,False,0,84.0,578.0,,,,
72850,The Elder Scrolls V: Skyrim,game,False,"10 Nov, 2011",Bethesda Game Studios,Bethesda Softworks,RPG,"Single-player, Steam Achievements, Steam Trading Cards, Steam Workshop, Partial Controller Support, Steam Cloud, Family Sharing",True,False,False,18,94.0,181032.0,EUR,1499.0,1499.0,0.0
394360,Hearts of Iron IV,game,False,"6 Jun, 2016",Paradox Development Studio,Paradox Interactive,"Simulation, Strategy","Single-player, Multi-player, Co-op, Cross-Platform Multiplayer, Steam Achievements, Steam Trading Cards, Steam Workshop, Steam Cloud, Remote Play on Tablet, Family Sharing",True,True,True,0,83.0,274586.0,MYR,17100.0,17100.0,0.0
489830,The Elder Scrolls V: Skyrim Special Edition,game,False,"27 Oct, 2016",Bethesda Game Studios,Bethesda Softworks,RPG,"Single-player, Steam Achievements, Playable without Timed Input, Save Anytime, Stereo Sound, Surround Sound, Partial Controller Support, Steam Cloud, Remote Play on Phone, Remote Play on Tablet, Family Sharing",True,False,False,18,74.0,210704.0,KZT,999900.0,999900.0,0.0
322170,Geometry Dash,game,False,"22 Dec, 2014",RobTop Games,RobTop Games,"Action, Indie","Single-player, Steam Achievements, Steam Trading Cards, Partial Controller Support, Includes level editor, Remote Play on Phone, Remote Play on Tablet, Family Sharing",True,True,False,0,,550249.0,EUR,499.0,499.0,0.0
1446780,MONSTER HUNTER RISE,game,False,"12 Jan, 2022","CAPCOM Co., Ltd.","CAPCOM Co., Ltd.",Action,"Single-player, Multi-player, Co-op, Online Co-op, Steam Achievements, Full controller support, Steam Trading Cards, Steam Cloud, HDR available, Family Sharing",True,False,False,0,86.0,77228.0,KZT,1454900.0,1454900.0,0.0
224260,No More Room in Hell,game,True,"31 Oct, 2013",No More Room in Hell Team,Lever Games,"Action, Indie, Free To Play","Multi-player, Co-op, Cross-Platform Multiplayer, Steam Achievements, Captions available, VR Support, Steam Workshop, Partial Controller Support, Steam Cloud, Valve Anti-Cheat enabled, Includes level editor, Includes Source SDK",True,False,True,0,,704.0,,,,
203160,Tomb Raider Game of the Year,game,False,,"Crystal Dynamics, Eidos-Montréal, Feral Interactive (Mac), Nixxes","Crystal Dynamics, Feral Interactive (Mac)","Action, Adventure","Single-player, Multi-player, Steam Achievements, Full controller support, Steam Trading Cards, Steam Cloud, Remote Play on Phone, Remote Play on Tablet, Remote Play on TV, Family Sharing",True,True,False,18,86.0,169120.0,,,,
275850,No Man's Sky,game,False,"12 Aug, 2016",Hello Games,Hello Games,"Action, Adventure","Single-player, Multi-player, PvP, Online PvP, Co-op, Online Co-op, Cross-Platform Multiplayer, Steam Achievements, Full controller support, Tracked Controller Support, VR Supported, Steam Trading Cards, Adjustable Text Size, Camera Comfort, Chat Speech-to-text, Color Alternatives, Custom Volume Controls, Adjustable Difficulty, Playable without Timed Input, Save Anytime, Stereo Sound, Subtitle Options, Surround Sound, Steam Cloud, Remote Play on Tablet, Remote Play on TV, HDR available, Family Sharing",True,True,False,0,61.0,306109.0,EUR,5899.0,5899.0,0.0
367520,Hollow Knight,game,False,"24 Feb, 2017",Team Cherry,Team Cherry,"Action, Adventure, Indie","Single-player, Steam Achievements, Full controller support, Steam Trading Cards, Steam Cloud, Remote Play on Phone, Remote Play on Tablet, Remote Play on TV, Family Sharing",True,True,True,0,87.0,485321.0,AUD,2195.0,2195.0,0.0
301520,Robocraft,game,False,"24 Aug, 2017",Freejam,Freejam,"Action, Indie, Massively Multiplayer, RPG, Simulation, Free To Play","Multi-player, MMO, PvP, Online PvP, Co-op, Online Co-op, Steam Achievements, Steam Trading Cards, In-App Purchases, Family Sharing",True,True,True,0,,2405.0,,,,
767560,War Robots,game,True,"4 Apr, 2018",MY.GAMES,MY.GAMES,"Action, Free To Play","Multi-player, PvP, Online PvP, Steam Trading Cards, In-App Purchases, Custom Volume Controls, Stereo Sound, Surround Sound",True,False,False,0,,,,,,
2050650,Resident Evil 4,game,False,"23 Mar, 2023","CAPCOM Co., Ltd.","CAPCOM Co., Ltd.","Action, Adventure","Single-player, Steam Achievements, Full controller support, Steam Trading Cards, Steam Cloud, HDR available, Family Sharing",True,False,False,18,91.0,166156.0,KZT,1454900.0,1454900.0,0.0
466240,Deceit,game,False,"3 Mar, 2017",World Makers,World Makers,"Action, Indie, Free To Play","Multi-player, PvP, Online PvP, Steam Achievements, Steam Trading Cards, In-App Purchases, Partial Controller Support, Remote Play on Phone, Remote Play on Tablet, Family Sharing",True,False,False,0,,2501.0,,,,
284160,BeamNG.drive,game,False,"29 May, 2015",BeamNG,BeamNG,"Racing, Simulation, Early Access","Single-player, Steam Achievements, Steam Trading Cards, Camera Comfort, Custom Volume Controls, Keyboard Only Option, Playable without Timed Input, Stereo Sound, Surround Sound, Partial Controller Support, Steam Cloud, Includes level editor, Remote Play on Phone, Remote Play on Tablet, Remote Play Together, Family Sharing",True,False,False,0,,365215.0,USD,1249.0,1249.0,0.0
278360,A Story About My Uncle,game,False,"28 May, 2014",Gone North Games,Coffee Stain Publishing,"Adventure, Casual, Indie","Single-player, Steam Achievements, Full controller support, Steam Trading Cards, Steam Cloud, Family Sharing",True,True,True,0,73.0,12133.0,KZT,550000.0,550000.0,0.0
264710,Subnautica,game,False,"23 Jan, 2018",Unknown Worlds Entertainment,Unknown Worlds Entertainment,"Adventure, Indie","Single-player, Steam Achievements, Full controller support, VR Supported, Steam Trading Cards, VR Support, Steam Cloud, Remote Play on TV, Family Sharing",True,True,False,0,87.0,324246.0,AUD,4495.0,1123.0,75.0
80,Counter-Strike: Condition Zero,game,False,"1 Mar, 2004",Valve,Valve,Action,"Single-player, Multi-player, Color Alternatives, Custom Volume Controls, Adjustable Difficulty, Stereo Sound, Valve Anti-Cheat enabled, Family Sharing",True,True,True,0,65.0,21065.0,KZT,185000.0,185000.0,0.0
370910,Kathy Rain,game,False,"5 May, 2016",Clifftop Games,Raw Fury,"Adventure, Indie","Single-player, Steam Achievements, Steam Trading Cards, Steam Cloud, Family Sharing",True,True,False,0,77.0,1812.0,KZT,290000.0,290000.0,0.0
40,Deathmatch Classic,game,False,"1 Jun, 2001",Valve,Valve,Action,"Multi-player, PvP, Online PvP, Shared/Split Screen PvP, Color Alternatives, Custom Volume Controls, Keyboard Only Option, Stereo Sound, Valve Anti-Cheat enabled, Remote Play Together, Family Sharing",True,True,True,0,,2419.0,KZT,150000.0,150000.0,0.0
275390,Guacamelee! Super Turbo Championship Edition,game,False,"21 Aug, 2014",Drinkbox Studios,"Drinkbox Studios, Kepler Ghost","Action, Adventure, Indie","Single-player, Multi-player, Co-op, Shared/Split Screen Co-op, Shared/Split Screen, Steam Achievements, Full controller support, Steam Trading Cards, Steam Workshop, Steam Cloud, Steam Leaderboards, Remote Play on Phone, Remote Play on Tablet, Remote Play on TV, Remote Play Together, Family Sharing",True,False,False,0,,2586.0,KZT,451000.0,451000.0,0.0
2881650,Content Warning,game,False,"1 Apr, 2024","Zorro, Wilnyl, Philip, thePetHen, Skog",Evil Landfall?,"Action, Adventure, Indie","Multi-player, Co-op, Online Co-op, Partial Controller Support, Steam Cloud, Family Sharing",True,False,False,0,,68697.0,KZT,220000.0,220000.0,0.0
311210,Call of Duty®: Black Ops III,game,False,"5 Nov, 2015","Treyarch, Aspyr (Mac)","Activision, Aspyr (Mac)","Action, Adventure","Single-player, Multi-player, Co-op, Shared/Split Screen, Steam Achievements, Full controller support, Steam Trading Cards, Steam Workshop, Valve Anti-Cheat enabled, Steam Leaderboards, Remote Play on Phone, Remote Play on Tablet, Remote Play on TV, Remote Play Together, Family Sharing",True,True,False,18,73.0,153211.0,USD,5999.0,5999.0,0.0
333930,Dirty Bomb®,game,True,"2 Jun, 2015",Splash Damage,Warchest Ltd.,"Action, Free To Play","Multi-player, PvP, Online PvP, Steam Achievements, Steam Trading Cards, In-App Purchases, Camera Comfort, Custom Volume Controls, Playable without Timed Input, Stereo Sound, Subtitle Options, Surround Sound",True,False,False,0,63.0,1265.0,,,,
1172620,Sea of Thieves: 2026 Edition,game,False,"3 Jun, 2020",Rare Ltd,Xbox Game Studios,"Action, Adventure","Multi-player, PvP, Online PvP, Co-op, Online Co-op, Cross-Platform Multiplayer, Steam Achievements, Steam Trading Cards, In-App Purchases, Partial Controller Support, Remote Play on Phone, Remote Play on Tablet, Family Sharing",True,False,False,0,,318768.0,KZT,1490000.0,1490000.0,0.0
250900,The Binding of Isaac: Rebirth,game,False,"4 Nov, 2014","Nicalis, Inc., Edmund McMillen","Nicalis, Inc.",Action,"Single-player, Multi-player, Shared/Split Screen, Steam Achievements, Full controller support, Steam Trading Cards, Steam Cloud, Remote Play on TV, Remote Play Together, Family Sharing",True,True,True,0,,356422.0,KZT,240000.0,240000.0,0.0
700330,SCP: Secret Laboratory,game,True,"29 Dec, 2017",Northwood Studios,Northwood Studios,"Action, Casual, Indie, RPG, Free To Play","Multi-player, PvP, Online PvP, Steam Achievements, Steam Cloud, Valve Anti-Cheat enabled",True,False,False,0,,,,,,
10180,Call of Duty®: Modern Warfare® 2 (2009),game,False,"11 Nov, 2009",Infinity Ward,Activision,Action,"Single-player, Multi-player, Co-op, Steam Achievements, Steam Cloud, Valve Anti-Cheat enabled, Family Sharing",True,True,False,0,86.0,35130.0,KZT,1000000.0,1000000.0,0.0
582660,Black Desert,game,False,"24 May, 2017",Pearl Abyss,Pearl Abyss,"Action, Adventure, Massively Multiplayer, RPG, Strategy","Multi-player, MMO, PvP, Online PvP, Co-op, Online Co-op, Steam Trading Cards, In-App Purchases, Partial Controller Support",True,False,False,0,80.0,62110.0,EUR,999.0,999.0,0.0
1229490,ULTRAKILL,game,False,"3 Sep, 2020","Arsi ""Hakita"" Patala",New Blood Interactive,"Action, Indie, Early Access","Single-player, Full controller support, Steam Cloud, Family Sharing",True,False,False,0,,200742.0,KZT,423000.0,423000.0,0.0
1046930,Dota Underlords,game,True,"20 Jun, 2019",Valve,Valve,"Casual, Strategy, Free To Play","Single-player, Multi-player, PvP, Online PvP, Cross-Platform Multiplayer, Color Alternatives, Custom Volume Controls, Keyboard Only Option, Mouse Only Option, Playable without Timed Input, Stereo Sound, Surround Sound, Touch Only Option, Partial Controller Support, Steam Cloud, Remote Play on Phone, Remote Play on Tablet",True,True,True,0,,,,,,
1426210,It Takes Two,game,False,"25 Mar, 2021",Hazelight Studios,Electronic Arts,"Action, Adventure","Multi-player, Co-op, Online Co-op, Shared/Split Screen Co-op, Shared/Split Screen, Steam Achievements, Full controller support, Steam Trading Cards, Stereo Sound, Surround Sound, Steam Cloud, Remote Play Together",True,False,False,0,89.0,211961.0,CNY,19800.0,19800.0,0.0
2195250,EA SPORTS FC™ 24,game,False,"28 Sep, 2023","EA Canada, EA Romania",Electronic Arts,"Simulation, Sports","Single-player, Multi-player, PvP, Online PvP, Shared/Split Screen PvP, Co-op, Online Co-op, Shared/Split Screen Co-op, Shared/Split Screen, Cross-Platform Multiplayer, Steam Achievements, Full controller support, In-App Purchases, Adjustable Difficulty, Keyboard Only Option, Stereo Sound, Remote Play Together, HDR available",True,False,False,0,,94278.0,,,,
2183900,"Warhammer 40,000: Space Marine 2",game,False,"9 Sep, 2024",Saber Interactive,Focus Entertainment,"Action, Adventure, RPG","Single-player, Multi-player, PvP, Online PvP, Co-op, Online Co-op, Cross-Platform Multiplayer, Steam Achievements, Full controller support, Steam Trading Cards, Adjustable Text Size, Camera Comfort, Color Alternatives, Custom Volume Controls, Adjustable Difficulty, Stereo Sound, Subtitle Options, Surround Sound, Steam Cloud, Family Sharing",True,False,False,18,82.0,155362.0,INR,279900.0,83900.0,70.0
883710,Resident Evil 2,game,False,"24 Jan, 2019","CAPCOM Co., Ltd.","CAPCOM Co., Ltd.",Action,"Single-player, Steam Achievements, Full controller support, Steam Trading Cards, Steam Cloud, Remote Play on Tablet, Remote Play on TV, HDR available, Family Sharing",True,False,False,18,89.0,146600.0,EUR,3999.0,3999.0,0.0
219640,Chivalry: Medieval Warfare,game,False,"16 Oct, 2012",Torn Banner Studios,Torn Banner Studios,"Action, Indie","Multi-player, Steam Achievements, Full controller support, Steam Trading Cards, Steam Workshop, Valve Anti-Cheat enabled, Includes level editor, Remote Play on TV, Family Sharing",True,True,True,0,79.0,44550.0,KZT,330000.0,330000.0,0.0
306130,The Elder Scrolls® Online,game,False,"22 May, 2017",ZeniMax Online Studios,Bethesda Softworks,"Action, Adventure, Massively Multiplayer, RPG","Multi-player, MMO, PvP, Online PvP, Co-op, Online Co-op, Steam Trading Cards, Captions available, In-App Purchases, Camera Comfort, Chat Text-to-speech, Custom Volume Controls, Playable without Timed Input, Stereo Sound, Surround Sound, Partial Controller Support, HDR available, Family Sharing",True,True,False,18,80.0,132949.0,KZT,670000.0,670000.0,0.0
244210,Assetto Corsa,game,False,"19 Dec, 2014",Kunos Simulazioni,Kunos Simulazioni,"Indie, Racing, Simulation, Sports","Single-player, Multi-player, PvP, Online PvP, Steam Achievements, VR Supported, Partial Controller Support, Steam Leaderboards, Includes level editor, Family Sharing",True,False,False,0,85.0,132338.0,EUR,1999.0,1999.0,0.0
268500,XCOM® 2,game,False,"4 Feb, 2016","Firaxis Games, Feral Interactive (Mac), Feral Interactive (Linux)","2K, Feral Interactive (Mac), Feral Interactive (Linux)",Strategy,"Single-player, Steam Achievements, Steam Trading Cards, Steam Workshop, Steam Cloud, Remote Play on Tablet, Family Sharing",True,True,True,0,88.0,78651.0,KZT,710000.0,710000.0,0.0
1794680,Vampire Survivors,game,False,"20 Oct, 2022",poncle,poncle,"Action, Casual, Indie, RPG","Single-player, Multi-player, Co-op, Online Co-op, Steam Achievements, Full controller support, Steam Trading Cards, Steam Cloud, Remote Play Together, Family Sharing",True,True,False,0,86.0,248515.0,EUR,499.0,499.0,0.0
1818750,MultiVersus,game,False,"19 Jul, 2022",Player First Games,Warner Bros. Games,"Action, Free To Play","Single-player, Multi-player, PvP, Online PvP, Co-op, Online Co-op, Cross-Platform Multiplayer, Steam Achievements, Full controller support, In-App Purchases, Remote Play Together, Family Sharing",True,False,False,0,75.0,6066.0,,,,
242050,Assassin’s Creed® IV Black Flag™,game,False,,Ubisoft Montreal,Ubisoft,"Action, Adventure","Single-player, Multi-player, Steam Achievements, In-App Purchases, Stereo Sound, Surround Sound",True,False,False,0,,71139.0,KZT,979900.0,979900.0,0.0
30,Day of Defeat,game,False,"1 May, 2003",Valve,Valve,Action,"Multi-player, Camera Comfort, Color Alternatives, Custom Volume Controls, Stereo Sound, Valve Anti-Cheat enabled, Family Sharing",True,True,True,0,79.0,4426.0,KZT,150000.0,150000.0,0.0
236850,Europa Universalis IV,game,False,"13 Aug, 2013","Paradox Development Studio, Paradox Tinto",Paradox Interactive,"Simulation, Strategy","Single-player, Multi-player, PvP, Online PvP, Co-op, Online Co-op, Cross-Platform Multiplayer, Steam Achievements, Steam Trading Cards, Steam Workshop, Steam Cloud, Family Sharing",True,True,True,0,87.0,95068.0,KZT,2010000.0,2010000.0,0.0
363970,Clicker Heroes,game,True,"13 May, 2015",Playsaurus,Playsaurus,"Adventure, Casual, Indie, RPG, Simulation, Strategy, Free To Play","Single-player, Steam Achievements, Steam Trading Cards, In-App Purchases, Camera Comfort, Mouse Only Option, Playable without Timed Input, Save Anytime, Touch Only Option, Steam Cloud, Stats",True,True,False,0,,753.0,,,,
379720,DOOM,game,False,"12 May, 2016",id Software,Bethesda Softworks,Action,"Single-player, Multi-player, Co-op, Steam Achievements, Steam Trading Cards, Color Alternatives, Stereo Sound, Surround Sound, Partial Controller Support, Steam Cloud, Remote Play on Phone, Remote Play on Tablet, Family Sharing",True,False,False,18,85.0,152267.0,KZT,670000.0,670000.0,0.0
253710,theHunter Classic,game,True,"3 Jun, 2014","Expansive Worlds, Avalanche Studios","Expansive Worlds, Avalanche Studios","Action, Adventure, Free To Play, Simulation, Sports","Single-player, Multi-player, Co-op, Online Co-op, Steam Achievements, In-App Purchases",True,False,False,0,,549.0,,,,
273350,Evolve Stage 2,game,False,"10 Feb, 2015",Turtle Rock Studios,2K,"Action, Free To Play","Single-player, Multi-player, Co-op, Full controller support, Steam Trading Cards, Valve Anti-Cheat enabled, Family Sharing",True,False,False,16,77.0,9141.0,,,,
1782210,Crab Game,game,True,"29 Oct, 2021",Dani,Dani,"Action, Casual, Free To Play, Indie, Racing","Multi-player, PvP, Online PvP, Co-op, Online Co-op",True,True,True,0,,,,,,
844870,KurtzPel,game,True,"30 Apr, 2019",KOG,KOG,"Action, Free To Play, Early Access","Multi-player, PvP, Online PvP, Co-op, Online Co-op, Steam Achievements, Full controller support, In-App Purchases",True,False,False,0,,,,,,
601150,Devil May Cry 5,game,False,"7 Mar, 2019","CAPCOM Co., Ltd.","CAPCOM Co., Ltd.",Action,"Single-player, Multi-player, Co-op, Online Co-op, Steam Achievements, Full controller support, Steam Trading Cards, Steam Cloud, Remote Play on TV, HDR available, Family Sharing",True,False,False,18,89.0,112867.0,KZT,1091100.0,163600.0,85.0
1286830,STAR WARS™: The Old Republic™,game,True,"21 Jul, 2020",Broadsword,Electronic Arts,"Massively Multiplayer, RPG, Free To Play","Multi-player, MMO, PvP, Co-op, Steam Achievements, Steam Trading Cards, In-App Purchases",True,False,False,0,85.0,458.0,,,,
365670,Blender,game,True,"24 Apr, 2015",Blender Foundation,Blender Foundation,"Animation & Modeling, Design & Illustration, Video Production",,True,True,True,0,,126.0,,,,
319630,Life is Strange - Episode 1,game,True,"29 Jan, 2015","DONTNOD Entertainment, Feral Interactive (Mac), Feral Interactive (Linux)","Square Enix, Feral interactive (Mac), Feral Interactive (Linux)","Action, Adventure","Single-player, Steam Achievements, Full controller support, Steam Trading Cards, Custom Volume Controls, Stereo Sound, Subtitle Options, Steam Cloud, Remote Play on Phone, Remote Play on Tablet, Remote Play on TV, Family Sharing",True,True,True,16,,122497.0,,,,
1293830,Forza Horizon 4,game,False,"9 Mar, 2021",Playground Games,Xbox Game Studios,Racing,"Single-player, Multi-player, PvP, Online PvP, Co-op, Online Co-op, Cross-Platform Multiplayer, Steam Achievements, Full controller support, Steam Trading Cards, Steam Cloud, Family Sharing",True,False,False,0,,277197.0,,,,
1145360,Hades,game,False,"17 Sep, 2020",Supergiant Games,Supergiant Games,"Action, Indie, RPG","Single-player, Steam Achievements, Full controller support, Steam Trading Cards, Captions available, Steam Cloud, Remote Play on Phone, Remote Play on Tablet, Remote Play on TV, Family Sharing",True,True,False,0,93.0,280855.0,KZT,640000.0,640000.0,0.0
671860,BattleBit Remastered,game,False,"15 Jun, 2023","SgtOkiDoki, Vilaskis, TheLiquidHorse",SgtOkiDoki,"Action, Massively Multiplayer, Early Access","Multi-player, MMO, PvP, Online PvP, Partial Controller Support",True,False,False,0,,127438.0,KZT,645000.0,645000.0,0.0
427520,Factorio,game,False,"14 Aug, 2020",Wube Software LTD.,Wube Software LTD.,"Casual, Indie, Simulation, Strategy","Single-player, Multi-player, Co-op, Online Co-op, LAN Co-op, Cross-Platform Multiplayer, Steam Achievements, Adjustable Text Size, Camera Comfort, Custom Volume Controls, Adjustable Difficulty, Playable without Timed Input, Save Anytime, Subtitle Options, Partial Controller Support, Steam Cloud, Includes level editor, Remote Play on Tablet, Family Sharing",True,True,True,0,90.0,191074.0,KZT,800000.0,800000.0,0.0
221380,Age of Empires II (Retired),game,False,"9 Apr, 2013","Skybox Labs, Hidden Path Entertainment, Ensemble Studios, Forgotten Empires",Xbox Game Studios,Strategy,"Single-player, Multi-player, Steam Achievements, Steam Trading Cards, Captions available, Steam Workshop, Steam Cloud, Stats, Steam Leaderboards, Includes level editor, Family Sharing",True,False,False,0,68.0,84544.0,HKD,11900.0,11900.0,0.0
231430,Company of Heroes 2,game,False,"25 Jun, 2013","Relic Entertainment, Feral Interactive (Mac), Feral Interactive (Linux)","Relic Entertainment, Feral Interactive (Mac), Feral Interactive (Linux)",Strategy,"Single-player, Multi-player, PvP, Online PvP, Co-op, Online Co-op, Steam Achievements, Steam Trading Cards, Steam Workshop, Steam Cloud, Stats, Family Sharing",True,True,True,18,80.0,68394.0,KZT,550000.0,137500.0,75.0
813820,Realm Royale Reforged,game,False,"5 Jun, 2018",Heroic Leap Games,Hi-Rez Studios,"Action, Free To Play, Early Access","Multi-player, PvP, Online PvP, Partial Controller Support, Family Sharing",True,False,False,0,,,,,,
594570,Total War: WARHAMMER II,game,False,"Sep 28, 2017","CREATIVE ASSEMBLY, Feral Interactive (Mac), Feral Interactive (Linux)","SEGA, Feral Interactive (Mac), Feral Interactive (Linux)","Action, Strategy","Single-player, Multi-player, PvP, Online PvP, LAN PvP, Co-op, Online Co-op, LAN Co-op, Steam Achievements, Steam Trading Cards, Steam Workshop, Camera Comfort, Color Alternatives, Custom Volume Controls, Adjustable Difficulty, Playable without Timed Input, Save Anytime, Stereo Sound, Surround Sound, Remote Play on Tablet, Family Sharing",True,True,True,0,87.0,87762.0,USD,5999.0,1499.0,75.0
391540,Undertale,game,False,"Sep 15, 2015",tobyfox,tobyfox,"Indie, RPG","Single-player, Steam Trading Cards, Remote Play on Phone, Remote Play on Tablet, Family Sharing",True,True,True,0,92.0,290672.0,USD,999.0,999.0,0.0
976730,Halo: The Master Chief Collection,game,False,"3 Dec, 2019","343 Industries, Splash Damage, Ruffian Games, Bungie, Saber Interactive",Xbox Game Studios,Action,"Single-player, Multi-player, PvP, Online PvP, LAN PvP, Co-op, Online Co-op, LAN Co-op, Cross-Platform Multiplayer, Steam Achievements, Full controller support, Steam Trading Cards, Steam Workshop, Remote Play on Phone, Remote Play on Tablet, Remote Play on TV, Family Sharing",True,False,False,0,,235665.0,KZT,1799900.0,1799900.0,0.0
646570,Slay the Spire,game,False,"23 Jan, 2019",Mega Crit,Mega Crit,"Indie, Strategy","Single-player, Steam Achievements, Full controller support, Steam Trading Cards, Steam Workshop, Adjustable Text Size, Custom Volume Controls, Mouse Only Option, Playable without Timed Input, Save Anytime, Touch Only Option, Steam Cloud, Stats, Steam Leaderboards, Remote Play on Phone, Remote Play on Tablet, Remote Play on TV, Family Sharing",True,True,True,0,89.0,188644.0,EUR,2299.0,2299.0,0.0
588650,Dead Cells,game,False,"6 Aug, 2018",Motion Twin,Motion Twin,"Action, Adventure, Indie","Single-player, Steam Achievements, Full controller support, Steam Trading Cards, Steam Workshop, Steam Cloud, Remote Play on Phone, Remote Play on Tablet, Remote Play on TV, Family Sharing",True,True,True,0,89.0,153435.0,KZT,330000.0,330000.0,0.0
268910,Cuphead,game,False,"29 Sep, 2017",Studio MDHR Entertainment Inc.,Studio MDHR Entertainment Inc.,"Action, Indie","Single-player, Multi-player, Co-op, Shared/Split Screen Co-op, Shared/Split Screen, Steam Achievements, Full controller support, Steam Trading Cards, Steam Cloud, Remote Play on Phone, Remote Play on Tablet, Remote Play on TV, Remote Play Together, Family Sharing",True,True,False,0,88.0,187894.0,CAD,2199.0,2199.0,0.0
439700,Z1 Battle Royale: Test Server,game,False,"24 Feb, 2016",Daybreak Game Company,Daybreak Game Company,Massively Multiplayer,"Multi-player, MMO, Family Sharing",True,False,False,0,,1915.0,,,,
500,Left 4 Dead,game,False,"17 Nov, 2008",Valve,Valve,Action,"Single-player, Multi-player, Co-op, Steam Achievements, Full controller support, Captions available, Camera Comfort, Color Alternatives, Custom Volume Controls, Adjustable Difficulty, Stereo Sound, Surround Sound, Steam Cloud, Valve Anti-Cheat enabled, Stats, Steam Leaderboards, Includes Source SDK, Commentary available, Remote Play on TV, Family Sharing",True,False,False,0,89.0,56883.0,KZT,290000.0,290000.0,0.0
1118200,People Playground,game,False,"23 Jul, 2019",mestiez,Studio Minus,"Action, Casual, Indie, Simulation","Single-player, Steam Achievements, Steam Trading Cards, Steam Workshop, Steam Cloud, Family Sharing",True,False,False,0,,292205.0,KZT,185000.0,185000.0,0.0
620,Portal 2,game,False,"18 Apr, 2011",Valve,Valve,"Action, Adventure","Single-player, Multi-player, Co-op, Online Co-op, Shared/Split Screen Co-op, Shared/Split Screen, Steam Achievements, Full controller support, Steam Trading Cards, Captions available, Steam Workshop, Steam Workshop, Camera Comfort, Custom Volume Controls, Playable without Timed Input, Save Anytime, Stereo Sound, Surround Sound, Steam Cloud, Stats, Includes level editor, Commentary available, Remote Play on Phone, Remote Play on Tablet, Remote Play on TV, Remote Play Together, Family Sharing",True,False,True,0,95.0,383806.0,KZT,290000.0,290000.0,0.0
1551360,Forza Horizon 5,game,False,"8 Nov, 2021",Playground Games,Xbox Game Studios,"Action, Adventure, Racing, Simulation, Sports","Single-player, Multi-player, PvP, Online PvP, Co-op, Online Co-op, Cross-Platform Multiplayer, Steam Achievements, Full controller support, Steam Trading Cards, Steam Cloud, HDR available, Family Sharing",True,False,False,0,,251926.0,EUR,5999.0,5999.0,0.0
1049590,Eternal Return,game,True,"19 Jul, 2023",Nimble Neuron,"Nimble Neuron, SapStaR Games","Indie, Strategy, Free To Play","Multi-player, PvP, Online PvP, Steam Trading Cards, In-App Purchases, Camera Comfort, Color Alternatives, Custom Volume Controls, Playable without Timed Input",True,False,False,0,,109.0,,,,
380,Half-Life 2: Episode One,game,False,"1 Jun, 2006",Valve,Valve,Action,"Single-player, Steam Achievements, Full controller support, Captions available, Camera Comfort, Custom Volume Controls, Adjustable Difficulty, Playable without Timed Input, Save Anytime, Stereo Sound, Surround Sound, Steam Cloud, Stats, Includes Source SDK, Commentary available, Family Sharing",True,False,True,0,87.0,25887.0,,,,
360,Half-Life Deathmatch: Source,game,False,"1 May, 2006",Valve,Valve,Action,"Multi-player, Camera Comfort, Custom Volume Controls, Playable without Timed Input, Stereo Sound, Surround Sound, Valve Anti-Cheat enabled, Family Sharing",True,False,True,0,,4274.0,KZT,290000.0,290000.0,0.0
779340,Total War: THREE KINGDOMS,game,False,"23 May, 2019","CREATIVE ASSEMBLY, Feral Interactive (Mac), Feral Interactive (Linux)","SEGA, Feral Interactive (Mac), Feral Interactive (Linux)","Action, Strategy","Single-player, Multi-player, PvP, Online PvP, LAN PvP, Co-op, Online Co-op, LAN Co-op, Steam Achievements, Steam Trading Cards, Camera Comfort, Color Alternatives, Custom Volume Controls, Adjustable Difficulty, Playable without Timed Input, Save Anytime, Stereo Sound, Surround Sound, Steam Cloud, Family Sharing",True,True,True,0,85.0,71835.0,KZT,1449900.0,1449900.0,0.0
233450,Prison Architect,game,False,"6 Oct, 2015","Introversion Software, Double Eleven",Paradox Interactive,"Indie, Simulation, Strategy","Single-player, Steam Achievements, Steam Trading Cards, Steam Workshop, Steam Cloud, Includes level editor, Family Sharing",True,True,True,16,83.0,59727.0,KZT,990000.0,990000.0,0.0
782330,DOOM Eternal,game,False,"19 Mar, 2020",id Software,Bethesda Softworks,Action,"Single-player, Multi-player, PvP, Online PvP, Steam Achievements, Steam Trading Cards, Color Alternatives, Adjustable Difficulty, Stereo Sound, Surround Sound, Partial Controller Support, Steam Cloud, Remote Play on Phone, Remote Play on Tablet, HDR available, Family Sharing",True,False,False,18,88.0,187881.0,KZT,999900.0,999900.0,0.0
223710,Cry of Fear,game,True,"25 Apr, 2013",Team Psykskallar,Team Psykskallar,"Action, Adventure, Indie","Single-player, Multi-player, Co-op, Steam Cloud, Valve Anti-Cheat enabled",True,False,False,0,,296.0,,,,
513710,SCUM,game,False,"17 Jun, 2025",Gamepires,Gamepires,"Action, Adventure, Indie, Massively Multiplayer","Single-player, Multi-player, MMO, PvP, Online PvP, Co-op, Online Co-op, Steam Achievements, Steam Trading Cards, Camera Comfort, Custom Volume Controls, Adjustable Difficulty, Stereo Sound, Surround Sound, Stats",True,False,False,0,,96460.0,KZT,1399900.0,1399900.0,0.0
677620,Splitgate,game,True,"24 May, 2019",1047 Games,1047 Games,"Action, Free To Play, Indie","Single-player, Multi-player, PvP, Online PvP, Cross-Platform Multiplayer, Steam Achievements, Full controller support, Captions available, In-App Purchases",True,False,True,0,,165.0,,,,
1677740,Stumble Guys,game,True,"7 Oct, 2021",Scopely,Scopely,"Action, Casual, Indie, Massively Multiplayer, Racing, Free To Play","Multi-player, PvP, Online PvP, Cross-Platform Multiplayer, In-App Purchases, Partial Controller Support",True,False,False,0,,11063.0,,,,
109600,Neverwinter,game,True,"5 Dec, 2013",Cryptic Studios,Arc Games,"Action, Adventure, Massively Multiplayer, RPG, Free To Play","Single-player, Multi-player, MMO, PvP, Online PvP, Co-op, Online Co-op, Steam Trading Cards, In-App Purchases",True,False,False,0,74.0,295.0,,,,
397900,Business Tour - Board Game with Online Multiplayer,game,True,"27 Jul, 2017",8Floor,8Floor,"Adventure, Casual, Indie, Massively Multiplayer, Simulation, Strategy, Free To Play","Single-player, Multi-player, PvP, Online PvP, Shared/Split Screen PvP, Co-op, Online Co-op, Shared/Split Screen Co-op, Shared/Split Screen, Cross-Platform Multiplayer, Steam Achievements, Full controller support, Steam Trading Cards, Steam Workshop, In-App Purchases, Steam Leaderboards, Includes level editor, Remote Play on Phone, Remote Play on Tablet, Remote Play Together",True,True,False,0,,,,,,
420,Half-Life 2: Episode Two,game,False,"10 Oct, 2007",Valve,Valve,Action,"Single-player, Steam Achievements, Full controller support, Captions available, Camera Comfort, Custom Volume Controls, Adjustable Difficulty, Playable without Timed Input, Save Anytime, Stereo Sound, Subtitle Options, Surround Sound, Steam Cloud, Stats, Includes Source SDK, Commentary available, Family Sharing",True,False,True,0,90.0,33876.0,,,,
698780,Doki Doki Literature Club!,game,True,"6 Oct, 2017",Team Salvato,Team Salvato,"Casual, Free To Play, Indie","Single-player, Remote Play on Phone, Remote Play on Tablet",True,True,False,0,,434.0,,,,
435150,Divinity: Original Sin 2 - Definitive Edition,game,False,"14 Sep, 2017",Larian Studios,Larian Studios,"Adventure, RPG, Strategy","Single-player, Multi-player, PvP, Online PvP, Shared/Split Screen PvP, Co-op, Online Co-op, Shared/Split Screen Co-op, Shared/Split Screen, Steam Achievements, Full controller support, Steam Trading Cards, Captions available, Steam Workshop, Steam Cloud, Includes level editor, Remote Play on Tablet, Remote Play on TV, Remote Play Together, Family Sharing",True,True,False,0,93.0,177665.0,KZT,525000.0,525000.0,0.0
1100600,Football Manager 2020,game,False,"19 Nov, 2019",Sports Interactive,SEGA,"Simulation, Sports","Single-player, Multi-player, Steam Achievements, Steam Workshop, Steam Cloud, Steam Leaderboards, Family Sharing",True,True,False,0,84.0,17112.0,,,,
1604030,V Rising,game,False,"8 May, 2024",Stunlock Studios,Stunlock Studios,"Action, Adventure, Massively Multiplayer","Single-player, Multi-player, PvP, Online PvP, LAN PvP, Co-op, Online Co-op, LAN Co-op, Steam Achievements, Camera Comfort, Custom Volume Controls, Adjustable Difficulty, Playable without Timed Input, Save Anytime, Stereo Sound, Subtitle Options, Surround Sound, Partial Controller Support, Steam Cloud, Family Sharing",True,False,False,0,,108459.0,KZT,880000.0,880000.0,0.0
534380,Dying Light 2 Stay Human: Reloaded Edition,game,False,"3 Feb, 2022",Techland,Techland,"Action, Adventure, RPG","Single-player, Multi-player, Co-op, Online Co-op, Steam Achievements, Full controller support, Steam Trading Cards, Steam Cloud, Remote Play on TV, Family Sharing",True,False,False,0,,159942.0,KZT,2250000.0,2250000.0,0.0
766570,Russian Fishing 4,game,True,"10 Nov, 2021",FishSoft LLC,FishSoft LLC,"Adventure, Casual, Massively Multiplayer, RPG, Simulation, Sports, Free To Play","Single-player, Multi-player, MMO, PvP, Online PvP, Steam Achievements, In-App Purchases, Stats",True,False,False,0,,,,,,
548430,Deep Rock Galactic,game,False,"13 May, 2020",Ghost Ship Games,Coffee Stain Publishing,Action,"Single-player, Multi-player, Co-op, Online Co-op, Steam Achievements, Full controller support, Steam Trading Cards, Captions available, Camera Comfort, Color Alternatives, Custom Volume Controls, Adjustable Difficulty, Playable without Timed Input, Stereo Sound, Subtitle Options, Steam Cloud, Remote Play on Tablet, Remote Play on TV, Family Sharing",True,False,False,0,85.0,299796.0,KZT,529900.0,529900.0,0.0
294100,RimWorld,game,False,"17 Oct, 2018",Ludeon Studios,Ludeon Studios,"Indie, Simulation, Strategy","Single-player, Steam Workshop, Adjustable Text Size, Camera Comfort, Custom Volume Controls, Adjustable Difficulty, Mouse Only Option, Playable without Timed Input, Save Anytime, Partial Controller Support, Steam Cloud, Remote Play on Tablet, Family Sharing",True,True,True,0,87.0,202854.0,KZT,880000.0,880000.0,0.0
273110,Counter-Strike Nexon,game,True,"7 Oct, 2014","Valve, NEXON",NEXON,"Action, Casual, Indie, Massively Multiplayer, Free To Play","Single-player, Multi-player, MMO, Co-op, Steam Achievements, Steam Trading Cards, Captions available, In-App Purchases",True,False,False,0,,583.0,,,,
868270,The Cycle: Frontier,game,False,"8 Jun, 2022",YAGER,YAGER,"Action, Free To Play, Massively Multiplayer","Multi-player, PvP, Online PvP, Co-op, Online Co-op, In-App Purchases, Family Sharing",True,False,False,0,,337.0,,,,
863550,HITMAN™ 2,game,False,"13 Nov, 2018",IO Interactive A/S,IO Interactive A/S,Action,"Single-player, Multi-player, Co-op, Online Co-op, Steam Achievements, Full controller support, Steam Trading Cards, Steam Cloud, Remote Play on Phone, Remote Play on Tablet, Remote Play on TV, Family Sharing",True,False,False,0,82.0,31364.0,,,,
1237970,Titanfall® 2,game,False,"18 Jun, 2020",Respawn Entertainment,Electronic Arts,Action,"Single-player, Multi-player, PvP, Online PvP, Steam Achievements, Full controller support, Steam Trading Cards, Remote Play on Phone, Remote Play on Tablet, Remote Play on TV",True,False,False,0,86.0,249056.0,EUR,2999.0,2999.0,0.0
555570,Infestation: The New Z,game,True,"22 Nov, 2016",Fredaikis AB,OP Productions LLC,"Action, Indie, Massively Multiplayer, RPG, Free To Play","Multi-player, MMO, PvP, Online PvP, Co-op, Online Co-op, Steam Achievements, Steam Trading Cards, In-App Purchases",True,False,False,0,,2170.0,,,,
10190,Call of Duty®: Modern Warfare® 2 (2009),game,False,"11 Nov, 2009",Infinity Ward,Activision,Action,"Single-player, Multi-player, Co-op, Steam Achievements, Steam Cloud, Valve Anti-Cheat enabled, Family Sharing",True,True,False,0,86.0,35127.0,KZT,1000000.0,1000000.0,0.0
424840,Little Nightmares,game,False,"Apr 27, 2017",Tarsier Studios,BANDAI NAMCO Entertainment,Adventure,"Single-player, Steam Achievements, Full controller support, Steam Trading Cards, Steam Cloud, Remote Play on TV, Family Sharing",True,False,False,0,81.0,51577.0,USD,1999.0,1999.0,0.0
2669320,EA SPORTS FC™ 25,game,False,"26 Sep, 2024","EA Canada, EA Romania",Electronic Arts,"Simulation, Sports","Single-player, Multi-player, PvP, Online PvP, Shared/Split Screen PvP, Co-op, Online Co-op, Shared/Split Screen Co-op, Shared/Split Screen, Cross-Platform Multiplayer, Steam Achievements, Full controller support, In-App Purchases, Adjustable Difficulty, Keyboard Only Option, Stereo Sound, Remote Play Together, HDR available",True,False,False,0,,96708.0,KZT,2299900.0,2299900.0,0.0
518790,theHunter: Call of the Wild™,game,False,"16 Feb, 2017",Expansive Worlds,Avalanche Studios,"Adventure, Simulation, Sports","Single-player, Multi-player, Co-op, Online Co-op, Steam Achievements, Full controller support, In-App Purchases, Steam Cloud, Family Sharing",True,False,False,0,,165467.0,EUR,1950.0,1950.0,0.0
365590,Tom Clancy’s The Division™,game,False,"7 Mar, 2016",Massive Entertainment,Ubisoft,"Action, Adventure, RPG","Single-player, Multi-player, PvP, Online PvP, Co-op, Online Co-op, Steam Achievements, Full controller support, Steam Trading Cards, Captions available, In-App Purchases",True,False,False,0,,76531.0,KZT,734900.0,734900.0,0.0
223470,POSTAL 2,game,False,"Nov 2, 2012",Running With Scissors,Running With Scissors,"Action, Adventure, Indie","Single-player, Steam Achievements, Full controller support, Steam Trading Cards, Steam Workshop, Steam Cloud, Includes level editor, Family Sharing",True,False,True,18,59.0,113620.0,USD,999.0,999.0,0.0
241930,Middle-earth™: Shadow of Mordor™,game,False,"Sep 30, 2014",Monolith Productions,"Warner Bros. Interactive Entertainment, Warner Bros. Games",,"Single-player, Steam Achievements, Full controller support, Steam Trading Cards, Steam Cloud, Family Sharing",True,False,False,0,84.0,62683.0,USD,1999.0,1999.0,0.0
346900,AdVenture Capitalist,game,True,"30 Mar, 2015",Hyper Hippo Games,Hyper Hippo Games,"Casual, Indie, Free To Play","Single-player, Steam Achievements, Steam Trading Cards, Steam Cloud",True,True,True,0,,504.0,,,,
3240220,Grand Theft Auto V Enhanced,game,False,"4 Mar, 2025",Rockstar North,Rockstar Games,"Action, Adventure, Racing","Single-player, Multi-player, PvP, Online PvP, Co-op, Online Co-op, Steam Achievements, In-App Purchases, Partial Controller Support, Remote Play on Phone, Remote Play on Tablet",True,False,False,17,,170741.0,USD,2999.0,2999.0,0.0
440900,Conan Exiles Enhanced,game,False,"8 May, 2018","Funcom, Inflexion Games",Funcom,"Action, Adventure, Massively Multiplayer, RPG, Simulation, Strategy","Single-player, Multi-player, PvP, Online PvP, Co-op, Online Co-op, Steam Achievements, Full controller support, Steam Trading Cards, Steam Workshop, Remote Play on Tablet, Remote Play on TV, Family Sharing",True,False,False,0,,77734.0,KZT,650000.0,650000.0,0.0
374320,DARK SOULS™ III,game,False,"11 Apr, 2016","FromSoftware, Inc.","FromSoftware, Inc., Bandai Namco Entertainment",Action,"Single-player, Multi-player, Co-op, Steam Achievements, Full controller support, Steam Trading Cards, Camera Comfort, Custom Volume Controls, Playable without Timed Input, Save Anytime, Stereo Sound, Surround Sound, Remote Play on Phone, Remote Play on Tablet, Remote Play on TV, Family Sharing",True,False,False,0,89.0,275426.0,EUR,5999.0,5999.0,0.0
1868140,DAVE THE DIVER,game,False,"28 Jun, 2023",MINTROCKET,MINTROCKET,"Adventure, Casual, RPG, Simulation","Single-player, Steam Achievements, Full controller support, Steam Trading Cards, Steam Cloud, Family Sharing",True,True,False,0,90.0,132831.0,EUR,1999.0,1999.0,0.0
304390,FOR HONOR™,game,False,"13 Feb, 2017","Ubisoft Montreal, Ubisoft Quebec, Ubisoft Toronto, Blue Byte",Ubisoft,Action,"Single-player, Multi-player, PvP, Online PvP, Co-op, Online Co-op, Steam Achievements, Steam Trading Cards, In-App Purchases, Partial Controller Support",True,False,False,0,76.0,105742.0,KZT,734900.0,734900.0,0.0
208090,Loadout,game,False,"31 Jan, 2014",Edge of Reality,Edge of Reality,"Action, Free To Play, Indie","Multi-player, Co-op, Steam Achievements, Steam Trading Cards, Partial Controller Support, Steam Cloud, Valve Anti-Cheat enabled",True,False,False,17,72.0,1162.0,,,,
48700,Mount & Blade: Warband,game,False,"31 Mar, 2010",TaleWorlds Entertainment,TaleWorlds Entertainment,"Action, RPG","Single-player, Multi-player, Steam Achievements, Steam Trading Cards, Steam Workshop, Family Sharing",True,True,True,0,78.0,134462.0,KZT,630000.0,630000.0,0.0
2630,Call of Duty® 2,game,False,"13 Oct, 2006",Infinity Ward,Activision,Action,"Single-player, Multi-player, Family Sharing",True,True,False,0,86.0,8944.0,KZT,1000000.0,1000000.0,0.0
12210,Grand Theft Auto IV: The Complete Edition,game,False,"24 Mar, 2020","Rockstar North, Rockstar Toronto",Rockstar Games,"Action, Adventure","Single-player, Multi-player, Partial Controller Support, Remote Play on Phone, Remote Play on Tablet",True,False,False,0,90.0,172554.0,PHP,75000.0,75000.0,0.0
1144200,Ready or Not,game,False,"13 Dec, 2023",VOID Interactive,VOID Interactive,"Action, Adventure, Indie","Single-player, Multi-player, Co-op, Online Co-op, Steam Achievements, Full controller support, Steam Cloud",True,False,False,0,,252894.0,KZT,770000.0,770000.0,0.0
113400,APB Reloaded,game,True,"6 Dec, 2011",Little Orbit,Little Orbit,"Action, Massively Multiplayer, Free To Play","Multi-player, MMO, Steam Achievements",True,False,False,18,,348.0,,,,
1332010,Stray,game,False,"19 Jul, 2022",BlueTwelve Studio,Annapurna Interactive,"Adventure, Indie","Single-player, Steam Achievements, Full controller support, Steam Trading Cards, Steam Cloud, Remote Play on TV, Family Sharing",True,True,False,0,82.0,151876.0,SGD,2800.0,1400.0,50.0
206420,Saints Row IV: Re-Elected,game,False,"22 Aug, 2013",Deep Silver Volition,Deep Silver,"Action, Adventure","Single-player, Multi-player, Co-op, Online Co-op, Cross-Platform Multiplayer, Steam Achievements, Full controller support, Steam Trading Cards, Steam Workshop, Steam Cloud, Remote Play on TV, Family Sharing",True,False,True,17,86.0,57396.0,KZT,670000.0,167500.0,75.0
380600,Fishing Planet,game,True,"28 Aug, 2017",Fishing Planet LLC,Fishing Planet LLC,"Massively Multiplayer, Simulation, Sports, Free To Play","Single-player, Multi-player, MMO, PvP, Online PvP, Co-op, Online Co-op, Steam Achievements, Full controller support, Steam Trading Cards, In-App Purchases, Remote Play on TV",True,True,True,0,,551.0,,,,
225540,Just Cause™ 3,game,False,"30 Nov, 2015",Avalanche Studios,Square Enix,"Action, Adventure","Single-player, Steam Achievements, Full controller support, Steam Trading Cards, Steam Cloud, Remote Play on Phone, Remote Play on Tablet, Remote Play on TV, Family Sharing",True,False,False,18,74.0,102955.0,KZT,233200.0,233200.0,0.0
285800,Braveland,game,False,"17 Mar, 2014",Tortuga Team,Tortuga Team,"Adventure, Casual, Indie, RPG, Strategy","Single-player, Steam Achievements, Full controller support, Steam Trading Cards, Steam Cloud, Steam Leaderboards, Remote Play on Phone, Remote Play on Tablet, Remote Play on TV, Family Sharing",True,True,True,0,,1189.0,KZT,290000.0,29000.0,90.0
286690,Metro 2033 Redux,game,False,"Aug 25, 2014",4A Games,Deep Silver,Action,"Single-player, Steam Achievements, Full controller support, Steam Trading Cards, Steam Cloud, Family Sharing",True,True,True,0,,90155.0,USD,1999.0,1999.0,0.0
223750,DCS World Steam Edition,game,True,"2 Aug, 2013",Eagle Dynamics SA,Eagle Dynamics SA,"Simulation, Free To Play","Single-player, Multi-player, PvP, Online PvP, LAN PvP, Co-op, Online Co-op, LAN Co-op, Tracked Controller Support, VR Supported, Captions available, VR Support, Camera Comfort, Color Alternatives, Custom Volume Controls, Adjustable Difficulty, Keyboard Only Option, Mouse Only Option, Playable without Timed Input, Save Anytime, Stereo Sound, Surround Sound, Touch Only Option, Partial Controller Support, Includes level editor",True,False,False,0,,700.0,,,,
1593500,God of War,game,False,"14 Jan, 2022","Santa Monica Studio, Jetpack Interactive",PlayStation Publishing LLC,"Action, Adventure, RPG","Single-player, Steam Achievements, Full controller support, Adjustable Text Size, Camera Comfort, Color Alternatives, Custom Volume Controls, Adjustable Difficulty, Keyboard Only Option, Narrated Game Menus, Playable without Timed Input, Save Anytime, Stereo Sound, Subtitle Options, Surround Sound, Steam Cloud, Remote Play on TV, Family Sharing",True,False,False,18,93.0,125714.0,KZT,1899900.0,1899900.0,0.0
386180,Crossout,game,True,"26 Jul, 2017",Targem Games,Gaijin Network Ltd,"Action, Adventure, Massively Multiplayer, Racing, Free To Play","Multi-player, MMO, PvP, Online PvP, Co-op, Online Co-op, Steam Achievements, Full controller support, Steam Trading Cards, In-App Purchases, Camera Comfort, Color Alternatives, Custom Volume Controls, Playable without Timed Input, Stereo Sound, Subtitle Options, Remote Play on Tablet, Remote Play on TV",True,False,False,0,,883.0,,,,
1238840,Battlefield™ 1,game,False,"Jun 11, 2020",DICE,Electronic Arts,"Action, Massively Multiplayer","Single-player, Multi-player, PvP, Online PvP, Steam Achievements, Full controller support, Steam Trading Cards, HDR available",True,False,False,17,,193289.0,USD,3999.0,3999.0,0.0
812140,Assassin's Creed® Odyssey,game,False,"5 Oct, 2018","Ubisoft Quebec, Ubisoft Montreal, Ubisoft Bucharest, Ubisoft Singapore, Ubisoft Montpellier, Ubisoft Kiev, Ubisoft Shanghai",Ubisoft,"Action, Adventure, RPG","Single-player, Steam Achievements, Steam Trading Cards, Captions available, In-App Purchases, Camera Comfort, Custom Volume Controls, Adjustable Difficulty, Keyboard Only Option, Mouse Only Option, Playable without Timed Input, Save Anytime, Stereo Sound, Surround Sound, Partial Controller Support, Remote Play on Phone, Remote Play on Tablet, HDR available",True,False,False,0,,167577.0,KZT,1469900.0,1469900.0,0.0
1721470,Poppy Playtime,game,True,"12 Oct, 2021",Mob Entertainment,Mob Entertainment,"Action, Adventure, Indie",Single-player,True,False,False,0,,38227.0,,,,
960090,Bloons TD 6,game,False,"17 Dec, 2018",Ninja Kiwi,Ninja Kiwi,Strategy,"Single-player, Multi-player, Co-op, Online Co-op, Steam Achievements, In-App Purchases, Remote Play on Phone, Remote Play on Tablet, Family Sharing",True,True,False,0,,342165.0,GBP,1179.0,1179.0,0.0
55230,Saints Row: The Third,game,False,"17 Nov, 2011",Volition,Deep Silver,Action,"Single-player, Multi-player, Co-op, Steam Achievements, Full controller support, Steam Trading Cards, Steam Cloud, Remote Play on Phone, Remote Play on Tablet, Family Sharing",True,False,True,18,84.0,48632.0,KZT,340000.0,85000.0,75.0
262060,Darkest Dungeon®,game,False,"19 Jan, 2016",Red Hook Studios,Red Hook Studios,"Indie, RPG, Strategy","Single-player, Steam Achievements, Steam Trading Cards, Partial Controller Support, Steam Cloud, Remote Play on Tablet, Family Sharing",True,True,True,0,84.0,138094.0,EUR,2299.0,344.0,85.0
761890,Albion Online,game,True,"16 May, 2018",Sandbox Interactive GmbH,Sandbox Interactive GmbH,"Massively Multiplayer, RPG, Free To Play","Multi-player, MMO, PvP, Online PvP, Cross-Platform Multiplayer, Steam Achievements, In-App Purchases, Partial Controller Support",True,True,True,0,,1893.0,,,,
2001120,Split Fiction,game,False,"6 Mar, 2025",Hazelight Studios,Electronic Arts,"Action, Adventure","Multi-player, Co-op, Online Co-op, Shared/Split Screen Co-op, Shared/Split Screen, Cross-Platform Multiplayer, Steam Achievements, Full controller support, Steam Trading Cards, Captions available, Camera Comfort, Color Alternatives, Stereo Sound, Surround Sound, Steam Cloud, Remote Play Together, HDR available, Family Sharing",True,False,False,0,,74269.0,EUR,4999.0,4999.0,0.0
281990,Stellaris,game,False,"9 May, 2016",Paradox Development Studio,Paradox Interactive,"Simulation, Strategy","Single-player, Multi-player, Cross-Platform Multiplayer, Steam Achievements, Steam Trading Cards, Steam Workshop, Steam Cloud, Family Sharing",True,True,True,0,78.0,140542.0,AUD,6995.0,6995.0,0.0
252130,Divide By Sheep,game,False,"2 Jul, 2015","Victor Solodilov, Denis Novikov",tinyBuild,"Adventure, Casual, Indie","Single-player, Steam Achievements, Steam Trading Cards, Family Sharing",True,True,False,0,83.0,473.0,KZT,150000.0,150000.0,0.0
211820,Starbound,game,False,"22 Jul, 2016",Chucklefish,Chucklefish,"Action, Adventure, Casual, Indie, RPG","Single-player, Multi-player, PvP, Online PvP, Co-op, Online Co-op, Cross-Platform Multiplayer, Steam Achievements, Steam Trading Cards, Steam Workshop, Family Sharing",True,True,True,0,81.0,120595.0,EUR,1499.0,1499.0,0.0
8190,Just Cause 2,game,False,"23 Mar, 2010",Avalanche Studios,Square Enix,"Action, Adventure","Single-player, Steam Achievements, Full controller support, Steam Cloud, Remote Play on TV, Family Sharing",True,False,False,18,84.0,40799.0,KZT,527500.0,527500.0,0.0
6060,"STAR WARS™ Battlefront II (Classic, 2005)",game,False,"8 Jul, 2009",Pandemic Studios,"Lucasfilm, LucasArts, Disney",Action,"Single-player, Multi-player, PvP, Online PvP, Steam Cloud, Family Sharing",True,False,False,0,78.0,46190.0,KZT,290000.0,290000.0,0.0
508440,Totally Accurate Battle Simulator,game,False,"1 Apr, 2021",Landfall,Landfall,"Indie, Simulation, Strategy","Single-player, Multi-player, PvP, Online PvP, Steam Achievements, Partial Controller Support, Remote Play on Phone, Remote Play on Tablet, Remote Play Together, Family Sharing",True,True,False,0,,140092.0,KZT,450000.0,450000.0,0.0
115300,Call of Duty®: Modern Warfare® 3 (2011),game,False,"7 Nov, 2011","Infinity Ward, Sledgehammer Games",Activision,Action,"Single-player, Multi-player, Co-op, Steam Achievements, Steam Cloud, Valve Anti-Cheat enabled, Family Sharing",True,False,False,18,,15196.0,KZT,2002000.0,2002000.0,0.0
42910,Magicka,game,False,"25 Jan, 2011",Arrowhead Game Studios,Paradox Interactive,"Action, RPG","Single-player, Multi-player, Co-op, Shared/Split Screen, Steam Achievements, Full controller support, Steam Trading Cards, Steam Leaderboards, Remote Play on Phone, Remote Play on Tablet, Remote Play on TV, Remote Play Together, Family Sharing",True,False,False,0,74.0,19068.0,KZT,330000.0,330000.0,0.0
39210,FINAL FANTASY XIV Online,game,False,"18 Feb, 2014",Square Enix,Square Enix,"Massively Multiplayer, RPG","Single-player, Multi-player, MMO, PvP, Online PvP, Co-op, Online Co-op, Cross-Platform Multiplayer, Adjustable Text Size, Custom Volume Controls, Keyboard Only Option, Save Anytime, Stereo Sound, Surround Sound, Partial Controller Support, Remote Play on Tablet, Family Sharing",True,False,False,16,83.0,77454.0,KZT,394500.0,394500.0,0.0
1222680,Need for Speed™ Heat,game,False,"4 Jun, 2020",Ghost Games,Electronic Arts,"Action, Adventure, Racing, Sports","Single-player, Multi-player, PvP, Online PvP, Co-op, Online Co-op, Cross-Platform Multiplayer, Steam Achievements, Steam Trading Cards, Partial Controller Support, Remote Play on Tablet, HDR available",True,False,False,0,72.0,123740.0,EUR,6999.0,6999.0,0.0
351940,The Descendant,game,False,"Mar 24, 2016",Gaming Corps AB,"Microids Indie, Microids","Adventure, Casual, Indie","Single-player, Steam Achievements, Full controller support, Steam Trading Cards, Captions available, Family Sharing",True,True,False,0,59.0,587.0,USD,1499.0,1499.0,0.0
1250,Killing Floor,game,False,"14 May, 2009",Tripwire Interactive,Tripwire Interactive,Action,"Single-player, Multi-player, Co-op, Cross-Platform Multiplayer, Steam Achievements, Steam Trading Cards, Steam Workshop, Valve Anti-Cheat enabled, Stats, Includes level editor, Family Sharing",True,True,True,0,72.0,39790.0,KZT,265000.0,26500.0,90.0
2623190,The Elder Scrolls IV: Oblivion Remastered,game,False,"22 Apr, 2025","Bethesda Game Studios, Virtuos",Bethesda Softworks,RPG,"Single-player, Steam Achievements, Steam Trading Cards, Custom Volume Controls, Playable without Timed Input, Stereo Sound, Surround Sound, Partial Controller Support, Steam Cloud, Family Sharing",True,False,False,18,,58012.0,KZT,1799900.0,1799900.0,0.0
323190,Frostpunk,game,False,"24 Apr, 2018",11 bit studios,11 bit studios,"Simulation, Strategy","Single-player, Steam Achievements, Steam Trading Cards, Steam Cloud, Remote Play on Phone, Remote Play on Tablet, Family Sharing",True,True,False,16,84.0,111885.0,KZT,760000.0,76000.0,90.0
1716740,Starfield,game,False,"5 Sep, 2023",Bethesda Game Studios,Bethesda Softworks,RPG,"Single-player, Steam Achievements, Full controller support, Steam Trading Cards, Color Alternatives, Playable without Timed Input, Stereo Sound, Surround Sound, Steam Cloud, Family Sharing",True,False,False,18,,113751.0,KZT,1999900.0,1999900.0,0.0
813780,Age of Empires II: Definitive Edition,game,False,"14 Nov, 2019","World's Edge, Forgotten Empires, CaptureAge, Tantalus Media, Wicked Witch, Feral Interactive",Xbox Game Studios,Strategy,"Single-player, Multi-player, PvP, Online PvP, LAN PvP, Co-op, Online Co-op, LAN Co-op, Cross-Platform Multiplayer, Steam Achievements, Steam Trading Cards, Adjustable Text Size, Color Alternatives, Custom Volume Controls, Adjustable Difficulty, Mouse Only Option, Narrated Game Menus, Playable without Timed Input, Save Anytime, Steam Cloud, Includes level editor, Family Sharing",True,True,False,0,84.0,155140.0,KZT,1170000.0,1170000.0,0.0
630,Alien Swarm,game,True,"19 Jul, 2010",Valve,Valve,"Action, Free To Play","Single-player, Multi-player, Co-op, Steam Achievements, Captions available, Camera Comfort, Color Alternatives, Custom Volume Controls, Adjustable Difficulty, Stereo Sound, Surround Sound, Steam Cloud, Stats, Includes level editor",True,False,False,0,77.0,296.0,,,,
57300,Amnesia: The Dark Descent,game,False,"8 Sep, 2010",Frictional Games,Frictional Games,"Action, Adventure, Indie","Single-player, Steam Achievements, Full controller support, Captions available, Includes level editor, Commentary available, Remote Play on Phone, Remote Play on Tablet, Remote Play on TV, Remote Play Together, Family Sharing",True,True,True,0,85.0,20121.0,KZT,520000.0,520000.0,0.0
395170,DISTRAINT: Deluxe Edition,game,False,"Oct 21, 2015",Jesse Makkonen,Jesse Makkonen,"Adventure, Casual, Indie","Single-player, Steam Achievements, Full controller support, Steam Trading Cards, Steam Cloud, Family Sharing",True,False,False,0,76.0,7540.0,USD,499.0,69.0,86.0
20920,The Witcher 2: Assassins of Kings Enhanced Edition,game,False,"16 Apr, 2012",CD PROJEKT RED,"CD PROJEKT RED, 1C-SoftClub",RPG,"Single-player, Steam Achievements, Steam Trading Cards, Camera Comfort, Color Alternatives, Custom Volume Controls, Adjustable Difficulty, Playable without Timed Input, Save Anytime, Stereo Sound, Surround Sound, Partial Controller Support, Steam Cloud, Steam Leaderboards, Family Sharing",True,True,True,18,88.0,80657.0,KZT,799900.0,799900.0,0.0
212680,FTL: Faster Than Light,game,False,"14 Sep, 2012",Subset Games,Subset Games,"Indie, Simulation, Strategy","Single-player, Steam Achievements, Steam Trading Cards, Remote Play on Phone, Remote Play on Tablet, Family Sharing",True,True,True,0,84.0,61992.0,KZT,290000.0,290000.0,0.0
504370,Battlerite,game,True,"8 Nov, 2017",Stunlock Studios,Stunlock Studios,"Action, Free To Play","Single-player, Multi-player, PvP, Online PvP, In-App Purchases, Steam Cloud",True,False,False,0,85.0,21428.0,,,,
286160,Tabletop Simulator,game,False,"5 Jun, 2015",Berserk Games,Berserk Games,"Casual, Indie, RPG, Simulation, Strategy","Single-player, Multi-player, PvP, Online PvP, Shared/Split Screen PvP, Co-op, Online Co-op, Shared/Split Screen Co-op, Shared/Split Screen, Cross-Platform Multiplayer, Steam Achievements, Full controller support, Tracked Controller Support, VR Supported, Steam Trading Cards, Steam Workshop, Steam Cloud, Includes level editor, Remote Play Together, Family Sharing",True,True,True,0,,47764.0,CAD,2599.0,2599.0,0.0
311690,Enter the Gungeon,game,False,"5 Apr, 2016",Dodge Roll,Devolver Digital,"Action, Adventure, Indie","Single-player, Multi-player, Shared/Split Screen, Steam Achievements, Full controller support, Steam Cloud, Remote Play on Phone, Remote Play on Tablet, Remote Play on TV, Remote Play Together, Family Sharing",True,False,True,0,84.0,78327.0,KZT,410000.0,410000.0,0.0
355840,Survarium,game,False,"2 Apr, 2015",Vostok Games,Vostok Games,"Action, Free To Play, Massively Multiplayer, RPG, Early Access","Multi-player, MMO, PvP, Online PvP, Co-op, Online Co-op, Steam Achievements, Steam Trading Cards, Family Sharing",True,False,False,16,,352.0,,,,
1145350,Hades II,game,False,"25 Sep, 2025",Supergiant Games,Supergiant Games,"Action, Indie, RPG","Single-player, Steam Achievements, Full controller support, Steam Trading Cards, Captions available, Steam Cloud, Family Sharing",True,True,False,0,94.0,110304.0,KZT,760000.0,760000.0,0.0
1366800,Crosshair X,game,False,"17 Aug, 2020",CenterPoint Gaming,CenterPoint Gaming,"Action, Adventure, Indie, Software Training, Utilities","Captions available, Steam Workshop, Partial Controller Support, Steam Cloud",True,False,False,0,,39298.0,KZT,319000.0,319000.0,0.0
1196590,Resident Evil Village,game,False,"6 May, 2021","CAPCOM Co., Ltd.","CAPCOM Co., Ltd.",Action,"Single-player, Steam Achievements, Full controller support, Steam Trading Cards, Steam Cloud, HDR available, Family Sharing",True,False,False,18,83.0,101469.0,KZT,1454900.0,1454900.0,0.0
613100,House Flipper,game,False,"17 May, 2018",Empyrean,"Frozen District, PlayWay S.A.","Action, Adventure, Casual, Indie, Massively Multiplayer, Simulation, Strategy, Free To Play","Single-player, Steam Achievements, Full controller support, Steam Trading Cards, Steam Workshop, Steam Cloud, Remote Play on Tablet, Family Sharing",True,True,False,0,67.0,91267.0,KZT,640000.0,64000.0,90.0
1172380,STAR WARS Jedi: Fallen Order™,game,False,"14 Nov, 2019",Respawn Entertainment,Electronic Arts,"Action, Adventure","Single-player, Steam Achievements, Full controller support, Steam Trading Cards, Adjustable Difficulty, Stereo Sound, Surround Sound, Remote Play on Tablet, Remote Play on TV, HDR available",True,False,False,0,81.0,150365.0,KZT,1550000.0,1550000.0,0.0
202970,Call of Duty®: Black Ops II,game,False,"12 Nov, 2012",Treyarch,Activision,Action,"Single-player, Multi-player, Co-op, Steam Achievements, Full controller support, Steam Trading Cards, Steam Cloud, Valve Anti-Cheat enabled, Steam Leaderboards, Remote Play on TV, Family Sharing",True,False,False,18,74.0,22694.0,KZT,3003000.0,3003000.0,0.0
304430,INSIDE,game,False,"7 Jul, 2016",Playdead,Playdead,"Action, Adventure, Indie","Single-player, Steam Achievements, Full controller support, Steam Trading Cards, Color Alternatives, Keyboard Only Option, Playable without Timed Input, Stereo Sound, Steam Cloud, Family Sharing",True,False,False,0,87.0,68084.0,KZT,625000.0,625000.0,0.0
3590,Plants vs. Zombies GOTY Edition,game,False,"5 May, 2009","PopCap Games, Inc.","PopCap Games, Inc., Electronic Arts",Strategy,"Single-player, Steam Achievements, Remote Play on Phone, Remote Play on Tablet, Family Sharing",True,True,False,0,87.0,140021.0,KZT,105000.0,105000.0,0.0
1260320,Party Animals,game,False,"20 Sep, 2023",Recreate Games,Source Technology,"Action, Casual, Indie","Single-player, Multi-player, PvP, Online PvP, Shared/Split Screen PvP, Co-op, Online Co-op, Shared/Split Screen Co-op, Shared/Split Screen, Cross-Platform Multiplayer, Steam Achievements, Full controller support, In-App Purchases, Remote Play Together, Family Sharing",True,False,False,0,,56374.0,KZT,610000.0,610000.0,0.0
33930,Arma 2: Operation Arrowhead,game,False,"29 Jun, 2010",Bohemia Interactive,Bohemia Interactive,"Action, Simulation, Strategy","Single-player, Multi-player, PvP, Online PvP, Co-op, Online Co-op, Captions available, Partial Controller Support, Includes level editor",True,False,False,0,73.0,16166.0,KZT,600000.0,600000.0,0.0
212500,The Lord of the Rings Online™,game,True,"6 Jun, 2012",Standing Stone Games,Daybreak Game Company LLC,"Action, Adventure, Massively Multiplayer, RPG, Free To Play","Multi-player, MMO, PvP, Co-op, In-App Purchases, Partial Controller Support",True,False,False,0,,170.0,,,,
457140,Oxygen Not Included,game,False,"30 Jul, 2019",Klei Entertainment,Klei Entertainment,"Indie, Simulation","Single-player, Steam Trading Cards, Family Sharing",True,True,True,0,85.0,131922.0,EUR,2299.0,2299.0,0.0
620980,Beat Saber,game,False,"21 May, 2019",Beat Games,Beat Games,Indie,"Single-player, Multi-player, PvP, Online PvP, Tracked Controller Support, VR Only, Steam Leaderboards, Family Sharing",True,False,False,0,93.0,69456.0,KZT,760000.0,760000.0,0.0
1222140,Detroit: Become Human,game,False,"18 Jun, 2020",Quantic Dream,Quantic Dream,"Action, Adventure","Single-player, Steam Achievements, Full controller support, Steam Cloud, Remote Play on TV, Family Sharing",True,False,False,18,80.0,210016.0,KZT,1979900.0,1979900.0,0.0
1817070,Marvel’s Spider-Man Remastered,game,False,"12 Aug, 2022","Insomniac Games, Nixxes Software",PlayStation Publishing LLC,"Action, Adventure, Casual","Single-player, Steam Achievements, Adjustable Text Size, Camera Comfort, Color Alternatives, Custom Volume Controls, Adjustable Difficulty, Playable without Timed Input, Save Anytime, Stereo Sound, Subtitle Options, Surround Sound, Partial Controller Support, Steam Cloud, Remote Play on TV, Family Sharing",True,False,False,0,,93656.0,KZT,2349900.0,2349900.0,0.0
24240,PAYDAY™ The Heist,game,False,"20 Oct, 2011",OVERKILL - a Starbreeze Studio.,Starbreeze Entertainment,Action,"Single-player, Multi-player, Co-op, Online Co-op, Steam Achievements, Steam Trading Cards, Custom Volume Controls, Adjustable Difficulty, Stereo Sound, Steam Cloud, Stats, Family Sharing",True,False,False,18,76.0,21685.0,KZT,280000.0,280000.0,0.0
1506830,FIFA 22,game,False,"1 Oct, 2021",EA Canada & EA Romania,Electronic Arts,"Simulation, Sports","Single-player, Multi-player, MMO, PvP, Online PvP, Shared/Split Screen PvP, Co-op, Online Co-op, Shared/Split Screen Co-op, Shared/Split Screen, Steam Achievements, In-App Purchases, Partial Controller Support",True,False,False,0,,100570.0,,,,
871720,Ultimate Custom Night,game,True,"27 Jun, 2018",Scott Cawthon,Scott Cawthon,"Action, Free To Play, Indie","Single-player, Remote Play on Phone, Remote Play on Tablet",True,False,False,0,,,,,,
962130,Grounded,game,False,"27 Sep, 2022",Obsidian Entertainment,Xbox Game Studios,"Action, Adventure","Single-player, Multi-player, Co-op, Online Co-op, Full controller support, Steam Trading Cards, Steam Cloud, Remote Play on Tablet, Family Sharing",True,False,False,0,83.0,73905.0,EUR,3999.0,3999.0,0.0
356190,Middle-earth™: Shadow of War™,game,False,"Oct 9, 2017",Monolith Productions,WB Games,"Action, Adventure, RPG","Single-player, Steam Achievements, Full controller support, Steam Trading Cards, In-App Purchases, Steam Cloud, Family Sharing",True,False,False,17,,86194.0,USD,4999.0,4999.0,0.0
274190,Broforce,game,False,"15 Oct, 2015",Free Lives,Devolver Digital,"Action, Adventure, Casual, Indie","Single-player, Multi-player, PvP, Online PvP, Shared/Split Screen PvP, Co-op, Online Co-op, Shared/Split Screen Co-op, Shared/Split Screen, Steam Achievements, Full controller support, Steam Trading Cards, Steam Cloud, Includes level editor, Remote Play on Phone, Remote Play on Tablet, Remote Play on TV, Remote Play Together, Family Sharing",True,True,True,0,83.0,49125.0,KZT,410000.0,410000.0,0.0
234140,Mad Max,game,False,"Sep 1, 2015",Avalanche Studios,"Warner Bros. Games, Warner Bros. Interactive Entertainment","Action, Adventure","Single-player, Steam Achievements, Full controller support, Steam Trading Cards, Steam Cloud, Remote Play on Phone, Remote Play on Tablet, Remote Play on TV, Family Sharing",True,False,False,17,73.0,56596.0,USD,1999.0,1999.0,0.0
8500,EVE Online,game,True,"15 Dec, 2010",CCP,CCP,"Action, Massively Multiplayer, RPG, Strategy, Free To Play","Multi-player, MMO, PvP, Online PvP, Co-op, Online Co-op, Steam Trading Cards, Adjustable Text Size, Color Alternatives, Custom Volume Controls, Stereo Sound, Surround Sound",True,True,False,0,88.0,7759.0,,,,
552520,Far Cry® 5,game,False,"26 Mar, 2018","Ubisoft Montreal, Red Storm, Ubisoft Shanghai, Ubisoft Toronto, Ubisoft Kiev",Ubisoft,"Action, Adventure","Single-player, Multi-player, Co-op, Online Co-op, Steam Achievements, Steam Trading Cards, Captions available, In-App Purchases, Partial Controller Support, Includes level editor, HDR available",True,False,False,0,,169757.0,KZT,1469900.0,1469900.0,0.0
7670,BioShock™,game,False,"21 Aug, 2007","2K Boston, 2K Australia",2K,"Action, RPG","Single-player, Partial Controller Support, Family Sharing",True,False,False,0,96.0,24864.0,KZT,265000.0,66200.0,75.0
760160,Vampire: The Masquerade - Bloodhunt,game,False,"27 Apr, 2022",Sharkmob AB,Sharkmob AB,"Action, Free To Play","Multi-player, PvP, Online PvP, Cross-Platform Multiplayer, Steam Achievements, Full controller support, In-App Purchases, Family Sharing",True,False,False,18,,,,,,
1203620,Enshrouded,game,False,"24 Jan, 2024",Keen Games GmbH,Keen Games GmbH,"Action, Adventure, Indie, RPG, Early Access","Single-player, Multi-player, Co-op, Online Co-op, Steam Achievements, Full controller support, Adjustable Text Size, Camera Comfort, Color Alternatives, Custom Volume Controls, Adjustable Difficulty, Stereo Sound, Steam Cloud, Family Sharing",True,False,False,0,,89895.0,KZT,749900.0,749900.0,0.0
270880,American Truck Simulator,game,False,"2 Feb, 2016",SCS Software,SCS Software,"Indie, Simulation","Single-player, Multi-player, Co-op, Online Co-op, Steam Achievements, Steam Trading Cards, Steam Workshop, Camera Comfort, Custom Volume Controls, Adjustable Difficulty, Keyboard Only Option, Playable without Timed Input, Save Anytime, Stereo Sound, Surround Sound, Partial Controller Support, Steam Cloud, Includes level editor, Remote Play Together, Family Sharing",True,True,True,0,76.0,163064.0,CNY,8800.0,2200.0,75.0
601510,Yu-Gi-Oh! Duel Links,game,True,"16 Nov, 2017",KONAMI,KONAMI,"Strategy, Free To Play","Single-player, Multi-player, PvP, Online PvP, Cross-Platform Multiplayer, Steam Achievements, Steam Trading Cards, In-App Purchases",True,False,False,0,,,,,,
397540,Borderlands 3,game,False,"13 Mar, 2020",Gearbox Software,2K,"Action, RPG","Single-player, Multi-player, Co-op, Online Co-op, LAN Co-op, Cross-Platform Multiplayer, Steam Achievements, Full controller support, Steam Trading Cards, Steam Cloud, Remote Play on Phone, Remote Play on Tablet, Remote Play on TV, Family Sharing",True,False,False,18,81.0,126856.0,EUR,5999.0,5999.0,0.0
12120,Grand Theft Auto: San Andreas,game,False,"4 Jan, 2008",Rockstar Games,Rockstar Games,Action,"Single-player, Family Sharing",True,False,False,18,93.0,70063.0,,,,
236870,HITMAN™,game,False,"11 Mar, 2016","IO Interactive A/S, Feral Interactive (Linux), Feral Interactive (Mac)","IO Interactive A/S, Feral Interactive (Linux), Feral Interactive (Mac)",Action,"Single-player, Steam Achievements, Full controller support, Steam Trading Cards, Steam Cloud, Family Sharing",True,True,True,18,,23772.0,,,,
674940,Stick Fight: The Game,game,False,"28 Sep, 2017",Landfall West,Landfall,"Action, Casual, Indie","Multi-player, PvP, Online PvP, Shared/Split Screen PvP, Shared/Split Screen, Partial Controller Support, Remote Play on Phone, Remote Play on Tablet, Remote Play Together, Family Sharing",True,True,False,0,,99519.0,EUR,475.0,475.0,0.0
884660,CRSED: Cuisine Royale,game,True,"15 Jun, 2018","Darkflow Software, Matter Team",Gaijin Network Ltd,"Action, Massively Multiplayer, Free To Play","Single-player, Multi-player, MMO, PvP, Online PvP, Steam Achievements, Full controller support, In-App Purchases",True,False,False,0,,,,,,
701160,Kingdom Two Crowns,game,False,"11 Dec, 2018","Stumpy🐙Squid, Fury Studios, Coatsink",Raw Fury,"Adventure, Indie, Simulation, Strategy","Single-player, Multi-player, Co-op, Online Co-op, Shared/Split Screen Co-op, Shared/Split Screen, Steam Achievements, Full controller support, Steam Cloud, Remote Play on Phone, Remote Play on Tablet, Remote Play on TV, Remote Play Together, Family Sharing",True,True,True,0,,30081.0,KZT,520000.0,520000.0,0.0
1832640,Mirror 2: Project X,game,False,"20 Jan, 2022",KAGAMI Ⅱ WORKs,NIJICO,"Adventure, Indie, RPG, Early Access","Single-player, Steam Achievements, Steam Workshop, Steam Cloud, Family Sharing",True,False,False,0,,111514.0,KZT,60000.0,60000.0,0.0
208650,Batman™: Arkham Knight,game,False,"23 Jun, 2015",Rocksteady Studios,WB Games,"Action, Adventure","Single-player, Steam Achievements, Full controller support, Steam Trading Cards, Steam Cloud, Steam Leaderboards, Remote Play on Phone, Remote Play on Tablet, Remote Play on TV, Family Sharing",True,False,False,17,,107468.0,CAD,2999.0,2999.0,0.0
48000,LIMBO,game,False,"2 Aug, 2011",Playdead,Playdead,"Action, Adventure, Indie","Single-player, Steam Achievements, Full controller support, Steam Trading Cards, Color Alternatives, Keyboard Only Option, Playable without Timed Input, Stereo Sound, Steam Cloud, Remote Play on Phone, Remote Play on Tablet, Remote Play on TV, Family Sharing",True,True,False,0,88.0,39540.0,KZT,312500.0,312500.0,0.0
2379780,Balatro,game,False,"20 Feb, 2024",LocalThunk,Playstack,"Casual, Indie, Strategy","Single-player, Steam Achievements, Full controller support, Steam Trading Cards, Color Alternatives, Custom Volume Controls, Mouse Only Option, Playable without Timed Input, Touch Only Option, Steam Cloud, Family Sharing",True,True,False,0,90.0,154762.0,EUR,1399.0,1399.0,0.0
298110,Far Cry® 4,game,False,"17 Nov, 2014","Ubisoft Montreal, Red Storm, Shanghai, Toronto, Kiev",Ubisoft,"Action, Adventure","Single-player, Multi-player, Co-op, Steam Achievements, Partial Controller Support",True,False,False,0,80.0,64271.0,KZT,734900.0,734900.0,0.0
42710,Call of Duty®: Black Ops,game,False,"9 Nov, 2010",Treyarch,Activision,Action,"Single-player, Multi-player, Co-op, Steam Achievements, Partial Controller Support, Valve Anti-Cheat enabled, Family Sharing",True,False,False,18,81.0,21728.0,KZT,2002000.0,2002000.0,0.0
200710,Torchlight II,game,False,"20 Sep, 2012",Runic Games,XD,"Action, Adventure, Indie, RPG","Single-player, Multi-player, Co-op, Cross-Platform Multiplayer, Steam Achievements, Steam Trading Cards, Steam Workshop, Steam Cloud, Family Sharing",True,True,True,0,88.0,32870.0,KZT,265000.0,265000.0,0.0
203770,Crusader Kings II,game,True,"14 Feb, 2012",Paradox Development Studio,Paradox Interactive,"RPG, Simulation, Strategy, Free To Play","Single-player, Multi-player, Steam Trading Cards",True,True,True,0,82.0,30857.0,,,,
1903340,Clair Obscur: Expedition 33,game,False,"24 Apr, 2025",Sandfall Interactive,Kepler Interactive,"Action, RPG","Single-player, Steam Achievements, Full controller support, Adjustable Text Size, Custom Volume Controls, Adjustable Difficulty, Stereo Sound, Subtitle Options, Surround Sound, Steam Cloud, Family Sharing",True,False,False,18,91.0,174212.0,KZT,2100000.0,1680000.0,20.0
244850,Space Engineers,game,False,"28 Feb, 2019",Keen Software House,Keen Software House,"Action, Indie, Simulation, Strategy","Single-player, Multi-player, PvP, Online PvP, Co-op, Cross-Platform Multiplayer, Steam Achievements, Steam Workshop, Partial Controller Support, Steam Cloud, Includes level editor, Family Sharing",True,False,False,0,,101991.0,KZT,1020000.0,1020000.0,0.0
1366540,Dyson Sphere Program,game,False,"20 Jan, 2021",Youthcat Studio,Gamirror Games,"Indie, Simulation, Strategy, Early Access","Single-player, Steam Achievements, Family Sharing",True,False,False,0,,82567.0,KZT,389700.0,389700.0,0.0
2709570,Supermarket Together,game,True,"9 Aug, 2024",DeadDevsTellNoLies,DeadDevsTellNoLies,"Casual, Indie, Simulation, Free To Play","Single-player, Multi-player, Co-op, Online Co-op, Steam Achievements, Steam Cloud",True,False,False,0,,,,,,
201270,Total War: SHOGUN 2,game,False,"14 Mar, 2011","CREATIVE ASSEMBLY, Feral Interactive (Mac), Feral Interactive (Linux)","SEGA, Feral Interactive (Mac), Feral Interactive (Linux)",Strategy,"Single-player, Multi-player, PvP, Online PvP, LAN PvP, Co-op, Online Co-op, LAN Co-op, Steam Achievements, Steam Trading Cards, Camera Comfort, Custom Volume Controls, Adjustable Difficulty, Playable without Timed Input, Save Anytime, Stereo Sound, Steam Cloud, Valve Anti-Cheat enabled, Stats, Family Sharing",True,True,True,0,90.0,37353.0,KZT,730000.0,730000.0,0.0
389730,TEKKEN 7,game,False,"1 Jun, 2017",BANDAI NAMCO Studios Inc.,BANDAI NAMCO Entertainment,"Action, Sports","Single-player, Multi-player, PvP, Online PvP, Shared/Split Screen PvP, Shared/Split Screen, Steam Achievements, Full controller support, Steam Trading Cards, Steam Cloud, Steam Leaderboards, Remote Play on TV, Remote Play Together, Family Sharing",True,False,False,0,82.0,67413.0,KZT,2699900.0,404900.0,85.0
10090,Call of Duty: World at War,game,False,"18 Nov, 2008",Treyarch,Activision,Action,"Single-player, Multi-player, Co-op, Family Sharing",True,False,False,18,83.0,45215.0,KZT,1000000.0,1000000.0,0.0
1259420,Days Gone,game,False,"17 May, 2021",Bend Studio,PlayStation Publishing LLC,"Action, Adventure","Single-player, Steam Achievements, Full controller support, Adjustable Text Size, Camera Comfort, Color Alternatives, Custom Volume Controls, Adjustable Difficulty, Narrated Game Menus, Playable without Timed Input, Save Anytime, Stereo Sound, Subtitle Options, Surround Sound, Steam Cloud, Family Sharing",True,False,False,17,,80542.0,EUR,3999.0,3999.0,0.0
261640,Borderlands: The Pre-Sequel,game,False,"16 Oct, 2014","2K Australia, Gearbox Software, Aspyr (Linux)","2K, Aspyr (Linux)","Action, RPG","Single-player, Multi-player, Co-op, Steam Achievements, Full controller support, Steam Trading Cards, Steam Cloud, Remote Play on TV, Family Sharing",True,True,True,18,75.0,32574.0,KZT,470000.0,470000.0,0.0
220200,Kerbal Space Program,game,False,"27 Apr, 2015",Squad,Private Division,"Indie, Simulation","Single-player, Steam Trading Cards, Steam Workshop, Partial Controller Support, Steam Cloud, Family Sharing",True,True,True,0,88.0,114970.0,KZT,950000.0,950000.0,0.0
1142710,Total War: WARHAMMER III,game,False,"16 Feb, 2022","CREATIVE ASSEMBLY, Feral Interactive","SEGA, Feral Interactive","Action, Strategy","Single-player, Multi-player, PvP, Online PvP, LAN PvP, Co-op, Online Co-op, LAN Co-op, Steam Achievements, Steam Trading Cards, Camera Comfort, Color Alternatives, Custom Volume Controls, Adjustable Difficulty, Playable without Timed Input, Save Anytime, Stereo Sound, Surround Sound, Steam Cloud, Family Sharing",True,True,True,0,86.0,100309.0,KZT,2250000.0,337500.0,85.0
265630,Fistful of Frags,game,True,"9 May, 2014",Fistful of Frags Team,Fistful of Frags Team,"Action, Free To Play, Indie","Multi-player, PvP, Online PvP, LAN PvP, Co-op, Online Co-op, LAN Co-op, Cross-Platform Multiplayer, Steam Achievements, Steam Workshop, Stats, Steam Leaderboards, Includes level editor, Includes Source SDK, Remote Play Together",True,True,True,0,,473.0,,,,
219150,Hotline Miami,game,False,"23 Oct, 2012",Dennaton Games,Devolver Digital,"Action, Indie","Single-player, Steam Achievements, Full controller support, Steam Trading Cards, Steam Cloud, Steam Leaderboards, Family Sharing",True,True,True,17,85.0,104017.0,CAD,1299.0,1299.0,0.0
418460,Rising Storm 2: Vietnam,game,False,"30 May, 2017","Antimatter Games, Tripwire Interactive",Tripwire Interactive,"Action, Massively Multiplayer, Simulation, Strategy","Multi-player, PvP, Online PvP, Steam Achievements, Steam Trading Cards, Steam Workshop, In-App Purchases, Stats, Includes level editor, Family Sharing",True,False,False,0,81.0,42274.0,KZT,330000.0,33000.0,90.0
312990,The Expendabros,game,True,"5 Aug, 2014",Free Lives,Devolver Digital,"Action, Adventure, Indie, Free To Play","Single-player, Multi-player, Shared/Split Screen, Full controller support, Remote Play on Phone, Remote Play on Tablet, Remote Play on TV, Remote Play Together",True,True,False,0,,173.0,,,,
211500,RaceRoom Racing Experience,game,True,"12 Feb, 2013",KW Studios,"KW Studios, RaceRoom Entertainment AG","Racing, Simulation, Sports, Free To Play","Single-player, Multi-player, PvP, Online PvP, VR Supported, Steam Trading Cards, In-App Purchases, Partial Controller Support",True,False,False,0,,1979.0,,,,
20900,The Witcher: Enhanced Edition Director's Cut,game,False,"19 Sep, 2008",CD PROJEKT RED,"CD PROJEKT RED, 1C-SoftClub","Action, RPG","Single-player, Camera Comfort, Color Alternatives, Custom Volume Controls, Adjustable Difficulty, Mouse Only Option, Playable without Timed Input, Save Anytime, Stereo Sound, Steam Cloud, Family Sharing",True,True,False,18,86.0,81216.0,KZT,299900.0,299900.0,0.0
552500,Warhammer: Vermintide 2,game,False,"8 Mar, 2018",Fatshark,Fatshark,"Action, Indie, RPG","Single-player, Multi-player, Co-op, Online Co-op, Steam Achievements, Full controller support, Steam Trading Cards, Family Sharing",True,False,False,0,82.0,90175.0,EUR,2799.0,139.0,95.0
1057090,Ori and the Will of the Wisps,game,False,"10 Mar, 2020",Moon Studios GmbH,Xbox Game Studios,Action,"Single-player, Steam Achievements, Full controller support, Steam Cloud, Remote Play on Phone, Remote Play on Tablet, Remote Play on TV, HDR available, Family Sharing",True,False,False,0,88.0,133947.0,EUR,2999.0,2999.0,0.0
359320,Elite Dangerous,game,False,"2 Apr, 2015",Frontier Developments,Frontier Developments,"Action, Adventure, Massively Multiplayer, RPG, Simulation, Strategy","Single-player, Multi-player, MMO, Co-op, VR Supported, VR Support, In-App Purchases, Partial Controller Support, Remote Play on Tablet, Family Sharing",True,False,False,0,80.0,80984.0,EUR,1999.0,599.0,70.0
214950,Total War: ROME II - Emperor Edition,game,False,"2 Sep, 2013","CREATIVE ASSEMBLY, Feral Interactive","SEGA, Feral Interactive",Strategy,"Single-player, Multi-player, PvP, Online PvP, LAN PvP, Co-op, Online Co-op, LAN Co-op, Steam Trading Cards, Camera Comfort, Custom Volume Controls, Adjustable Difficulty, Playable without Timed Input, Save Anytime, Stereo Sound, Surround Sound, Steam Cloud, Family Sharing",True,True,False,0,76.0,57321.0,KZT,1460000.0,1460000.0,0.0
9480,Saints Row 2,game,False,"7 Jan, 2009",Volition,Deep Silver,Action,"Single-player, Partial Controller Support, Steam Cloud, Family Sharing",True,False,True,0,72.0,12550.0,KZT,340000.0,85000.0,75.0
245170,Skullgirls 2nd Encore,game,False,"22 Aug, 2013",Hidden Variable Studios,Autumn Games,"Action, Indie","Single-player, Multi-player, PvP, Online PvP, Shared/Split Screen PvP, Steam Achievements, Full controller support, Steam Trading Cards, Steam Cloud, Steam Leaderboards, Remote Play on Phone, Remote Play on Tablet, Remote Play on TV, Remote Play Together, Family Sharing",True,True,True,0,83.0,29008.0,CAD,2899.0,724.0,75.0
207610,The Walking Dead,game,False,"24 Apr, 2012",Telltale Games,Skybound Games,Adventure,"Single-player, Steam Achievements, Full controller support, Steam Trading Cards, Family Sharing",True,True,False,18,82.0,52597.0,KZT,410000.0,410000.0,0.0
35450,Red Orchestra 2: Heroes of Stalingrad with Rising Storm,game,False,"13 Sep, 2011",Tripwire Interactive,Tripwire Interactive,"Action, Massively Multiplayer, Simulation","Multi-player, PvP, Online PvP, Steam Achievements, Steam Trading Cards, Steam Workshop, Valve Anti-Cheat enabled, Stats, Includes level editor, Family Sharing",True,False,False,0,76.0,24871.0,KZT,265000.0,265000.0,0.0
285900,Gang Beasts,game,False,"12 Dec, 2017","Boneloaf, Rocket Science",Boneloaf,"Action, Adventure, Casual, Indie, Simulation","Multi-player, PvP, Online PvP, Shared/Split Screen PvP, Shared/Split Screen, Steam Achievements, Full controller support, Remote Play on Phone, Remote Play on Tablet, Remote Play on TV, Remote Play Together, Family Sharing",True,True,True,0,,52575.0,KZT,550000.0,550000.0,0.0
232090,Killing Floor 2,game,False,"18 Nov, 2016",Tripwire Interactive,Tripwire Interactive,Action,"Single-player, Multi-player, PvP, Online PvP, Co-op, Online Co-op, Steam Achievements, Full controller support, Steam Trading Cards, Steam Workshop, In-App Purchases, Valve Anti-Cheat enabled, Includes level editor, Remote Play on Tablet, Remote Play on TV, Family Sharing",True,False,False,18,75.0,87429.0,KZT,390000.0,39000.0,90.0
42680,Call of Duty®: Modern Warfare® 3 (2011),game,False,"7 Nov, 2011","Infinity Ward, Sledgehammer Games",Activision,Action,"Single-player, Multi-player, Co-op, Steam Achievements, Steam Cloud, Valve Anti-Cheat enabled, Family Sharing",True,False,False,18,,15196.0,KZT,2002000.0,2002000.0,0.0
918570,Century: Age of Ashes,game,True,"2 Dec, 2021",Playwing LTD,Playwing LTD,"Action, Indie, Racing, Free To Play","Multi-player, PvP, Online PvP, Co-op, Online Co-op, Cross-Platform Multiplayer, Steam Achievements, Full controller support, In-App Purchases",True,False,False,0,,1265.0,,,,
1771300,Kingdom Come: Deliverance II,game,False,"4 Feb, 2025",Warhorse Studios,Deep Silver,"Action, Adventure, RPG","Single-player, Steam Achievements, Full controller support, Steam Trading Cards, Custom Volume Controls, Playable without Timed Input, Stereo Sound, Surround Sound, Steam Cloud, Family Sharing",True,False,False,18,89.0,134146.0,KZT,2010000.0,2010000.0,0.0
447040,Watch_Dogs® 2,game,False,"28 Nov, 2016",Ubisoft,Ubisoft,"Action, Adventure","Single-player, Multi-player, Co-op, Steam Achievements, In-App Purchases, Partial Controller Support",True,False,False,0,,85501.0,KZT,1469900.0,1469900.0,0.0
200510,XCOM: Enemy Unknown,game,False,"11 Oct, 2012","Firaxis Games, Feral Interactive (Linux)","2K, Feral Interactive (Linux)",Strategy,"Single-player, Multi-player, Cross-Platform Multiplayer, Steam Achievements, Full controller support, Steam Trading Cards, Steam Cloud, Remote Play on TV, Family Sharing",True,False,True,18,89.0,39979.0,KZT,390000.0,390000.0,0.0
361420,ASTRONEER,game,False,"5 Feb, 2019",System Era Softworks,System Era Softworks,"Adventure, Indie","Single-player, Multi-player, Co-op, Online Co-op, Steam Achievements, Full controller support, Steam Cloud, Remote Play on Tablet, Remote Play on TV, Family Sharing",True,False,False,0,,117706.0,EUR,2999.0,2999.0,0.0
33900,Arma 2,game,False,,Bohemia Interactive,Bohemia Interactive,"Action, Simulation, Strategy","Single-player, Multi-player, Co-op, Captions available, Partial Controller Support, Includes level editor, Family Sharing",True,False,False,0,77.0,1813.0,KZT,400000.0,400000.0,0.0
209080,Guns of Icarus Online,game,False,"29 Oct, 2012",Muse Games,Muse Games,"Action, Adventure, Indie, Simulation","Multi-player, Steam Achievements, Steam Trading Cards, Steam Workshop, Partial Controller Support, Stats, Family Sharing",True,True,True,0,64.0,8251.0,KZT,105000.0,105000.0,0.0
307780,Mortal Kombat X,game,False,"13 Apr, 2015","NetherRealm Studios, QLOC","Warner Bros. Games, Warner Bros. Interactive Entertainment",Action,"Single-player, Multi-player, PvP, Shared/Split Screen PvP, Steam Achievements, Full controller support, Steam Trading Cards, Steam Cloud, Steam Leaderboards, Remote Play on Phone, Remote Play on Tablet, Remote Play on TV, Remote Play Together, Family Sharing",True,False,False,18,84.0,38442.0,KZT,670000.0,670000.0,0.0
335240,Transformice,game,True,"30 Jan, 2015",Atelier 801,Atelier 801,"Free To Play, Indie, Massively Multiplayer","Multi-player, MMO, Steam Achievements, Steam Trading Cards, Includes level editor",True,True,True,0,,263.0,,,,
403640,Dishonored 2,game,False,"11 Nov, 2016",Arkane Studios,Bethesda Softworks,Action,"Single-player, Steam Achievements, Steam Trading Cards, Color Alternatives, Adjustable Difficulty, Playable without Timed Input, Stereo Sound, Surround Sound, Partial Controller Support, Steam Cloud, Remote Play on Tablet, Remote Play on TV, Family Sharing",True,False,False,18,86.0,42121.0,EUR,2999.0,2999.0,0.0
99900,Spiral Knights,game,True,"14 Jun, 2011",Grey Havens,Grey Havens,"Action, Adventure, Casual, Indie, Massively Multiplayer, RPG, Free To Play","Single-player, Multi-player, MMO, Co-op, Steam Achievements, Steam Trading Cards, In-App Purchases, Partial Controller Support, Includes level editor",True,True,False,0,64.0,182.0,,,,
1289310,Helltaker,game,True,"11 May, 2020",vanripper,vanripper,"Adventure, Free To Play, Indie","Single-player, Steam Achievements, Partial Controller Support",True,True,True,0,,404.0,,,,
287700,METAL GEAR SOLID V: THE PHANTOM PAIN,game,False,"1 Sep, 2015",KONAMI,KONAMI,"Action, Adventure","Single-player, Multi-player, Steam Achievements, Full controller support, Steam Trading Cards, Captions available, In-App Purchases, Steam Cloud, Steam Leaderboards, Remote Play on Phone, Remote Play on Tablet, Remote Play on TV, Family Sharing",True,False,False,18,91.0,71822.0,KZT,669700.0,669700.0,0.0
460930,Tom Clancy's Ghost Recon® Wildlands,game,False,"6 Mar, 2017","Ubisoft Paris, Ubisoft Annecy, Ubisoft Bucharest, Ubisoft Montpellier, Ubisoft Milan, Reflections, Ubisoft Belgrade",Ubisoft,"Action, Adventure","Single-player, Multi-player, Co-op, Steam Achievements, Steam Trading Cards, In-App Purchases, Partial Controller Support",True,False,False,0,,89896.0,KZT,1224900.0,1224900.0,0.0
219740,Don't Starve,game,False,"23 Apr, 2013",Klei Entertainment,Klei Entertainment,"Adventure, Indie, Simulation","Single-player, Full controller support, Steam Trading Cards, Steam Workshop, Steam Cloud, Remote Play on Phone, Remote Play on Tablet, Remote Play on TV, Family Sharing",True,True,True,0,79.0,96156.0,KZT,185000.0,185000.0,0.0
96000,The Tiny Bang Story,game,False,"22 Apr, 2011",Colibri Games,Colibri Games,"Adventure, Casual, Indie","Single-player, Steam Trading Cards, Family Sharing",True,True,True,0,63.0,3769.0,KZT,150000.0,150000.0,0.0
35720,Trine 2: Complete Story,game,False,"6 Jun, 2013",Frozenbyte,Frozenbyte,"Action, Adventure, Indie","Single-player, Multi-player, Co-op, Online Co-op, Shared/Split Screen Co-op, Shared/Split Screen, Cross-Platform Multiplayer, Steam Achievements, Full controller support, Steam Trading Cards, Steam Workshop, Steam Cloud, Includes level editor, Remote Play on Phone, Remote Play on Tablet, Remote Play on TV, Remote Play Together, Family Sharing",True,True,True,0,84.0,15208.0,KZT,265000.0,265000.0,0.0
387990,Scrap Mechanic,game,False,"19 Jan, 2016",Axolot Games,Axolot Games,"Action, Adventure, Indie, Simulation, Early Access","Single-player, Multi-player, Co-op, Online Co-op, Steam Workshop, Steam Cloud, Includes level editor, Family Sharing",True,False,False,0,,104769.0,KZT,572000.0,572000.0,0.0
880940,Pummel Party,game,False,"20 Sep, 2018",Rebuilt Games,Rebuilt Games,"Action, Casual, Indie","Single-player, Multi-player, PvP, Online PvP, Shared/Split Screen PvP, Shared/Split Screen, Steam Achievements, Full controller support, Steam Workshop, Includes level editor, Remote Play on Phone, Remote Play on Tablet, Remote Play on TV, Remote Play Together, Family Sharing",True,False,False,0,,45461.0,KZT,410000.0,410000.0,0.0
409710,BioShock™ Remastered,game,False,"15 Sep, 2016","2K Boston, 2K Australia, Blind Squirrel, Feral Interactive (Mac)","2K, Feral Interactive (Mac)","Action, RPG","Single-player, Steam Achievements, Full controller support, Steam Trading Cards, Steam Cloud, Commentary available, Remote Play on Phone, Remote Play on Tablet, Remote Play on TV, Family Sharing",True,True,False,18,80.0,51000.0,KZT,265000.0,66200.0,75.0
686810,Hell Let Loose,game,False,"27 Jul, 2021",Expression Games,Team17,"Action, Indie, Massively Multiplayer, Simulation, Strategy","Multi-player, PvP, Online PvP, Steam Achievements, Partial Controller Support, Family Sharing",True,False,False,0,79.0,97456.0,KZT,1239900.0,1239900.0,0.0
418370,Resident Evil 7 Biohazard,game,False,"Jan 23, 2017","CAPCOM Co., Ltd.","CAPCOM Co., Ltd.","Action, Adventure","Single-player, Steam Achievements, Full controller support, Steam Trading Cards, Steam Cloud, HDR available, Family Sharing",True,False,False,17,83.0,83006.0,USD,1999.0,1999.0,0.0
50130,Mafia II (Classic),game,False,"22 Mar, 2011",2K Czech,2K,Action,"Single-player, Steam Achievements, Partial Controller Support, Family Sharing",True,False,False,18,77.0,35855.0,KZT,959900.0,959900.0,0.0
1454400,Cookie Clicker,game,False,"Sep 1, 2021","Orteil, DashNet",Playsaurus,"Casual, Indie, Simulation, Strategy","Single-player, Steam Achievements, Steam Workshop, Steam Cloud, Family Sharing",True,True,False,0,,85380.0,USD,499.0,499.0,0.0
379430,Kingdom Come: Deliverance,game,False,"13 Feb, 2018",Warhorse Studios,"Warhorse Studios, Deep Silver","Action, Adventure, RPG","Single-player, Steam Achievements, Full controller support, Steam Trading Cards, Steam Cloud, Remote Play on TV, Family Sharing",True,False,False,16,76.0,139246.0,EUR,2999.0,2999.0,0.0
274170,Hotline Miami 2: Wrong Number,game,False,"10 Mar, 2015",Dennaton Games,Devolver Digital,"Action, Indie","Single-player, Steam Achievements, Full controller support, Steam Workshop, Steam Cloud, Steam Leaderboards, Includes level editor, Remote Play on TV, Family Sharing",True,True,True,0,,67141.0,KZT,410000.0,410000.0,0.0
232770,POSTAL,game,True,"14 Nov, 1997",Running With Scissors,Running With Scissors,"Action, Indie","Single-player, Steam Achievements, Full controller support, Steam Trading Cards, Family Sharing",True,True,True,0,56.0,2508.0,,,,
1363080,Manor Lords,game,False,"26 Apr, 2024",Slavic Magic,Hooded Horse,"Simulation, Strategy, Early Access","Single-player, Steam Achievements, Adjustable Text Size, Camera Comfort, Custom Volume Controls, Adjustable Difficulty, Mouse Only Option, Save Anytime, Stereo Sound, Steam Cloud, Family Sharing",True,False,False,0,,73079.0,KZT,790000.0,790000.0,0.0
585690,Minimalism,game,False,"8 Feb, 2017",PixelMouse,PixelMouse,"Action, Adventure, Casual, Indie","Single-player, Steam Achievements, Full controller support, Steam Trading Cards, Family Sharing",True,False,False,0,,2389.0,KZT,30000.0,30000.0,0.0
289650,Assassin's Creed® Unity,game,False,"12 Nov, 2014",Ubisoft,Ubisoft,"Action, Adventure","Single-player, Multi-player, Co-op, Steam Achievements, In-App Purchases, Custom Volume Controls, Adjustable Difficulty, Mouse Only Option, Playable without Timed Input, Save Anytime, Stereo Sound, Surround Sound, Partial Controller Support",True,False,False,0,,76725.0,KZT,734900.0,734900.0,0.0
17410,Mirror's Edge™,game,False,"14 Jan, 2009",DICE,Electronic Arts,"Action, Adventure","Single-player, Full controller support, Steam Trading Cards, Remote Play on TV, Family Sharing",True,False,False,0,81.0,30882.0,CAD,2999.0,2999.0,0.0
4560,Company of Heroes - Legacy Edition,game,False,"17 Jul, 2007",Relic Entertainment,SEGA,"Action, Strategy","Single-player, Multi-player, Steam Trading Cards, Steam Workshop, Steam Cloud, Family Sharing",True,False,False,0,93.0,4773.0,KZT,990000.0,198000.0,80.0
2479810,Gray Zone Warfare,game,False,"30 Apr, 2024","MADFINGER Games, a.s.","MADFINGER Games, a.s.","Action, Massively Multiplayer, Simulation, Early Access","Multi-player, MMO, PvP, Online PvP, Co-op, Online Co-op, Color Alternatives, Custom Volume Controls, Playable without Timed Input, Stereo Sound, Surround Sound",True,False,False,0,,66388.0,KZT,1490000.0,1117500.0,25.0
233130,Shadow Warrior,game,False,"26 Sep, 2013",Flying Wild Hog,Devolver Digital,"Action, Adventure","Single-player, Steam Achievements, Full controller support, Steam Trading Cards, Captions available, Steam Cloud, Remote Play on TV, Family Sharing",True,True,True,18,73.0,15827.0,KZT,760000.0,760000.0,0.0
1056960,Wolfenstein: Youngblood,game,False,"Jul 25, 2019","MachineGames, Arkane Studios",Bethesda Softworks,Action,"Single-player, Multi-player, PvP, Online PvP, Co-op, Online Co-op, Steam Achievements, In-App Purchases, Color Alternatives, Stereo Sound, Surround Sound, Partial Controller Support, Steam Cloud, Family Sharing",True,False,False,17,69.0,12427.0,USD,1999.0,1999.0,0.0
976310,Mortal Kombat 11,game,False,"23 Apr, 2019","NetherRealm Studios, QLOC, Shiver","Warner Bros. Games, Warner Bros. Interactive Entertainment",Action,"Single-player, Multi-player, PvP, Online PvP, Shared/Split Screen PvP, Steam Achievements, Full controller support, Steam Trading Cards, In-App Purchases, Custom Volume Controls, Keyboard Only Option, Narrated Game Menus, Stereo Sound, Surround Sound, Steam Cloud, Remote Play on Phone, Remote Play on Tablet, Remote Play on TV, Remote Play Together, HDR available, Family Sharing",True,False,False,18,82.0,85330.0,KZT,1660000.0,1660000.0,0.0
202990,Call of Duty®: Black Ops II,game,False,"12 Nov, 2012",Treyarch,Activision,Action,"Single-player, Multi-player, Co-op, Steam Achievements, Full controller support, Steam Trading Cards, Steam Cloud, Valve Anti-Cheat enabled, Steam Leaderboards, Remote Play on TV, Family Sharing",True,False,False,18,74.0,22694.0,KZT,3003000.0,3003000.0,0.0
355180,Codename CURE,game,True,"31 Oct, 2017",Raptor Byte,Raptor Byte,"Action, Free To Play","Single-player, Multi-player, Co-op, Online Co-op, LAN Co-op, Cross-Platform Multiplayer, Steam Achievements, Steam Workshop, Partial Controller Support, Includes level editor",True,False,True,0,,287.0,,,,
678950,DRAGON BALL FighterZ,game,False,"26 Jan, 2018",Arc System Works,Bandai Namco Entertainment,Action,"Single-player, Multi-player, PvP, Online PvP, Shared/Split Screen PvP, Shared/Split Screen, Steam Achievements, Full controller support, Steam Trading Cards, Steam Cloud, Remote Play on Phone, Remote Play on Tablet, Remote Play on TV, Remote Play Together, Family Sharing",True,False,False,0,85.0,54372.0,KZT,1117000.0,1117000.0,0.0
1151340,Fallout 76,game,False,"14 Apr, 2020",Bethesda Game Studios,Bethesda Softworks,RPG,"Multi-player, MMO, PvP, Online PvP, Co-op, Online Co-op, Steam Achievements, In-App Purchases, Chat Speech-to-text, Playable without Timed Input, Stereo Sound, Surround Sound, Partial Controller Support, Remote Play on Tablet",True,False,False,18,,76793.0,KZT,1350000.0,1350000.0,0.0
299360,Block N Load,game,False,"30 Apr, 2015","Toadman Interactive, Artplant",Toadman Interactive,"Action, Massively Multiplayer, Strategy, Free To Play","Single-player, Multi-player, Steam Achievements, Steam Trading Cards, Steam Workshop, Valve Anti-Cheat enabled, Stats, Includes level editor, Family Sharing",True,False,False,0,72.0,1823.0,,,,
213670,South Park™: The Stick of Truth™,game,False,"5 Mar, 2014",Obsidian Entertainment,Ubisoft,"Action, Adventure, RPG","Single-player, Steam Achievements, Full controller support, Remote Play on Phone, Remote Play on Tablet, Remote Play on TV, Family Sharing",True,False,False,0,,59846.0,KZT,734900.0,734900.0,0.0
262410,World of Guns: Gun Disassembly,game,True,"21 May, 2014",Noble Empire Corp.,Noble Empire Corp.,"Action, Casual, Indie, Simulation, Strategy, Free To Play","Single-player, Steam Achievements, Steam Trading Cards, Steam Workshop, In-App Purchases",True,True,True,0,,340.0,,,,
224600,Defiance,game,False,"4 Jun, 2014",Trion Worlds,Trion Worlds,"Action, Free To Play, Massively Multiplayer, RPG","Multi-player, MMO, Co-op, Steam Trading Cards, Partial Controller Support",True,False,False,18,64.0,2481.0,,,,
368230,Kingdom: Classic,game,True,"21 Oct, 2015","Noio, Licorice",Raw Fury,"Indie, Simulation, Strategy","Single-player, Steam Achievements, Full controller support, Steam Trading Cards, Steam Cloud, Remote Play on Phone, Remote Play on Tablet, Remote Play on TV",True,True,True,0,74.0,5969.0,,,,
3097560,Liar's Bar,game,False,"2 Oct, 2024",Curve Animation,Curve Animation,"Casual, Indie, Simulation, Strategy, Early Access","Multi-player, PvP, Online PvP, Co-op, Online Co-op, Family Sharing",True,False,False,0,,47818.0,KZT,210000.0,210000.0,0.0
335300,DARK SOULS™ II: Scholar of the First Sin,game,False,"1 Apr, 2015","FromSoftware, Inc.","Bandai Namco Entertainment, FromSoftware, Inc.","Action, RPG","Single-player, Multi-player, Co-op, Steam Achievements, Full controller support, Remote Play on Phone, Remote Play on Tablet, Remote Play on TV, Family Sharing",True,False,False,16,79.0,81841.0,KZT,1199900.0,1199900.0,0.0
233860,Kenshi,game,False,"6 Dec, 2018",Lo-Fi Games,Lo-Fi Games,"Action, Indie, RPG, Simulation, Strategy","Single-player, Steam Trading Cards, Steam Workshop, Includes level editor, Family Sharing",True,False,False,0,75.0,94477.0,KZT,600000.0,600000.0,0.0
391720,Layers of Fear (2016),game,False,"15 Feb, 2016",Bloober Team SA,Bloober Team SA,"Adventure, Indie","Single-player, Steam Achievements, Steam Trading Cards, Partial Controller Support, Steam Cloud, Remote Play on Tablet, Family Sharing",True,True,True,0,73.0,12934.0,EUR,1999.0,199.0,90.0
240720,Getting Over It with Bennett Foddy,game,False,"6 Dec, 2017",Bennett Foddy,Bennett Foddy,Action,"Single-player, Partial Controller Support, Commentary available, Remote Play on Phone, Remote Play on Tablet, Family Sharing",True,True,True,0,,74030.0,KZT,160000.0,160000.0,0.0
838350,The Scroll Of Taiwu,game,False,"20 Sep, 2018",ConchShip Games,ConchShip Games,"Adventure, Casual, Indie, RPG, Strategy, Early Access","Single-player, Steam Workshop, Remote Play on Tablet, Family Sharing",True,False,False,0,,50309.0,KZT,836000.0,836000.0,0.0
238320,Outlast,game,False,"4 Sep, 2013",Red Barrels,Red Barrels,"Action, Adventure, Indie","Single-player, Steam Achievements, Full controller support, Steam Trading Cards, Captions available, Steam Cloud, Remote Play on TV, Family Sharing",True,True,True,0,80.0,101130.0,KZT,410000.0,410000.0,0.0
282070,This War of Mine,game,False,"14 Nov, 2014",11 bit studios,11 bit studios,"Adventure, Indie, Simulation","Single-player, Steam Achievements, Steam Trading Cards, Steam Workshop, Partial Controller Support, Steam Cloud, Family Sharing",True,True,True,0,83.0,88647.0,KZT,520000.0,520000.0,0.0
412020,Metro Exodus,game,False,"14 Feb, 2020",4A Games,Deep Silver,Action,"Single-player, Steam Achievements, Full controller support, Steam Trading Cards, Steam Cloud, Remote Play on Phone, Remote Play on Tablet, Remote Play on TV, Family Sharing",True,True,True,0,85.0,113868.0,KZT,1100000.0,1100000.0,0.0
1158310,Crusader Kings III,game,False,"1 Sep, 2020",Paradox Development Studio,Paradox Interactive,"RPG, Simulation, Strategy","Single-player, Multi-player, PvP, Online PvP, Steam Achievements, Steam Trading Cards, Steam Workshop, Adjustable Text Size, Camera Comfort, Custom Volume Controls, Adjustable Difficulty, Mouse Only Option, Playable without Timed Input, Save Anytime, Steam Cloud, Remote Play on Tablet, Family Sharing",True,True,True,0,91.0,94030.0,KZT,2010000.0,2010000.0,0.0
2567870,Chained Together,game,False,"19 Jun, 2024",Anegar Games,Anegar Games,"Adventure, Casual, Indie, Simulation","Single-player, Multi-player, Co-op, Online Co-op, Shared/Split Screen Co-op, Shared/Split Screen, Partial Controller Support, Remote Play Together, Family Sharing",True,False,False,0,,52340.0,KZT,150000.0,150000.0,0.0
265930,Goat Simulator,game,False,"1 Apr, 2014",Coffee Stain Studios,Coffee Stain Publishing,"Casual, Indie, Simulation","Single-player, Multi-player, Shared/Split Screen, Steam Achievements, Full controller support, Steam Trading Cards, Steam Workshop, Steam Cloud, Steam Leaderboards, Includes level editor, Remote Play on TV, Remote Play Together, Family Sharing",True,True,True,0,62.0,54400.0,KZT,370000.0,370000.0,0.0
214490,Alien: Isolation,game,False,"6 Oct, 2014","Creative Assembly, Feral Interactive (Mac), Feral Interactive (Linux)","SEGA, Feral Interactive (Mac), Feral Interactive (Linux)",Action,"Single-player, Steam Achievements, Full controller support, Camera Comfort, Custom Volume Controls, Adjustable Difficulty, Stereo Sound, Surround Sound, Steam Cloud, Remote Play on TV, Family Sharing",True,True,True,16,81.0,47340.0,CAD,4399.0,4399.0,0.0
362890,Black Mesa,game,False,"6 Mar, 2020",Crowbar Collective,Crowbar Collective,"Action, Adventure, Indie","Single-player, Multi-player, PvP, Online PvP, Cross-Platform Multiplayer, Steam Achievements, Steam Trading Cards, Captions available, Steam Workshop, Partial Controller Support, Steam Cloud, Includes level editor, Includes Source SDK, Remote Play on Phone, Remote Play on Tablet, Family Sharing",True,False,True,0,84.0,132506.0,CAD,2599.0,2599.0,0.0
438740,Friday the 13th: The Game,game,False,"25 May, 2017",IllFonic,Gun Media,Action,"Multi-player, Steam Achievements, Full controller support, Stats, Steam Leaderboards, Remote Play on TV, Family Sharing",True,False,False,0,61.0,64491.0,,,,
617290,Remnant: From the Ashes,game,False,"19 Aug, 2019",Gunfire Games,"Arc Games, THQ Nordic","Action, Adventure, RPG","Single-player, Multi-player, Co-op, Online Co-op, Steam Achievements, Full controller support, Steam Trading Cards, Steam Cloud, Remote Play on Tablet, Remote Play on TV, Family Sharing",True,False,False,16,78.0,46577.0,KZT,580000.0,580000.0,0.0
588430,Fallout Shelter,game,True,"29 Mar, 2017",Bethesda Game Studios,Bethesda Softworks,"RPG, Simulation, Free To Play","Single-player, Steam Achievements, Full controller support, In-App Purchases, Playable without Timed Input, Stereo Sound, Steam Cloud, Stats",True,False,False,0,63.0,,,,,
1943950,Escape the Backrooms,game,False,"23 Oct, 2025","Fancy Games, Blackbird Interactive",Secret Mode,"Action, Indie","Single-player, Multi-player, Co-op, Online Co-op, Steam Achievements, Camera Comfort, Custom Volume Controls, Adjustable Difficulty, Playable without Timed Input, Stereo Sound, Partial Controller Support, Steam Cloud, HDR available, Family Sharing",True,False,False,0,,114931.0,KZT,250000.0,250000.0,0.0
203140,Hitman: Absolution™,game,False,"19 Nov, 2012",Io-Interactive A/S,Io-Interactive A/S,Action,"Single-player, Steam Achievements, Steam Trading Cards, Partial Controller Support, Steam Cloud, Family Sharing",True,False,False,18,79.0,48124.0,KZT,265000.0,265000.0,0.0
12100,Grand Theft Auto III,game,False,"4 Jan, 2008",Rockstar Games,Rockstar Games,Action,"Single-player, Partial Controller Support, Family Sharing",True,False,False,18,93.0,11118.0,,,,
905370,Conqueror's Blade,game,False,"30 May, 2019",Booming Tech,Poros Interactive,"Action, Massively Multiplayer, Strategy, Free To Play","Multi-player, MMO, PvP, Online PvP, Co-op, Online Co-op, In-App Purchases, Remote Play on Tablet, Family Sharing",True,False,False,0,,1042.0,,,,
1056640,Phantasy Star Online 2 New Genesis,game,True,"5 Aug, 2020",SEGA,SEGA,"Action, Massively Multiplayer, RPG, Free To Play","Multi-player, Co-op, Online Co-op, Cross-Platform Multiplayer, Steam Achievements, In-App Purchases, Partial Controller Support, Remote Play on Tablet",True,False,False,18,,,,,,
1942280,Brotato,game,False,"23 Jun, 2023",Blobfish,Blobfish,"Action, Casual, Indie, RPG","Single-player, Multi-player, Co-op, Shared/Split Screen Co-op, Shared/Split Screen, Steam Achievements, Full controller support, Steam Trading Cards, Steam Workshop, Steam Cloud, Remote Play on TV, Remote Play Together, Family Sharing",True,True,True,0,,106913.0,EUR,499.0,499.0,0.0
238460,BattleBlock Theater®,game,False,"15 May, 2014",The Behemoth,The Behemoth,"Action, Adventure, Casual, Indie","Single-player, Multi-player, PvP, Online PvP, Shared/Split Screen PvP, Co-op, Online Co-op, Shared/Split Screen Co-op, Shared/Split Screen, Steam Achievements, Full controller support, Steam Trading Cards, Steam Workshop, Steam Cloud, Stats, Steam Leaderboards, Includes level editor, Remote Play on Phone, Remote Play on Tablet, Remote Play on TV, Remote Play Together, Family Sharing",True,True,False,0,85.0,55519.0,KZT,240000.0,240000.0,0.0
38400,Fallout: A Post Nuclear Role Playing Game,game,False,"1 Nov, 2015",Interplay Inc.,Bethesda Softworks,RPG,"Single-player, Steam Cloud, Family Sharing",True,False,False,15,89.0,16288.0,KZT,336000.0,336000.0,0.0
881020,Granblue Fantasy: Relink,game,False,"31 Jan, 2024","Cygames, Inc.","Cygames, Inc.","Action, Adventure, RPG","Single-player, Multi-player, Co-op, Online Co-op, Steam Achievements, Partial Controller Support, Steam Cloud, Family Sharing",True,False,False,0,,38028.0,KZT,1390000.0,1390000.0,0.0
65800,Dungeon Defenders,game,False,"18 Oct, 2011",Chromatic Games,Chromatic Games,"Action, Indie, RPG, Strategy","Single-player, Multi-player, Co-op, Online Co-op, Shared/Split Screen, Steam Achievements, Full controller support, Steam Trading Cards, Steam Workshop, Steam Cloud, Valve Anti-Cheat enabled, Steam Leaderboards, Remote Play on Phone, Remote Play on Tablet, Remote Play on TV, Remote Play Together, Family Sharing",True,False,False,0,81.0,12007.0,KZT,410000.0,410000.0,0.0
204880,Sins of a Solar Empire®: Rebellion,game,False,"12 Jun, 2012","Ironclad Games Corporation, Stardock Entertainment",Stardock Entertainment,"Action, Indie, Simulation, Strategy","Single-player, Multi-player, PvP, Online PvP, LAN PvP, Co-op, Online Co-op, LAN Co-op, Steam Achievements, Steam Trading Cards, Custom Volume Controls, Adjustable Difficulty, Playable without Timed Input, Save Anytime, Stereo Sound, Surround Sound, Steam Cloud, Includes level editor, Family Sharing",True,False,False,0,82.0,10205.0,KZT,572000.0,572000.0,0.0
235460,METAL GEAR RISING: REVENGEANCE,game,False,"9 Jan, 2014",PlatinumGames,KONAMI,Action,"Single-player, Steam Achievements, Full controller support, Steam Cloud, Family Sharing",True,True,False,18,83.0,68441.0,KZT,1004700.0,1004700.0,0.0
581320,Insurgency: Sandstorm,game,False,"12 Dec, 2018",New World Interactive,Focus Entertainment,Action,"Multi-player, PvP, Online PvP, Co-op, Online Co-op, Cross-Platform Multiplayer, Steam Achievements, Full controller support, Steam Trading Cards, Steam Cloud, Stats, Family Sharing",True,False,False,0,78.0,103022.0,KZT,799000.0,199700.0,75.0
34330,Total War: SHOGUN 2,game,False,"14 Mar, 2011","CREATIVE ASSEMBLY, Feral Interactive (Mac), Feral Interactive (Linux)","SEGA, Feral Interactive (Mac), Feral Interactive (Linux)",Strategy,"Single-player, Multi-player, PvP, Online PvP, LAN PvP, Co-op, Online Co-op, LAN Co-op, Steam Achievements, Steam Trading Cards, Camera Comfort, Custom Volume Controls, Adjustable Difficulty, Playable without Timed Input, Save Anytime, Stereo Sound, Steam Cloud, Valve Anti-Cheat enabled, Stats, Family Sharing",True,True,True,0,90.0,37353.0,KZT,730000.0,730000.0,0.0
387290,Ori and the Blind Forest: Definitive Edition,game,False,"27 Apr, 2016",Moon Studios GmbH,Xbox Game Studios,Action,"Single-player, Steam Achievements, Full controller support, Steam Cloud, Stats, Remote Play on Phone, Remote Play on Tablet, Remote Play on TV, Family Sharing",True,False,False,0,88.0,61760.0,EUR,1999.0,1999.0,0.0
728880,Overcooked! 2,game,False,"7 Aug, 2018","Ghost Town Games Ltd., Team17",Team17,"Action, Casual, Indie","Single-player, Multi-player, PvP, Online PvP, Shared/Split Screen PvP, Co-op, Online Co-op, Shared/Split Screen Co-op, Shared/Split Screen, Steam Achievements, Full controller support, Steam Trading Cards, Steam Cloud, Remote Play on Phone, Remote Play on Tablet, Remote Play on TV, Remote Play Together, Family Sharing",True,True,True,0,81.0,59754.0,KZT,330000.0,330000.0,0.0
391220,Rise of the Tomb Raider™,game,False,"9 Feb, 2016","Crystal Dynamics, Eidos-Montréal, Feral Interactive (Mac), Feral Interactive (Linux), Nixxes","Crystal Dynamics, Feral Interactive (Mac), Feral Interactive (Linux)","Action, Adventure","Single-player, Steam Achievements, Full controller support, Tracked Controller Support, VR Supported, Steam Trading Cards, Steam Cloud, Steam Leaderboards, Remote Play on Phone, Remote Play on Tablet, Remote Play on TV, Family Sharing",True,True,True,18,86.0,123591.0,CNY,14700.0,14700.0,0.0
8870,BioShock Infinite,game,False,"25 Mar, 2013","Irrational Games, Virtual Programming (Linux)",2K,Action,"Single-player, Steam Achievements, Full controller support, Steam Trading Cards, Steam Cloud, Remote Play on Tablet, Remote Play on TV, Family Sharing",True,True,True,17,94.0,108650.0,KZT,390000.0,97500.0,75.0
372000,Tree of Savior (English Ver.),game,True,"28 Mar, 2016","IMCGAMES Co.,Ltd.","IMCGAMES Co.,Ltd.","Massively Multiplayer, RPG, Free To Play","Multi-player, MMO, Steam Trading Cards, In-App Purchases, Partial Controller Support, Valve Anti-Cheat enabled",True,False,False,0,,5759.0,,,,
239030,"Papers, Please",game,False,"8 Aug, 2013",Lucas Pope,3909,"Adventure, Indie","Single-player, Steam Achievements, Steam Trading Cards, Steam Cloud, Stats, Steam Leaderboards, Remote Play on Phone, Remote Play on Tablet, Family Sharing",True,True,True,0,85.0,71942.0,CAD,1299.0,1299.0,0.0
629760,MORDHAU,game,False,"29 Apr, 2019",Triternion,Triternion,"Action, Indie","Multi-player, PvP, Online PvP, Co-op, Online Co-op, Cross-Platform Multiplayer, Steam Achievements, Steam Trading Cards, Partial Controller Support, Steam Cloud, Valve Anti-Cheat enabled, Stats, Remote Play on Phone, Remote Play on Tablet",True,False,False,0,81.0,91605.0,KZT,760000.0,760000.0,0.0
646910,The Crew™ 2,game,False,"28 Jun, 2018",Ivory Tower,Ubisoft,"Action, Massively Multiplayer, Racing","Single-player, Multi-player, MMO, PvP, Online PvP, Co-op, Online Co-op, Steam Achievements, Captions available, In-App Purchases, Partial Controller Support, Remote Play on Phone, Remote Play on Tablet",True,False,False,0,,85740.0,KZT,1129900.0,1129900.0,0.0
367500,Dragon's Dogma: Dark Arisen,game,False,"15 Jan, 2016",Capcom,Capcom,"Action, Adventure, RPG","Single-player, Steam Achievements, Full controller support, Steam Trading Cards, Steam Cloud, Steam Leaderboards, Remote Play on Phone, Remote Play on Tablet, Remote Play on TV, Family Sharing",True,False,False,0,81.0,36944.0,KZT,1091100.0,1091100.0,0.0
13520,Far Cry®,game,False,"1 Apr, 2008",Crytek Studios,Ubisoft,Action,"Single-player, Family Sharing",True,False,False,0,89.0,10731.0,KZT,245000.0,245000.0,0.0
967050,Pacify,game,False,"22 Feb, 2019",Shawn Hitchcock,Hitchcock Games,"Action, Adventure, Casual, Indie, Strategy","Single-player, Multi-player, PvP, Online PvP, Co-op, Online Co-op, Cross-Platform Multiplayer, Steam Achievements, Full controller support, Steam Cloud, Steam Leaderboards, Family Sharing",True,True,False,0,,32641.0,KZT,150000.0,150000.0,0.0
648350,Jurassic World Evolution,game,False,"Jun 11, 2018",Frontier Developments,Frontier Developments,"Simulation, Strategy","Single-player, Steam Achievements, Full controller support, Steam Trading Cards, Steam Cloud, Remote Play on TV, Family Sharing",True,False,False,0,69.0,48095.0,USD,4499.0,1124.0,75.0
2399830,ARK: Survival Ascended,game,False,"25 Oct, 2023","Studio Wildcard, Grove Street Games, Instinct Games","Studio Wildcard, Snail Games USA","Action, Adventure, Indie, Massively Multiplayer, RPG, Early Access","Single-player, Multi-player, MMO, PvP, Online PvP, LAN PvP, Co-op, Online Co-op, LAN Co-op, Shared/Split Screen Co-op, Shared/Split Screen, Cross-Platform Multiplayer, Steam Achievements, Full controller support, Includes level editor, Remote Play Together, Family Sharing",True,False,False,0,,95436.0,ILS,18000.0,4500.0,75.0
471710,Rec Room,game,True,"Sep 2, 2021",Rec Room,Rec Room,"Adventure, Casual, Massively Multiplayer, Free To Play","Multi-player, MMO, PvP, Online PvP, Co-op, Online Co-op, Cross-Platform Multiplayer, Full controller support, Tracked Controller Support, VR Supported, SteamVR Collectibles, In-App Purchases, Includes level editor",True,False,False,0,,110.0,,,,
1372880,The Day Before,game,False,"7 Dec, 2023",FNTASTIC, Mytona Fntastic,"Action, Adventure, Massively Multiplayer, Early Access","Multi-player, MMO, PvP, Online PvP, Co-op, Online Co-op, Family Sharing",True,False,False,0,,21938.0,,,,
524220,NieR:Automata™,game,False,"Mar 17, 2017","Square Enix, PlatinumGames Inc.",Square Enix,"Action, RPG","Single-player, Steam Achievements, Steam Trading Cards, Custom Volume Controls, Adjustable Difficulty, Playable without Timed Input, Stereo Sound, Partial Controller Support, Steam Cloud, Remote Play on Phone, Remote Play on Tablet, Family Sharing",True,False,False,0,84.0,113017.0,USD,3999.0,3999.0,0.0
305620,The Long Dark,game,False,"1 Aug, 2017",Hinterland Studio Inc.,Hinterland Studio Inc.,"Adventure, Indie, Simulation, Strategy","Single-player, Steam Achievements, Full controller support, Steam Trading Cards, Steam Cloud, Remote Play on TV, Family Sharing",True,True,True,0,,109933.0,KZT,450000.0,450000.0,0.0
475150,Titan Quest Anniversary Edition,game,False,"31 Aug, 2016","Iron Lore Entertainment, THQ Nordic",THQ Nordic,"Action, RPG","Single-player, Multi-player, PvP, Online PvP, Co-op, Online Co-op, Steam Achievements, Steam Trading Cards, Steam Workshop, Partial Controller Support, Steam Cloud, Includes level editor, Family Sharing",True,False,False,0,,25562.0,KZT,349900.0,349900.0,0.0
47870,Need For Speed: Hot Pursuit,game,False,"14 Dec, 2010",Criterion Games,Electronic Arts,Racing,"Single-player, Multi-player, PvP, Online PvP, Steam Trading Cards, Partial Controller Support, Family Sharing",True,False,False,0,86.0,17429.0,,,,
629520,Soundpad,game,False,"30 Sep, 2017",Leppsoft,Leppsoft,"Audio Production, Utilities",Family Sharing,True,False,False,0,,93257.0,EUR,499.0,499.0,0.0
282440,Quake Live,game,False,"17 Sep, 2014",id Software,Bethesda Softworks,Action,"Single-player, Multi-player, Steam Achievements, Steam Trading Cards, Steam Workshop, Partial Controller Support, Steam Cloud, Stats, Family Sharing",True,False,False,0,,4266.0,KZT,336000.0,336000.0,0.0
436150,Governor of Poker 3,game,True,"19 Feb, 2016",Playtika Ltd.,Playtika Ltd.,"Casual, Massively Multiplayer, Simulation, Free To Play","Multi-player, MMO, PvP, Online PvP, Co-op, Online Co-op, Cross-Platform Multiplayer, Steam Achievements, In-App Purchases",True,True,False,0,,,,,,
1304930,The Outlast Trials,game,False,"5 Mar, 2024",Red Barrels,Red Barrels,"Action, Adventure, Indie","Single-player, Multi-player, Co-op, Online Co-op, Full controller support, Family Sharing",True,False,False,0,,83421.0,KZT,930000.0,279000.0,70.0
33230,Assassin's Creed 2,game,False,"4 Mar, 2010",Ubisoft Montreal,Ubisoft,"Action, Adventure",Single-player,True,False,False,0,86.0,56222.0,KZT,245000.0,245000.0,0.0
427730,Who's Your Daddy?!,game,False,"13 May, 2016",Evil Tortilla Games,Evil Tortilla Games,"Action, Casual, Indie","Multi-player, PvP, Online PvP, Shared/Split Screen PvP, Shared/Split Screen, Cross-Platform Multiplayer, Steam Achievements, Steam Trading Cards, Partial Controller Support, Remote Play Together, Family Sharing",True,True,False,0,,25541.0,KZT,71500.0,71500.0,0.0
221040,Resident Evil 6,game,False,"21 Mar, 2013",Capcom,Capcom,"Action, Adventure","Single-player, Multi-player, Co-op, Shared/Split Screen, Steam Achievements, Steam Trading Cards, Partial Controller Support, Steam Cloud, Valve Anti-Cheat enabled, Steam Leaderboards, Remote Play Together, Family Sharing",True,False,False,17,69.0,48467.0,INR,109900.0,109900.0,0.0
1274570,DEVOUR,game,False,"28 Jan, 2021",Straight Back Games,Straight Back Games,Indie,"Single-player, Multi-player, Co-op, Online Co-op, Steam Achievements, Full controller support, Tracked Controller Support, VR Supported, Steam Trading Cards, Steam Cloud, Family Sharing",True,True,False,0,,68005.0,KZT,290000.0,290000.0,0.0
1222700,A Way Out,game,False,"18 Jun, 2020",Hazelight Studios,Electronic Arts,"Action, Adventure, Indie","Multi-player, Co-op, Online Co-op, Shared/Split Screen Co-op, Shared/Split Screen, Steam Achievements, Full controller support, Steam Trading Cards, Remote Play on Phone, Remote Play on Tablet, Remote Play on TV, Remote Play Together",True,False,False,0,78.0,75931.0,ILS,15900.0,15900.0,0.0
1468810,鬼谷八荒 Tale of Immortal,game,False,"26 May, 2023",鬼谷工作室,"鬼谷工作室, Lightning Games","Action, Adventure, Indie, RPG, Simulation","Single-player, Steam Achievements, Full controller support, Steam Workshop, Steam Cloud, Remote Play on Tablet, Family Sharing",True,False,False,0,,190915.0,CNY,6800.0,5440.0,20.0
287390,Metro: Last Light Redux,game,False,"27 Aug, 2014",4A Games,Deep Silver,Action,"Single-player, Steam Achievements, Full controller support, Steam Trading Cards, Steam Cloud, Remote Play on TV, Family Sharing",True,True,True,0,76.0,68088.0,KZT,700000.0,700000.0,0.0
570940,DARK SOULS™: REMASTERED,game,False,"23 May, 2018","QLOC, FromSoftware, Inc.","FromSoftware, Inc., Bandai Namco Entertainment",Action,"Single-player, Multi-player, Steam Achievements, Full controller support, Remote Play on Phone, Remote Play on Tablet, Remote Play on TV, Family Sharing",True,False,False,0,84.0,97236.0,KZT,1199900.0,1199900.0,0.0
1272080,PAYDAY 3,game,False,"21 Sep, 2023",Starbreeze Studios,Starbreeze Entertainment,"Action, Adventure, RPG","Single-player, Multi-player, Co-op, Online Co-op, Cross-Platform Multiplayer, Steam Achievements, Steam Trading Cards, In-App Purchases, Camera Comfort, Custom Volume Controls, Adjustable Difficulty, Stereo Sound, Subtitle Options, Surround Sound, Partial Controller Support, Steam Cloud, Family Sharing",True,False,False,18,66.0,47744.0,KZT,830000.0,415000.0,50.0
316010,Magic Duels,game,False,"29 Jul, 2015",Stainless Games Ltd.,Wizards of the Coast LLC,"Free To Play, Strategy","Single-player, Multi-player, Co-op, Shared/Split Screen, Steam Achievements, Full controller support, In-App Purchases, Steam Cloud, Remote Play Together, Family Sharing",True,False,False,0,,1384.0,,,,
105450,Age of Empires® III (2007),game,False,"5 Jan, 2012",Ensemble Studios,Xbox Game Studios,"Simulation, Strategy","Single-player, Multi-player, Steam Trading Cards, Family Sharing",True,False,False,0,81.0,27575.0,,,,
1167630,Teardown,game,False,"Apr 21, 2022",Tuxedo Labs,Tuxedo Labs,"Action, Indie, Simulation, Strategy","Single-player, Multi-player, PvP, Online PvP, Co-op, Online Co-op, Steam Achievements, Full controller support, Steam Workshop, Steam Cloud, Includes level editor, Remote Play on Tablet, Family Sharing",True,False,False,0,80.0,121258.0,USD,2999.0,2999.0,0.0
11020,TrackMania Nations Forever,game,True,"16 Apr, 2008",Nadeo,Ubisoft,Racing,"Single-player, Multi-player, Includes level editor",True,False,False,0,,170.0,,,,
12200,Bully: Scholarship Edition,game,False,"23 Dec, 2010",Rockstar New England,Rockstar Games,"Action, Adventure","Single-player, Partial Controller Support, Family Sharing",True,False,False,0,72.0,36277.0,KZT,240000.0,84000.0,65.0
881100,Noita,game,False,"15 Oct, 2020",Nolla Games,Nolla Games,"Action, Adventure, Indie, RPG, Simulation","Single-player, Steam Achievements, Steam Workshop, Partial Controller Support, Steam Cloud, Family Sharing",True,False,False,0,,79345.0,EUR,1899.0,1899.0,0.0
1313140,Cult of the Lamb,game,False,"11 Aug, 2022",Massive Monster,Devolver Digital,"Action, Adventure, Indie, Strategy","Single-player, Multi-player, Co-op, Shared/Split Screen Co-op, Shared/Split Screen, Steam Achievements, Full controller support, Steam Trading Cards, Adjustable Text Size, Camera Comfort, Custom Volume Controls, Adjustable Difficulty, Keyboard Only Option, Save Anytime, Stereo Sound, Steam Cloud, Remote Play Together, Family Sharing",True,True,False,0,82.0,106838.0,KZT,600000.0,600000.0,0.0
261570,Ori and the Blind Forest,game,False,"10 Mar, 2015",Moon Studios GmbH,Xbox Game Studios,Action,"Single-player, Steam Achievements, Full controller support, Steam Trading Cards, Steam Cloud, Stats, Remote Play on TV, Family Sharing",True,False,False,0,88.0,50490.0,,,,
1361210,"Warhammer 40,000: Darktide",game,False,"30 Nov, 2022",Fatshark,Fatshark,"Action, Adventure, RPG","Multi-player, Co-op, Online Co-op, Cross-Platform Multiplayer, Steam Achievements, Captions available, In-App Purchases, Partial Controller Support, Family Sharing",True,False,False,0,,103473.0,KZT,1299900.0,324900.0,75.0
221910,The Stanley Parable,game,False,"17 Oct, 2013",Galactic Cafe,"Galactic Cafe, Klei Publishing","Adventure, Indie","Single-player, Steam Achievements, Full controller support, Captions available, Steam Cloud, Remote Play on Phone, Remote Play on Tablet, Remote Play on TV, Family Sharing",True,True,True,0,88.0,39990.0,KZT,410000.0,410000.0,0.0
238090,Sniper Elite 3,game,False,"27 Jun, 2014",Rebellion,Rebellion,"Action, Adventure","Single-player, Multi-player, Co-op, Steam Achievements, Full controller support, Steam Trading Cards, Steam Cloud, Steam Leaderboards, Remote Play on TV, Family Sharing",True,False,False,0,,21202.0,KZT,760000.0,760000.0,0.0
242720,GunZ 2: The Second Duel,game,True,"1 May, 2014",Masangsoft,Masangsoft,"Action, Indie, Free To Play","Multi-player, Co-op, Steam Achievements, Steam Trading Cards, Captions available",True,False,False,0,,,,,,
1250410,Microsoft Flight Simulator (2020) 40th Anniversary Edition,game,False,"17 Aug, 2020",Asobo Studio,Xbox Game Studios,Simulation,"Single-player, Multi-player, Steam Achievements, Full controller support, VR Supported, In-App Purchases, HDR available, Family Sharing",True,False,False,0,91.0,68751.0,KZT,2000000.0,2000000.0,0.0
644930,They Are Billions,game,False,"18 Jun, 2019",Numantian Games,Numantian Games,Strategy,"Single-player, Steam Achievements, Steam Trading Cards, Steam Workshop, Steam Cloud, Stats, Steam Leaderboards, Includes level editor, Remote Play on Tablet, Family Sharing",True,False,False,0,77.0,45690.0,KZT,390000.0,390000.0,0.0
641990,The Escapists 2,game,False,"21 Aug, 2017","Team17, Mouldy Toof Studios",Team17,"Indie, Simulation, Strategy","Single-player, Multi-player, PvP, Online PvP, Shared/Split Screen PvP, Co-op, Online Co-op, Shared/Split Screen Co-op, Shared/Split Screen, Steam Achievements, Full controller support, Steam Trading Cards, Steam Cloud, Steam Leaderboards, Remote Play on Phone, Remote Play on Tablet, Remote Play on TV, Remote Play Together, Family Sharing",True,True,True,0,75.0,26187.0,EUR,1999.0,1999.0,0.0
1254120,Bless Unleashed,game,True,"6 Aug, 2021",VALOFE,VALOFE,"Action, Massively Multiplayer, RPG, Free To Play","Multi-player, MMO, Steam Achievements, Full controller support, Steam Trading Cards, In-App Purchases",True,False,False,0,,209.0,,,,
222880,Insurgency,game,False,"22 Jan, 2014",New World Interactive,New World Interactive,"Action, Indie, Strategy","Multi-player, Co-op, Cross-Platform Multiplayer, Steam Achievements, Full controller support, Steam Trading Cards, Steam Workshop, Valve Anti-Cheat enabled, Includes level editor, Family Sharing",True,True,True,0,74.0,86413.0,KZT,240000.0,240000.0,0.0
201790,Orcs Must Die! 2,game,False,"30 Jul, 2012",Robot Entertainment,Robot Entertainment,"Action, Adventure, Indie, RPG, Strategy","Single-player, Multi-player, Co-op, Online Co-op, LAN Co-op, Steam Achievements, Full controller support, Steam Trading Cards, Steam Workshop, Steam Cloud, Steam Leaderboards, Family Sharing",True,False,False,0,83.0,12858.0,KZT,240000.0,240000.0,0.0
1569040,Football Manager 2022,game,False,"9 Nov, 2021",Sports Interactive,SEGA,"Simulation, Sports","Single-player, Multi-player, Steam Achievements, Steam Cloud, Family Sharing",True,True,False,0,85.0,13796.0,,,,
203290,America's Army: Proving Grounds,game,True,"29 Aug, 2013",U.S. Army,U.S. Army,"Action, Free To Play","Single-player, Multi-player, Steam Achievements, Steam Trading Cards, Steam Workshop, Partial Controller Support, Steam Cloud, Stats, Steam Leaderboards, Includes level editor",True,False,False,0,,126.0,,,,
2670630,Supermarket Simulator,game,False,"19 Jun, 2025",Nokta Games,Nokta Games,"Casual, Indie, Simulation","Single-player, Multi-player, Co-op, Online Co-op, Steam Achievements, Full controller support, Steam Cloud, Family Sharing",True,True,False,0,,77336.0,KZT,520000.0,520000.0,0.0
286570,F1 2015,game,False,"9 Jul, 2015","Codemasters, Feral Interactive (Linux)","Codemasters, Feral Interactive (Linux)","Racing, Sports","Single-player, Multi-player, Cross-Platform Multiplayer, Steam Achievements, Full controller support, Steam Trading Cards, Steam Cloud, Steam Leaderboards, Remote Play on TV, Family Sharing",True,False,True,0,61.0,1283.0,,,,
787860,Farming Simulator 19,game,False,"19 Nov, 2018",Giants Software,Giants Software,Simulation,"Single-player, Multi-player, Co-op, Online Co-op, Steam Achievements, Full controller support, Steam Trading Cards, Steam Cloud, Remote Play on Tablet, Remote Play on TV, Family Sharing",True,True,False,0,73.0,64263.0,KZT,590000.0,590000.0,0.0
466560,Northgard: Definitive Edition,game,False,"7 Mar, 2018",Shiro Games,Shiro Games,"Adventure, Indie, Simulation, Strategy","Single-player, Multi-player, PvP, Online PvP, Co-op, Online Co-op, Steam Achievements, Steam Trading Cards, Steam Workshop, Steam Workshop, Steam Cloud, Includes level editor, Family Sharing",True,True,True,0,81.0,54068.0,KZT,880000.0,880000.0,0.0
207140,SpeedRunners,game,False,"19 Apr, 2016",DoubleDutch Games,tinyBuild,"Action, Casual, Indie, Racing, Sports","Single-player, Multi-player, PvP, Online PvP, Shared/Split Screen PvP, Shared/Split Screen, Cross-Platform Multiplayer, Steam Achievements, Full controller support, Steam Trading Cards, Steam Workshop, Steam Cloud, Stats, Includes level editor, Remote Play on Phone, Remote Play on Tablet, Remote Play on TV, Remote Play Together, Family Sharing",True,True,True,0,84.0,22774.0,KZT,410000.0,410000.0,0.0
1092790,Inscryption,game,False,"19 Oct, 2021",Daniel Mullins Games,Devolver Digital,"Adventure, Indie, Strategy","Single-player, Steam Achievements, Steam Trading Cards, Steam Cloud, Family Sharing",True,True,True,0,85.0,131686.0,CAD,2279.0,2279.0,0.0
431240,Golf With Your Friends,game,False,"19 May, 2020","Blacklight Interactive, Team17",Team17,"Casual, Indie, Sports","Single-player, Multi-player, PvP, Online PvP, Shared/Split Screen PvP, Shared/Split Screen, Steam Achievements, Steam Workshop, Partial Controller Support, Stats, Includes level editor, Remote Play on Phone, Remote Play on Tablet, Remote Play Together, Family Sharing",True,True,True,0,,49065.0,KZT,372200.0,372200.0,0.0
248570,Toribash,game,True,"16 May, 2014",Nabi Studios,"Nicalis, Inc.","Action, Indie, Strategy, Free To Play","Single-player, Multi-player, PvP, Online PvP, Cross-Platform Multiplayer, Steam Achievements, Steam Trading Cards, In-App Purchases, Steam Cloud, Includes level editor",True,True,True,0,,146.0,,,,
107100,Bastion,game,False,"16 Aug, 2011",Supergiant Games,Supergiant Games,"Action, Indie, RPG","Single-player, Steam Achievements, Full controller support, Steam Trading Cards, Steam Cloud, Steam Leaderboards, Remote Play on Phone, Remote Play on Tablet, Remote Play on TV, Family Sharing",True,True,True,0,86.0,28074.0,KZT,410000.0,410000.0,0.0
209000,Batman™: Arkham Origins,game,False,"24 Oct, 2013","WB Games Montreal, Splash Damage",Warner Bros. Interactive Entertainment,"Action, Adventure","Single-player, Steam Achievements, Full controller support, Steam Trading Cards, Steam Cloud, Steam Leaderboards, Family Sharing",True,False,False,0,74.0,44080.0,AUD,2895.0,2895.0,0.0
24960,Battlefield: Bad Company™ 2,game,False,"2 Mar, 2010",DICE,Electronic Arts,Action,"Single-player, Multi-player, Steam Trading Cards, Family Sharing",True,False,False,0,87.0,31875.0,,,,
848450,Subnautica: Below Zero,game,False,"13 May, 2021",Unknown Worlds Entertainment,Unknown Worlds Entertainment,"Adventure, Indie","Single-player, Steam Achievements, Full controller support, Steam Trading Cards, Steam Cloud, Remote Play on TV, Family Sharing",True,True,False,0,,96256.0,KZT,977000.0,244200.0,75.0
286940,S.K.I.L.L. - Special Force 2 (Shooter),game,False,"19 May, 2015","Dragonfly GF Co., LTD",,"Action, Adventure, Free To Play, Sports, Strategy","Single-player, Multi-player, MMO, PvP, Online PvP, Co-op, Online Co-op, Steam Trading Cards, In-App Purchases, Family Sharing",True,False,False,0,,267.0,,,,
740130,Tales of ARISE,game,False,"8 Nov, 2023",Bandai Namco Studios Inc.,Bandai Namco Entertainment,"Action, RPG","Single-player, Steam Achievements, Full controller support, Steam Trading Cards, Steam Cloud, Family Sharing",True,False,False,0,84.0,27447.0,KZT,2475900.0,2475900.0,0.0
17390,SPORE™,game,False,"19 Dec, 2008",Maxis™,Electronic Arts,"Action, Adventure, Casual, RPG, Simulation, Strategy","Single-player, Steam Trading Cards, Family Sharing",True,False,False,0,84.0,65468.0,KZT,265000.0,265000.0,0.0
530700,Argo,game,False,"22 Jun, 2017",Bohemia Interactive,Bohemia Interactive,"Action, Free To Play","Single-player, Multi-player, PvP, Online PvP, Shared/Split Screen PvP, Co-op, Online Co-op, Shared/Split Screen Co-op, Partial Controller Support, Includes level editor, Remote Play Together, Family Sharing",True,False,False,0,,,,,,
2622380,ELDEN RING NIGHTREIGN,game,False,"29 May, 2025","FromSoftware, Inc.","FromSoftware, Inc., Bandai Namco Entertainment","Action, RPG","Single-player, Multi-player, Co-op, Online Co-op, Steam Achievements, Full controller support, Camera Comfort, Custom Volume Controls, Playable without Timed Input, Stereo Sound, Surround Sound, Steam Cloud, Family Sharing",True,False,False,0,,125027.0,KZT,1979900.0,1979900.0,0.0
220240,Far Cry 3,game,False,"28 Nov, 2012","Ubisoft Montreal, Massive Entertainment, and Ubisoft Shanghai",Ubisoft,"Action, Adventure","Single-player, Multi-player, Co-op, Steam Achievements, Partial Controller Support",True,False,False,0,88.0,118132.0,KZT,489900.0,489900.0,0.0
1217060,Gunfire Reborn,game,False,"17 Nov, 2021",Gunfire Reborn Studio,Duoyi Games,"Action, Adventure, Indie, RPG","Single-player, Multi-player, Co-op, Online Co-op, Steam Achievements, Full controller support, Steam Trading Cards, Steam Cloud, Remote Play on Phone, Remote Play on Tablet, Family Sharing",True,False,False,0,,87909.0,KZT,519900.0,519900.0,0.0
1248130,Farming Simulator 22,game,False,"21 Nov, 2021",Giants Software,Giants Software,Simulation,"Single-player, Multi-player, Co-op, Online Co-op, Cross-Platform Multiplayer, Steam Achievements, Full controller support, Steam Trading Cards, Steam Cloud, Remote Play on TV, Family Sharing",True,True,False,0,,68075.0,KZT,890000.0,890000.0,0.0
437900,Party Jousting,game,True,"1 Mar, 2016",vikingfabian,vikingfabian,"Casual, Indie, Sports","Multi-player, PvP, Shared/Split Screen PvP, Shared/Split Screen, Steam Achievements, Full controller support, Remote Play on TV, Remote Play Together",True,False,False,0,,,,,,
635260,CarX Drift Racing Online,game,False,"17 Nov, 2017","CarX Technologies, LLC","CarX Technologies, LLC","Action, Casual, Massively Multiplayer, Racing, Simulation, Sports","Single-player, Multi-player, PvP, Online PvP, Co-op, Online Co-op, Cross-Platform Multiplayer, Steam Achievements, VR Supported, Steam Trading Cards, Steam Workshop, Camera Comfort, Custom Volume Controls, Adjustable Difficulty, Keyboard Only Option, Mouse Only Option, Playable without Timed Input, Stereo Sound, Partial Controller Support, Steam Cloud, Includes level editor, Remote Play on Phone, Remote Play on Tablet, Family Sharing",True,False,False,0,,81778.0,KZT,410000.0,410000.0,0.0
259080,Just Cause 2: Multiplayer Mod,game,True,"16 Dec, 2013",Avalanche Studios,Square Enix,"Action, Adventure","Single-player, Multi-player, Steam Achievements, Partial Controller Support",True,False,False,0,,,,,,
414340,Hellblade: Senua's Sacrifice,game,False,"7 Aug, 2017",Ninja Theory,"Ninja Theory, Xbox Game Studios","Action, Adventure, Indie","Single-player, Steam Achievements, Full controller support, Steam Trading Cards, Steam Cloud, Remote Play on TV, Family Sharing",True,False,False,18,83.0,66060.0,KZT,699900.0,699900.0,0.0
42700,Call of Duty®: Black Ops,game,False,"9 Nov, 2010",Treyarch,Activision,Action,"Single-player, Multi-player, Co-op, Steam Achievements, Partial Controller Support, Valve Anti-Cheat enabled, Family Sharing",True,False,False,18,81.0,21728.0,KZT,2002000.0,2002000.0,0.0
108710,Alan Wake,game,False,"16 Feb, 2012",Remedy Entertainment,Remedy Entertainment,"Action, Adventure","Single-player, Steam Achievements, Full controller support, Steam Trading Cards, Steam Cloud, Remote Play on TV, Family Sharing",True,False,False,0,83.0,43437.0,KZT,410000.0,410000.0,0.0
55100,Homefront,game,False,"14 Mar, 2011","Kaos Studios, Digital Extremes",Deep Silver,Action,"Single-player, Multi-player, Steam Achievements, Partial Controller Support, Steam Cloud, Valve Anti-Cheat enabled, Family Sharing",True,False,False,0,70.0,4017.0,KZT,670000.0,67000.0,90.0
1520470,Soul Dossier,game,True,"29 Mar, 2021",GKD GAME,GKD GAME,"Action, Adventure, Massively Multiplayer, RPG, Strategy, Free To Play","Multi-player, PvP, Online PvP, Co-op, Online Co-op",True,False,False,0,,,,,,
644560,Mirror,game,False,"19 Apr, 2018",KAGAMI WORKS,Paradise Project,"Adventure, Indie, RPG","Single-player, Steam Achievements, Steam Trading Cards, Steam Cloud, Remote Play on Phone, Remote Play on Tablet, Family Sharing",True,True,False,0,,73511.0,KZT,60000.0,60000.0,0.0
1263850,Football Manager 2021,game,False,"24 Nov, 2020",Sports Interactive,SEGA,"Simulation, Sports","Single-player, Multi-player, Steam Achievements, Steam Cloud, Family Sharing",True,True,False,0,,14382.0,,,,
407530,ARK: The Survival Of The Fittest,game,False,"29 Aug, 2017","Studio Wildcard, Instinct Games, Efecto Studios, Virtual Basement LLC",Studio Wildcard,"Action, Adventure, Indie, Massively Multiplayer, RPG, Strategy","Multi-player, Co-op, Steam Workshop, Partial Controller Support, Stats, Steam Leaderboards, Includes level editor, Family Sharing",True,False,False,0,,4611.0,,,,
774171,Muse Dash,game,False,"19 Jun, 2019",peropero,hasuhasu,"Action, Casual, Indie","Single-player, Partial Controller Support, Steam Cloud, Remote Play on Phone, Remote Play on Tablet, Remote Play on TV, Family Sharing",True,True,False,0,,115149.0,KZT,95000.0,95000.0,0.0
279720,The I of the Dragon,game,False,"6 Mar, 2015",Primal,TopWare Interactive,RPG,"Single-player, Steam Trading Cards, Family Sharing",True,True,True,0,,451.0,KZT,230000.0,230000.0,0.0
201810,Wolfenstein: The New Order,game,False,"19 May, 2014",MachineGames,Bethesda Softworks,Action,"Single-player, Steam Achievements, Playable without Timed Input, Stereo Sound, Surround Sound, Partial Controller Support, Steam Leaderboards, Family Sharing",True,False,False,17,81.0,45291.0,KZT,671000.0,671000.0,0.0
319510,Five Nights at Freddy's,game,False,"19 Aug, 2014",Scott Cawthon,Scott Cawthon,"Indie, Simulation","Single-player, Family Sharing",True,False,False,0,78.0,52555.0,KZT,105000.0,105000.0,0.0
1888160,ARMORED CORE™ VI FIRES OF RUBICON™,game,False,"24 Aug, 2023","FromSoftware, Inc.","FromSoftware, Inc., Bandai Namco Entertainment Inc.",Action,"Single-player, Multi-player, PvP, Online PvP, Steam Achievements, Steam Trading Cards, Camera Comfort, Custom Volume Controls, Playable without Timed Input, Stereo Sound, Surround Sound, Partial Controller Support, Steam Cloud, Family Sharing",True,False,False,12,86.0,65245.0,KZT,1799900.0,1799900.0,0.0
310950,Street Fighter V,game,False,"15 Feb, 2016","CAPCOM Co., Ltd.","CAPCOM Co., Ltd.",Action,"Single-player, Multi-player, Cross-Platform Multiplayer, Steam Achievements, Full controller support, Steam Trading Cards, Remote Play on Phone, Remote Play on Tablet, Remote Play on TV, Family Sharing",True,False,False,0,89.0,27710.0,KZT,727300.0,727300.0,0.0
674020,World War 3,game,True,"10 Dec, 2022",New Generation Games,Wishlist Games,"Action, Free To Play","Multi-player, PvP, Online PvP, Partial Controller Support",True,False,False,0,,28791.0,,,,
952060,Resident Evil 3,game,False,"2 Apr, 2020","CAPCOM Co., Ltd.","CAPCOM Co., Ltd.",Action,"Single-player, Multi-player, PvP, Online PvP, Steam Achievements, Full controller support, Steam Trading Cards, Steam Cloud, Remote Play on Tablet, HDR available, Family Sharing",True,False,False,0,77.0,84617.0,EUR,3999.0,3999.0,0.0
949230,Cities: Skylines II,game,False,"24 Oct, 2023","Iceflake Studios, Colossal Order",Paradox Interactive,Simulation,"Single-player, Steam Achievements, Full controller support, Steam Cloud, Family Sharing",True,False,False,0,,61165.0,KZT,2010000.0,2010000.0,0.0
1466860,Age of Empires IV: Anniversary Edition,game,False,"28 Oct, 2021","World's Edge, Relic Entertainment, Forgotten Empires, Climax Studios",Xbox Game Studios,Strategy,"Single-player, Multi-player, PvP, Online PvP, Co-op, Online Co-op, Cross-Platform Multiplayer, Steam Achievements, Family Sharing",True,False,False,0,81.0,69948.0,HKD,25900.0,25900.0,0.0
388410,Darksiders II Deathinitive Edition,game,False,"5 Nov, 2015","Gunfire Games, Vigil Games, THQ Nordic",THQ Nordic,"Action, Adventure, RPG","Single-player, Steam Achievements, Full controller support, Steam Trading Cards, Steam Cloud, Steam Leaderboards, Remote Play on Phone, Remote Play on Tablet, Remote Play on TV, Family Sharing",True,False,False,0,,15795.0,CAD,3299.0,3299.0,0.0
1904540,Football Manager 2023,game,False,"8 Nov, 2022",Sports Interactive,SEGA,"Simulation, Sports","Single-player, Multi-player, Steam Achievements, Steam Cloud, Family Sharing",True,True,False,0,,13459.0,,,,
544810,KARDS - The WW2 Card Game,game,True,"15 Apr, 2020",1939 Games,1939 Games,"Casual, Indie, Strategy, Free To Play","Single-player, Multi-player, PvP, Online PvP, In-App Purchases, Remote Play on Tablet",True,False,False,0,80.0,161.0,,,,
611500,Quake Champions,game,True,"Aug 18, 2022",id Software,Bethesda Softworks,"Action, Free To Play","Multi-player, PvP, Online PvP, Steam Achievements",True,False,False,17,,6333.0,,,,
50,Half-Life: Opposing Force,game,False,"1 Nov, 1999",Gearbox Software,Valve,Action,"Single-player, Multi-player, Custom Volume Controls, Adjustable Difficulty, Playable without Timed Input, Save Anytime, Valve Anti-Cheat enabled, Family Sharing",True,True,True,0,,24648.0,KZT,150000.0,150000.0,0.0
1408720,Krunker,game,False,"1 Feb, 2021",FRVR,FRVR,"Action, Casual","Multi-player, PvP, Online PvP, Co-op, Online Co-op, Cross-Platform Multiplayer, Partial Controller Support, Includes level editor, Family Sharing",True,True,False,0,,,,,,
310560,DiRT Rally,game,False,"7 Dec, 2015","Codemasters, Feral Interactive (Linux), Feral Interactive (Mac)","Codemasters, Feral Interactive (Linux), Feral Interactive (Mac), Electronic Arts","Racing, Simulation, Sports","Single-player, Multi-player, Steam Achievements, Full controller support, VR Supported, Steam Trading Cards, Steam Workshop, Steam Cloud, Valve Anti-Cheat enabled, Steam Leaderboards, Remote Play on Phone, Remote Play on Tablet, Remote Play on TV, Family Sharing",True,True,True,0,86.0,20651.0,,,,
1845910,Dragon Age™: The Veilguard,game,False,"31 Oct, 2024",BioWare,Electronic Arts,"Action, Adventure, RPG, Strategy","Single-player, Steam Achievements, Full controller support, Steam Trading Cards, Color Alternatives, Custom Volume Controls, Adjustable Difficulty, Save Anytime, Stereo Sound, Subtitle Options, Surround Sound, Steam Cloud, Remote Play on TV, HDR available, Family Sharing",True,False,False,18,,40636.0,KZT,1999900.0,1999900.0,0.0
254700,Resident Evil 4 (2005),game,False,"27 Feb, 2014",Capcom,Capcom,"Action, Adventure","Single-player, Steam Achievements, Full controller support, Steam Trading Cards, Captions available, Steam Cloud, Steam Leaderboards, Family Sharing",True,False,False,17,79.0,75890.0,KZT,727300.0,727300.0,0.0
1029690,Sniper Elite 5,game,False,"May 25, 2022",Rebellion,Rebellion,"Action, Adventure","Single-player, Multi-player, PvP, Online PvP, Co-op, Online Co-op, Cross-Platform Multiplayer, Steam Achievements, Steam Trading Cards, In-App Purchases, Adjustable Text Size, Camera Comfort, Color Alternatives, Adjustable Difficulty, Keyboard Only Option, Playable without Timed Input, Save Anytime, Subtitle Options, Partial Controller Support, Steam Cloud, Family Sharing",True,False,False,0,79.0,23674.0,USD,4999.0,4999.0,0.0
12220,Grand Theft Auto: Episodes from Liberty City,game,False,"12 Apr, 2010",Rockstar North / Toronto,Rockstar Games,Action,"Single-player, Multi-player",True,False,False,18,,7228.0,,,,
308040,Back to Bed,game,False,"6 Aug, 2014",Bedtime Digital Games,Bedtime Digital Games,"Action, Casual, Indie","Single-player, Steam Achievements, Full controller support, Steam Trading Cards, Captions available, Steam Cloud, Remote Play on TV, Family Sharing",True,True,True,0,,730.0,KZT,125000.0,125000.0,0.0
815370,Green Hell,game,False,"5 Sep, 2019",Creepy Jar,Creepy Jar,"Action, Adventure, Indie, Simulation","Single-player, Multi-player, Co-op, Online Co-op, Steam Achievements, Steam Trading Cards, Adjustable Text Size, Camera Comfort, Custom Volume Controls, Adjustable Difficulty, Playable without Timed Input, Stereo Sound, Subtitle Options, Partial Controller Support, Steam Cloud, Remote Play on Tablet, Family Sharing",True,False,False,0,78.0,74676.0,KZT,709300.0,70900.0,90.0
470220,UNO,game,False,"3 Jan, 2017",Ubisoft Entertainment,Ubisoft Entertainment,Casual,"Single-player, Multi-player, PvP, Online PvP, Shared/Split Screen PvP, Co-op, Online Co-op, Shared/Split Screen Co-op, Steam Achievements, Full controller support, Steam Trading Cards, Remote Play on Phone, Remote Play on Tablet, Remote Play on TV, Remote Play Together",True,False,False,0,,41813.0,KZT,245000.0,245000.0,0.0
302830,BLOCKADE 3D,game,True,"19 Dec, 2014",Novalink,Novalink,"Action, Free To Play, Early Access","Multi-player, PvP, Online PvP, Steam Trading Cards, In-App Purchases",True,False,False,0,,404.0,,,,
242920,Banished,game,False,"18 Feb, 2014",Shining Rock Software LLC,Shining Rock Software LLC,"Indie, Simulation, Strategy","Single-player, Steam Achievements, Remote Play on Phone, Remote Play on Tablet, Family Sharing",True,False,False,0,73.0,37699.0,EUR,1899.0,1899.0,0.0
236110,Dungeon Defenders II,game,True,"20 Jun, 2017",Chromatic Games,Chromatic Games,"Action, Indie, RPG, Strategy, Free To Play","Single-player, Multi-player, Co-op, Online Co-op, Steam Achievements, Steam Trading Cards, Partial Controller Support",True,False,False,0,,2980.0,,,,
383870,Firewatch,game,False,"9 Feb, 2016",Campo Santo,"Panic, Campo Santo","Adventure, Indie","Single-player, Steam Achievements, Full controller support, Steam Trading Cards, Steam Cloud, Remote Play on Phone, Remote Play on Tablet, Remote Play on TV, Family Sharing",True,True,True,0,81.0,91629.0,KZT,520000.0,520000.0,0.0
1237950,STAR WARS™ Battlefront™ II,game,False,"11 Jun, 2020",DICE,Electronic Arts,"Action, Adventure","Single-player, Multi-player, PvP, Online PvP, Steam Achievements, Steam Trading Cards",True,False,False,16,,84250.0,KZT,1550000.0,1550000.0,0.0
1399780,Spellbreak,game,False,"15 Dec, 2020","Proletariat, Inc.","Proletariat, Inc.","Action, Adventure, Free To Play, RPG","Multi-player, PvP, Online PvP, Cross-Platform Multiplayer, Steam Achievements, In-App Purchases, Partial Controller Support, Family Sharing",True,False,False,0,,,,,,
312660,Sniper Elite 4,game,False,"Feb 13, 2017",Rebellion,Rebellion,"Action, Adventure","Single-player, Multi-player, Co-op, Steam Achievements, Full controller support, Steam Trading Cards, Steam Cloud, Steam Leaderboards, Remote Play on TV, Family Sharing",True,False,False,0,78.0,53524.0,USD,5999.0,5999.0,0.0
502500,ACE COMBAT™ 7: SKIES UNKNOWN,game,False,"31 Jan, 2019",Bandai Namco Studios Inc.,Bandai Namco Entertainment,"Action, Simulation","Single-player, Multi-player, PvP, Online PvP, Steam Achievements, Full controller support, Steam Trading Cards, Steam Cloud, Family Sharing",True,False,False,0,78.0,44652.0,CAD,7999.0,1279.0,84.0
632470,Disco Elysium - The Final Cut,game,False,"15 Oct, 2019",ZA/UM,ZA/UM,RPG,"Single-player, Steam Achievements, Full controller support, Steam Trading Cards, Steam Cloud, Remote Play on Tablet, Family Sharing",True,True,False,0,97.0,114344.0,KZT,1020000.0,1020000.0,0.0
200260,Batman: Arkham City - Game of the Year Edition,game,False,"7 Sep, 2012",Rocksteady Studios,WB Games,"Action, Adventure","Single-player, Steam Achievements, Steam Trading Cards, Partial Controller Support, Steam Cloud, Family Sharing",True,False,False,0,91.0,54066.0,CAD,1999.0,1999.0,0.0
393380,Squad,game,False,"Sep 23, 2020",Offworld,Offworld,"Action, Indie, Massively Multiplayer, Strategy","Multi-player, PvP, Online PvP, Co-op, Online Co-op, Steam Trading Cards, Steam Workshop, Partial Controller Support, Valve Anti-Cheat enabled",True,False,False,0,,175803.0,USD,4999.0,4999.0,0.0
40800,Super Meat Boy,game,False,"30 Nov, 2010",Team Meat,,Indie,"Single-player, Steam Achievements, Full controller support, Steam Trading Cards, Steam Leaderboards, Remote Play on Phone, Remote Play on Tablet, Remote Play on TV, Family Sharing",True,True,True,0,87.0,28860.0,EUR,1399.0,111.0,92.0
303390,Dead Bits,game,False,"7 Jun, 2014",Microblast Games,SA Industry,"Action, Casual, Indie","Single-player, Steam Trading Cards, Family Sharing",True,True,False,0,,3419.0,KZT,150000.0,15000.0,90.0
280,Half-Life: Source,game,False,"1 Jun, 2004",Valve,Valve,Action,"Single-player, Remote Play Together, Family Sharing",True,True,True,0,,14509.0,INR,48000.0,48000.0,0.0
783770,Ironsight,game,False,"19 Jun, 2019","WipleGames Inc.,","WipleGames Inc.,","Action, Free To Play","Single-player, Multi-player, PvP, Online PvP, In-App Purchases, Partial Controller Support, Remote Play Together, Family Sharing",True,False,False,0,,,,,,
212070,Star Conflict,game,True,"27 Feb, 2013",Star Gem Inc.,Gaijin Network Ltd,"Action, Adventure, Massively Multiplayer, RPG, Simulation, Free To Play","Multi-player, MMO, Co-op, Steam Achievements, Steam Trading Cards, VR Support, Custom Volume Controls, Playable without Timed Input, Partial Controller Support",True,True,True,0,75.0,200.0,,,,
110800,L.A. Noire,game,False,"8 Nov, 2011","Team Bondi, Rockstar Leeds",Rockstar Games,"Adventure, Strategy","Single-player, Steam Achievements, Partial Controller Support",True,False,False,18,83.0,30483.0,KZT,760000.0,228000.0,70.0
50300,Spec Ops: The Line,game,False,"29 Jun, 2012",YAGER,"2K, Missing Link Games","Action, Adventure","Single-player, Multi-player, Cross-Platform Multiplayer, Steam Achievements, Full controller support, Steam Cloud, Stats, Steam Leaderboards, Remote Play on TV, Family Sharing",True,True,True,18,76.0,28214.0,,,,
41070,Serious Sam 3: BFE,game,False,"22 Nov, 2011",Croteam,Devolver Digital,"Action, Indie","Single-player, Multi-player, PvP, Online PvP, Shared/Split Screen PvP, Co-op, Online Co-op, Shared/Split Screen Co-op, Shared/Split Screen, Cross-Platform Multiplayer, Steam Achievements, Full controller support, Steam Trading Cards, Steam Workshop, Steam Cloud, Steam Leaderboards, Includes level editor, Remote Play on TV, Remote Play Together, Family Sharing",True,True,True,0,72.0,21565.0,KZT,760000.0,760000.0,0.0
1284210,Guild Wars 2®,game,True,"23 Aug, 2022",ArenaNet®,"ArenaNet®, NCSOFT","Adventure, Massively Multiplayer, RPG, Free To Play","Multi-player, MMO, PvP, Online PvP, Co-op, Online Co-op, In-App Purchases",True,False,False,0,90.0,467.0,,,,
485510,Nioh: Complete Edition,game,False,"7 Nov, 2017","KOEI TECMO GAMES CO., LTD.","KOEI TECMO GAMES CO., LTD.","Action, RPG","Single-player, Multi-player, PvP, Online PvP, Co-op, Online Co-op, Steam Achievements, Steam Trading Cards, Partial Controller Support, Steam Cloud, Stats, Steam Leaderboards, Family Sharing",True,False,False,0,84.0,29057.0,KZT,2080000.0,2080000.0,0.0
35700,Trine Enchanted Edition,game,False,"2 Jul, 2009",Frozenbyte,Frozenbyte,"Action, Adventure, Indie","Single-player, Multi-player, Co-op, Online Co-op, Shared/Split Screen Co-op, Shared/Split Screen, Steam Achievements, Full controller support, Steam Trading Cards, Steam Workshop, Steam Cloud, Includes level editor, Remote Play on Phone, Remote Play on Tablet, Remote Play on TV, Remote Play Together, Family Sharing",True,True,True,0,80.0,12740.0,KZT,240000.0,240000.0,0.0
210770,Sanctum 2,game,False,"15 May, 2013",Coffee Stain Studios,Coffee Stain Publishing,"Action, Indie, Strategy","Single-player, Multi-player, Co-op, Online Co-op, Steam Achievements, Full controller support, Steam Trading Cards, Steam Cloud, Steam Leaderboards, Remote Play on TV, Family Sharing",True,True,True,0,77.0,7441.0,KZT,550000.0,550000.0,0.0
282140,SOMA,game,False,"21 Sep, 2015",Frictional Games,Frictional Games,"Action, Adventure, Indie","Single-player, Steam Achievements, Full controller support, Steam Trading Cards, Steam Workshop, Steam Cloud, Remote Play on TV, Remote Play Together, Family Sharing",True,True,True,0,84.0,45056.0,KZT,760000.0,190000.0,75.0
495420,State of Decay 2: Juggernaut Edition,game,False,"13 Mar, 2020",Undead Labs,Xbox Game Studios,"Action, RPG, Simulation","Single-player, Multi-player, Co-op, Online Co-op, Cross-Platform Multiplayer, Steam Achievements, Full controller support, Steam Trading Cards, Captions available, Steam Cloud, Family Sharing",True,False,False,0,69.0,57382.0,KZT,590000.0,590000.0,0.0
323580,Jotun: Valhalla Edition,game,False,"29 Sep, 2015",Thunder Lotus,Thunder Lotus,"Action, Adventure, Indie","Single-player, Steam Achievements, Full controller support, Steam Trading Cards, Steam Cloud, Remote Play on TV, Family Sharing",True,True,True,0,79.0,2196.0,KZT,410000.0,410000.0,0.0
225260,Brutal Legend,game,False,"26 Feb, 2013",Double Fine Productions,"Double Fine Productions, Xbox Game Studios","Action, Adventure, Strategy","Single-player, Multi-player, PvP, Online PvP, Steam Achievements, Full controller support, Steam Trading Cards, Steam Cloud, Remote Play on Phone, Remote Play on Tablet, Remote Play on TV, Family Sharing",True,True,True,0,80.0,11063.0,KZT,240000.0,240000.0,0.0
2835570,Buckshot Roulette,game,False,"4 Apr, 2024",Mike Klubnika,CRITICAL REFLEX,"Action, Indie, Simulation","Single-player, Multi-player, PvP, Online PvP, Steam Achievements, Steam Trading Cards, Partial Controller Support, Steam Leaderboards, Family Sharing",True,False,True,0,,103693.0,KZT,89000.0,53400.0,40.0
464920,Surviving Mars,game,False,"15 Mar, 2018","Haemimont Games, Abstraction",Paradox Interactive,"Simulation, Strategy","Single-player, Steam Achievements, Full controller support, Steam Trading Cards, Steam Workshop, Steam Cloud, Remote Play on TV, Family Sharing",True,True,True,0,76.0,17003.0,,,,
9900,Star Trek Online,game,True,"31 Jan, 2012",Cryptic Studios,Arc Games,"Massively Multiplayer, RPG, Free To Play","Multi-player, MMO, Co-op, Full controller support, In-App Purchases",True,False,False,0,66.0,941.0,,,,
7940,Call of Duty® 4: Modern Warfare® (2007),game,False,"12 Nov, 2007",Infinity Ward,Activision,Action,"Single-player, Multi-player, Family Sharing",True,True,False,0,92.0,21648.0,KZT,1000000.0,1000000.0,0.0
493340,Planet Coaster,game,False,"17 Nov, 2016","Frontier Developments, Aspyr (Mac)","Frontier Developments, Aspyr (Mac)","Action, Adventure, Casual, Simulation, Strategy","Single-player, Steam Achievements, Steam Trading Cards, Steam Workshop, Steam Cloud, Family Sharing",True,True,False,0,84.0,59395.0,EUR,3799.0,949.0,75.0
343710,Kholat,game,False,"9 Jun, 2015",IMGN.PRO,IMGN.PRO,"Adventure, Indie","Single-player, Steam Achievements, Full controller support, Steam Trading Cards, Steam Cloud, Family Sharing",True,False,False,0,64.0,2013.0,KZT,408000.0,408000.0,0.0
504230,Celeste,game,False,"25 Jan, 2018","Maddy Makes Games Inc., Extremely OK Games, Ltd.",Maddy Makes Games Inc.,"Action, Adventure, Indie","Single-player, Steam Achievements, Full controller support, Steam Trading Cards, Steam Cloud, Remote Play on Phone, Remote Play on Tablet, Remote Play on TV, Family Sharing",True,True,True,0,88.0,126297.0,KZT,550000.0,550000.0,0.0
394510,HELLDIVERS™ Dive Harder Edition,game,False,"7 Dec, 2015",Arrowhead Game Studios,PlayStation Publishing LLC,Action,"Single-player, Multi-player, Co-op, Online Co-op, Shared/Split Screen Co-op, Shared/Split Screen, Steam Achievements, Partial Controller Support, Steam Cloud, Valve Anti-Cheat enabled, Remote Play on Tablet, Remote Play on TV, Remote Play Together, Family Sharing",True,False,False,11,83.0,25445.0,EUR,1999.0,1999.0,0.0
265590,The Red Solstice,game,False,"9 Jul, 2015",Ironward,Ironward,Strategy,"Single-player, Multi-player, PvP, Online PvP, Co-op, Online Co-op, Steam Achievements, Steam Trading Cards, Captions available, Steam Cloud, Stats, Steam Leaderboards, Family Sharing",True,False,False,0,74.0,878.0,KZT,185000.0,185000.0,0.0
1128810,RISK: Global Domination,game,True,"19 Feb, 2020",SMG Studio,SMG Studio,"Casual, Strategy, Free To Play","Single-player, Multi-player, PvP, Online PvP, Shared/Split Screen PvP, Co-op, Online Co-op, Shared/Split Screen Co-op, Shared/Split Screen, Cross-Platform Multiplayer, Steam Achievements, In-App Purchases, Remote Play on Phone, Remote Play on Tablet, Remote Play Together",True,True,False,0,,146.0,,,,
325610,Total War: ATTILA,game,False,"17 Feb, 2015",CREATIVE ASSEMBLY,SEGA,Strategy,"Single-player, Multi-player, PvP, Online PvP, LAN PvP, Co-op, Online Co-op, LAN Co-op, Steam Achievements, Steam Trading Cards, Camera Comfort, Custom Volume Controls, Adjustable Difficulty, Playable without Timed Input, Save Anytime, Stereo Sound, Surround Sound, Steam Cloud, Family Sharing",True,False,True,0,80.0,26530.0,KZT,1100000.0,1100000.0,0.0
1643320,S.T.A.L.K.E.R. 2: Heart of Chornobyl,game,False,"20 Nov, 2024",GSC Game World,"GSC Game World (worldwide), SEGA (Japan), 4Divinity (China and South East Asia)","Action, Adventure, RPG","Single-player, Steam Achievements, Steam Trading Cards, Steam Workshop, Partial Controller Support, Steam Cloud, HDR available, Family Sharing",True,False,False,18,,101573.0,KZT,1990000.0,1393000.0,30.0
204450,Call of Juarez: Gunslinger,game,False,"22 May, 2013",Techland,Techland Publishing,Action,"Single-player, Steam Achievements, Full controller support, Steam Trading Cards, Steam Cloud, Steam Leaderboards, Family Sharing",True,False,False,0,79.0,20022.0,KZT,561400.0,56100.0,90.0
63380,Sniper Elite V2,game,False,,Rebellion,Rebellion,Action,"Single-player, Multi-player, Co-op, Steam Achievements, Steam Trading Cards, Partial Controller Support, Steam Cloud, Steam Leaderboards, Family Sharing",True,False,False,0,66.0,6226.0,,,,
268420,Aura Kingdom,game,False,"4 Jul, 2014",X-Legend,Aeria Games,"Adventure, Casual, Free To Play, Massively Multiplayer, RPG","Multi-player, MMO, Steam Trading Cards, In-App Purchases, Family Sharing",True,False,False,0,,120.0,,,,
482730,Football Manager 2017,game,False,"3 Nov, 2016",Sports Interactive,SEGA,"Simulation, Sports","Single-player, Multi-player, Steam Achievements, Steam Trading Cards, Steam Workshop, Steam Cloud, Steam Leaderboards, Remote Play on Tablet, Family Sharing",True,True,True,0,80.0,7789.0,,,,
360970,Heaven Forest NIGHTS,game,False,"14 Mar, 2017",Fabio Ferrara,Chubby Pixel,"Action, Adventure","Single-player, Multi-player, MMO, PvP, Online PvP, Steam Achievements, VR Supported, Steam Trading Cards, VR Support, Partial Controller Support, Family Sharing",True,True,True,0,,,KZT,33000.0,33000.0,0.0
22370,Fallout 3: Game of the Year Edition,game,False,"17 Dec, 2009",Bethesda Game Studios,Bethesda Softworks,RPG,"Single-player, Family Sharing",True,False,False,0,91.0,43393.0,KZT,671000.0,671000.0,0.0
349040,NARUTO SHIPPUDEN: Ultimate Ninja STORM 4,game,False,"4 Feb, 2016",CyberConnect2 Co. Ltd.,BANDAI NAMCO Entertainment,"Action, Adventure","Single-player, Multi-player, PvP, Shared/Split Screen PvP, Steam Achievements, Full controller support, Steam Cloud, Steam Leaderboards, Remote Play on Phone, Remote Play on Tablet, Remote Play on TV, Remote Play Together, Family Sharing",True,False,False,0,,72050.0,EUR,1999.0,1999.0,0.0
204100,Max Payne 3,game,False,"31 May, 2012",Rockstar Studios,Rockstar Games,Action,"Single-player, Multi-player, Steam Achievements, Partial Controller Support",True,False,False,0,87.0,53382.0,KZT,265000.0,265000.0,0.0
823130,Totally Accurate Battlegrounds,game,True,"5 Jun, 2018",Landfall,Landfall,"Action, Indie, Free To Play","Multi-player, PvP, Online PvP, In-App Purchases",True,False,False,0,,15324.0,,,,
1184370,Pathfinder: Wrath of the Righteous - Enhanced Edition,game,False,"2 Sep, 2021",Owlcat Games,"META Publishing, Owlcat Games","Action, Adventure, Indie, RPG, Strategy","Single-player, Steam Achievements, Full controller support, Steam Trading Cards, Custom Volume Controls, Adjustable Difficulty, Mouse Only Option, Playable without Timed Input, Save Anytime, Stereo Sound, Touch Only Option, Steam Cloud, Remote Play on TV, Family Sharing",True,True,False,0,83.0,32993.0,KZT,399900.0,399900.0,0.0
640820,Pathfinder: Kingmaker — Enhanced Plus Edition,game,False,"25 Sep, 2018",Owlcat Games,Knights Peak,"Adventure, RPG","Single-player, Steam Achievements, Full controller support, Steam Trading Cards, Steam Cloud, Remote Play on Tablet, Family Sharing",True,True,True,0,73.0,27770.0,KZT,670000.0,120600.0,82.0
47890,The Sims™ 3,game,False,"27 Jan, 2011","The Sims Studio, Maxis",Electronic Arts,Simulation,"Single-player, Family Sharing",True,False,False,0,86.0,30794.0,KZT,265000.0,265000.0,0.0
637650,FINAL FANTASY XV WINDOWS EDITION,game,False,"Mar 6, 2018",Square Enix,Square Enix,RPG,"Single-player, Multi-player, PvP, Online PvP, Co-op, Online Co-op, Steam Achievements, Full controller support, Steam Trading Cards, Camera Comfort, Custom Volume Controls, Adjustable Difficulty, Keyboard Only Option, Playable without Timed Input, Save Anytime, Stereo Sound, Surround Sound, Steam Cloud, Remote Play on Tablet, Family Sharing",True,False,False,13,,44127.0,USD,3499.0,3499.0,0.0
703080,Planet Zoo,game,False,"5 Nov, 2019",Frontier Developments,Frontier Developments,"Casual, Simulation, Strategy","Single-player, Steam Achievements, Steam Trading Cards, Steam Workshop, Steam Cloud, HDR available, Family Sharing",True,False,False,0,81.0,78460.0,EUR,4499.0,1349.0,70.0
460950,Katana ZERO,game,False,"18 Apr, 2019",Askiisoft,Devolver Digital,"Action, Indie","Single-player, Steam Achievements, Full controller support, Steam Trading Cards, Steam Cloud, Remote Play on Phone, Remote Play on Tablet, Remote Play on TV, Family Sharing",True,True,False,0,83.0,65336.0,KZT,410000.0,410000.0,0.0
35140,Batman: Arkham Asylum Game of the Year Edition,game,False,"26 Mar, 2010",Rocksteady Studios,WB Games,"Action, Adventure","Single-player, Steam Achievements, Steam Trading Cards, Partial Controller Support, Steam Cloud, Family Sharing",True,False,False,0,91.0,59342.0,KZT,265000.0,265000.0,0.0
337000,Deus Ex: Mankind Divided,game,False,"23 Aug, 2016","Eidos Montreal, Feral Interactive (Linux/Mac)","Eidos Interactive Corp., Feral Interactive (Linux/Mac)","Action, RPG","Single-player, Steam Achievements, Full controller support, Steam Trading Cards, Camera Comfort, Custom Volume Controls, Adjustable Difficulty, Playable without Timed Input, Save Anytime, Stereo Sound, Subtitle Options, Surround Sound, Steam Cloud, Family Sharing",True,True,True,18,83.0,30319.0,EUR,2999.0,2999.0,0.0
50620,Darksiders™,game,False,"23 Sep, 2010",Vigil Games,THQ Nordic,"Action, Adventure","Single-player, Steam Achievements, Partial Controller Support, Steam Cloud, Family Sharing",True,False,False,0,83.0,8463.0,,,,
433340,Slime Rancher,game,False,"1 Aug, 2017",Monomi Park,Monomi Park,"Action, Adventure, Indie, Simulation","Single-player, Steam Achievements, Full controller support, Steam Trading Cards, Steam Cloud, Remote Play on Phone, Remote Play on Tablet, Remote Play on TV, Family Sharing",True,True,True,0,81.0,135916.0,KZT,450000.0,450000.0,0.0
238010,Deus Ex: Human Revolution - Director's Cut,game,False,"25 Oct, 2013",Eidos Montreal,Eidos Interactive Corp.,"Action, RPG","Single-player, Steam Achievements, Full controller support, Steam Trading Cards, Captions available, Steam Cloud, Commentary available, Remote Play on Tablet, Family Sharing",True,False,False,18,91.0,24897.0,KZT,600000.0,600000.0,0.0
527230,For The King,game,False,"19 Apr, 2018",IronOak Games,Curve Games,"Adventure, Indie, RPG, Strategy","Single-player, Multi-player, PvP, Online PvP, Shared/Split Screen PvP, Co-op, Online Co-op, Shared/Split Screen Co-op, Shared/Split Screen, Steam Achievements, Full controller support, Steam Trading Cards, Adjustable Difficulty, Keyboard Only Option, Mouse Only Option, Save Anytime, Steam Cloud, Remote Play on Phone, Remote Play on Tablet, Remote Play on TV, Remote Play Together, Family Sharing",True,True,True,0,79.0,30730.0,KZT,265000.0,265000.0,0.0
39120,RIFT,game,True,"1 Mar, 2011",gamigo US Inc.,gamigo US Inc.,"Action, Adventure, Massively Multiplayer, RPG, Free To Play","Multi-player, MMO, PvP, Online PvP, Co-op, Online Co-op, Steam Trading Cards, In-App Purchases",True,False,False,0,84.0,997.0,,,,
307690,Sleeping Dogs: Definitive Edition,game,False,"8 Oct, 2014","United Front Games, Feral Interactive (Mac)","Square Enix, Feral Interactive (Mac)","Action, Adventure, Racing","Single-player, Steam Achievements, Full controller support, Steam Cloud, Steam Leaderboards, Remote Play on Tablet, Remote Play on TV, Family Sharing",True,True,False,18,,67791.0,KZT,390000.0,390000.0,0.0
266840,Age of Mythology: Extended Edition,game,False,"8 May, 2014","SkyBox Labs, Ensemble Studios, Forgotten Empires",Xbox Game Studios,"Simulation, Strategy","Single-player, Multi-player, Co-op, Steam Achievements, Steam Trading Cards, Steam Workshop, Steam Cloud, Stats, Steam Leaderboards, Includes level editor, Family Sharing",True,False,False,0,66.0,31668.0,HKD,17800.0,17800.0,0.0
2054970,Dragon's Dogma 2,game,False,"21 Mar, 2024","CAPCOM Co., Ltd.","CAPCOM Co., Ltd.","Action, RPG","Single-player, Steam Achievements, Steam Trading Cards, Partial Controller Support, Steam Cloud, HDR available, Family Sharing",True,False,False,18,88.0,74611.0,KZT,2546400.0,2546400.0,0.0
645630,Car Mechanic Simulator 2018,game,True,"28 Jul, 2017",Red Dot Games,PlayWay S.A.,"Racing, Simulation","Single-player, Steam Achievements, Steam Trading Cards, Steam Workshop, Partial Controller Support, Steam Cloud, Stats, Includes level editor, Family Sharing",True,True,False,0,,48038.0,MXN,22799.0,22799.0,100.0
1790600,DRAGON BALL: Sparking! ZERO,game,False,"10 Oct, 2024","Spike Chunsoft Co., Ltd.",Bandai Namco Entertainment,Action,"Single-player, Multi-player, PvP, Online PvP, Shared/Split Screen PvP, Shared/Split Screen, Steam Achievements, Full controller support, Camera Comfort, Custom Volume Controls, Stereo Sound, Steam Cloud, Remote Play Together, HDR available, Family Sharing",True,False,False,0,83.0,48775.0,KZT,1999900.0,1999900.0,0.0
300,Day of Defeat: Source,game,False,"12 Jul, 2010",Valve,Valve,Action,"Multi-player, Cross-Platform Multiplayer, Steam Achievements, Steam Trading Cards, Camera Comfort, Color Alternatives, Custom Volume Controls, Adjustable Difficulty, Stereo Sound, Surround Sound, Valve Anti-Cheat enabled, Stats, Includes Source SDK, Family Sharing",True,False,True,0,80.0,15840.0,KZT,290000.0,290000.0,0.0
368260,Marvel's Midnight Suns,game,False,"Dec 1, 2022",Firaxis Games,2K,"RPG, Strategy","Single-player, Steam Achievements, Full controller support, In-App Purchases, Family Sharing",True,False,False,13,,16584.0,USD,5999.0,5999.0,0.0
389570,Mitos.is: The Game,game,True,"29 Jul, 2015",Freakinware Studios,Freakinware Studios,"Casual, Simulation, Free To Play","Multi-player, PvP, Online PvP, Co-op, Online Co-op, Cross-Platform Multiplayer, Full controller support, In-App Purchases",True,True,False,0,,175.0,,,,
736590,Operation: Harsh Doorstop,game,True,"15 Feb, 2023",Drakeling Labs,,"Action, Casual, Indie, Simulation, Strategy, Free To Play, Early Access","Single-player, Multi-player, PvP, Online PvP, Co-op, Online Co-op, Steam Workshop, Includes level editor",True,False,False,0,,,,,,
1637320,Dome Keeper,game,False,"27 Sep, 2022",Bippinbits,Raw Fury,"Action, Adventure, Indie, Simulation","Single-player, Multi-player, PvP, Online PvP, LAN PvP, Shared/Split Screen PvP, Co-op, Online Co-op, LAN Co-op, Shared/Split Screen Co-op, Shared/Split Screen, Cross-Platform Multiplayer, Steam Achievements, Full controller support, Steam Trading Cards, Steam Workshop, Steam Cloud, Steam Leaderboards, Remote Play Together, Family Sharing",True,True,True,0,,17668.0,KZT,480000.0,480000.0,0.0
409720,BioShock™ 2 Remastered,game,False,"15 Sep, 2016","2K Marin, 2K China, Digital Extremes, 2K Australia, Blind Squirrel, Feral Interactive (Mac)","2K, Feral Interactive (Mac)","Action, RPG","Single-player, Steam Achievements, Full controller support, Steam Trading Cards, Steam Cloud, Family Sharing",True,True,False,18,,23490.0,KZT,265000.0,39700.0,85.0
975370,Dwarf Fortress,game,False,"Dec 6, 2022",Bay 12 Games,Kitfox Games,"Indie, Simulation, Strategy","Single-player, Steam Workshop, Family Sharing",True,False,True,0,93.0,28875.0,USD,2999.0,2999.0,0.0
15620,"Warhammer 40,000: Dawn of War II - Anniversary Edition (Classic)",game,False,"18 Feb, 2009","Relic Entertainment, Feral Interactive (Mac/Linux)","Relic Entertainment, Feral Interactive (Mac/Linux)",Strategy,"Single-player, Multi-player, Co-op, Steam Trading Cards, Steam Cloud, Family Sharing",True,True,True,0,85.0,7877.0,KZT,990000.0,198000.0,80.0
1371980,No Rest for the Wicked,game,False,"18 Apr, 2024",Moon Studios GmbH,Moon Studios GmbH,"Action, Adventure, RPG, Early Access","Single-player, Multi-player, Co-op, Online Co-op, Partial Controller Support, Steam Cloud, HDR available, Family Sharing",True,False,False,0,,61993.0,KZT,1040000.0,1040000.0,0.0
993090,Lossless Scaling,game,False,"28 Dec, 2018",THS,THS,Utilities,,True,False,False,0,,35286.0,AUD,1025.0,1025.0,0.0
476480,Heaven Forest - VR MMO,game,False,"14 Dec, 2016",Fabio Ferrara,Chubby Pixel,"Adventure, Massively Multiplayer","Single-player, Multi-player, PvP, Online PvP, Steam Achievements, VR Supported, Steam Trading Cards, Partial Controller Support, Family Sharing",True,True,True,0,,129.0,KZT,33000.0,33000.0,0.0
65930,The Bureau: XCOM Declassified,game,False,"22 Aug, 2013",2K Marin,2K,Action,"Single-player, Steam Achievements, Full controller support, Steam Trading Cards, Steam Cloud, Remote Play on TV, Family Sharing",True,True,False,16,66.0,4816.0,KZT,265000.0,265000.0,0.0
1277400,Monster Hunter Stories 2: Wings of Ruin,game,False,"8 Jul, 2021","CAPCOM Co., Ltd.","CAPCOM Co., Ltd.","Adventure, RPG","Single-player, Multi-player, PvP, Online PvP, Co-op, Online Co-op, Steam Achievements, Full controller support, Steam Trading Cards, Steam Cloud, Family Sharing",True,False,False,0,82.0,11732.0,KZT,1454900.0,1454900.0,0.0
2215430,Ghost of Tsushima DIRECTOR'S CUT,game,False,"16 May, 2024","Sucker Punch Productions, Nixxes Software",PlayStation Publishing LLC,"Action, Adventure","Single-player, Multi-player, PvP, Online PvP, Co-op, Online Co-op, Steam Achievements, Full controller support, Steam Trading Cards, Adjustable Text Size, Camera Comfort, Color Alternatives, Custom Volume Controls, Adjustable Difficulty, Playable without Timed Input, Save Anytime, Stereo Sound, Subtitle Options, Surround Sound, Steam Cloud, HDR available, Family Sharing",True,False,False,18,,61031.0,KZT,2349900.0,2349900.0,0.0
3132990,Black Myth: Wukong Benchmark Tool,game,True,"12 Aug, 2024",Game Science,Game Science,"Free To Play, Utilities",Single-player,True,False,False,0,,,,,,
602960,Barotrauma,game,False,"13 Mar, 2023","FakeFish, Undertow Games",Daedalic Entertainment,"Action, Indie, Simulation, Strategy","Single-player, Multi-player, PvP, Online PvP, Co-op, Online Co-op, Steam Achievements, Steam Trading Cards, Steam Workshop, Steam Cloud, Includes level editor, Family Sharing, Steam Timeline",True,True,True,0,81.0,59306.0,KZT,790000.0,395000.0,50.0
606150,Moonlighter,game,False,"29 May, 2018",Digital Sun,11 bit studios,"Action, Adventure, Indie","Single-player, Steam Achievements, Full controller support, Steam Trading Cards, Steam Cloud, Remote Play on Phone, Remote Play on Tablet, Remote Play on TV, Family Sharing",True,True,True,0,,16957.0,KZT,371800.0,371800.0,0.0
342200,MechWarrior Online™ Legends,game,True,"10 Dec, 2015",Piranha Games Inc.,Piranha Games Inc.,"Action, Massively Multiplayer, Simulation, Strategy, Free To Play","Multi-player, MMO, Steam Achievements, In-App Purchases",True,False,False,0,,155.0,,,,
1824220,Chivalry 2,game,False,"12 Jun, 2022",Torn Banner Studios,Tripwire Presents,"Action, Massively Multiplayer","Multi-player, PvP, Online PvP, Cross-Platform Multiplayer, Steam Achievements, Steam Trading Cards, In-App Purchases, Partial Controller Support",True,False,False,18,82.0,44339.0,KZT,470000.0,470000.0,0.0
55150,"Warhammer 40,000: Space Marine - Anniversary Edition",game,False,"5 Sep, 2011",Relic Entertainment,Relic Entertainment,Action,"Single-player, Multi-player, Steam Achievements, Full controller support, Steam Leaderboards, Remote Play on TV, Family Sharing",True,False,False,0,74.0,17918.0,KZT,1000000.0,250000.0,75.0
8980,Borderlands Game of the Year,game,False,"31 Aug, 2023",Gearbox Software,2K,"Action, RPG","Single-player, Multi-player, Co-op, Steam Achievements, Partial Controller Support, Steam Cloud, Family Sharing",True,False,False,18,81.0,20995.0,KZT,790000.0,790000.0,0.0
900883,The Elder Scrolls IV: Oblivion® Game of the Year Edition Deluxe (2009),game,False,"16 Jun, 2009",Bethesda Game Studios®,Bethesda Softworks,,"Single-player, Steam Cloud, Family Sharing",True,False,False,0,94.0,42395.0,KZT,671000.0,671000.0,0.0
312530,Duck Game,game,False,"4 Jun, 2015",Landon Podbielski,CORPTRON GAMES CORP.,"Action, Indie","Single-player, Multi-player, PvP, Online PvP, LAN PvP, Shared/Split Screen PvP, Shared/Split Screen, Steam Achievements, Full controller support, Steam Trading Cards, Steam Workshop, Steam Cloud, Includes level editor, Remote Play on Phone, Remote Play on Tablet, Remote Play on TV, Remote Play Together, Family Sharing",True,False,False,0,82.0,25209.0,KZT,215000.0,215000.0,0.0
1343400,RuneScape ®,game,True,"14 Oct, 2020",Jagex Ltd,Jagex Ltd,"Massively Multiplayer, RPG, Free To Play","Multi-player, MMO, Cross-Platform Multiplayer, Steam Achievements, In-App Purchases, Adjustable Text Size, Camera Comfort, Color Alternatives, Custom Volume Controls, Save Anytime, Subtitle Options, Touch Only Option",True,True,False,0,,,,,,
1139900,Ghostrunner,game,False,"27 Oct, 2020","One More Level, 3D Realms, Slipgate Ironworks™, All in! Games",505 Games,Action,"Single-player, Steam Achievements, Steam Trading Cards, Partial Controller Support, Steam Cloud, Family Sharing",True,False,False,16,81.0,46279.0,KZT,804900.0,804900.0,0.0
738060,Freddy Fazbear's Pizzeria Simulator,game,True,"4 Dec, 2017",Scott Cawthon,Scott Cawthon,"Free To Play, Indie, Simulation",Single-player,True,False,False,0,,,,,,
893520,Creative Destruction,game,False,"2 Aug, 2018",NetEase Games,NetEase Games,"Action, Adventure, Casual, Massively Multiplayer","Multi-player, PvP, Online PvP, In-App Purchases, Family Sharing",True,False,False,0,,674.0,,,,
234650,Shadowrun Returns,game,False,"25 Jul, 2013",Harebrained Schemes,Paradox Interactive,"Adventure, Indie, RPG, Strategy","Single-player, Steam Trading Cards, Steam Workshop, Steam Cloud, Includes level editor, Remote Play on Tablet, Family Sharing",True,True,True,0,76.0,9446.0,KZT,500000.0,500000.0,0.0
744900,Dead Frontier 2,game,True,"15 Jul, 2019",Creaky Corpse Ltd,Creaky Corpse Ltd,"Action, Indie, Massively Multiplayer, RPG, Free To Play","Single-player, Multi-player, MMO, PvP, Online PvP, Co-op, Online Co-op, Steam Trading Cards, In-App Purchases, Remote Play on Tablet",True,False,False,0,,,,,,
314160,Microsoft Flight Simulator X: Steam Edition,game,False,"18 Dec, 2014",Microsoft Game Studios,Xbox Game Studios,Simulation,"Single-player, Multi-player, Partial Controller Support, Family Sharing",True,False,False,0,,23134.0,KZT,330000.0,330000.0,0.0
1364780,Street Fighter™ 6,game,False,"Jun 1, 2023","CAPCOM Co., Ltd.","CAPCOM Co., Ltd.","Action, Adventure","Single-player, Multi-player, PvP, Online PvP, Shared/Split Screen PvP, Shared/Split Screen, Cross-Platform Multiplayer, Steam Achievements, Steam Trading Cards, In-App Purchases, Camera Comfort, Custom Volume Controls, Adjustable Difficulty, Keyboard Only Option, Save Anytime, Stereo Sound, Surround Sound, Partial Controller Support, Steam Cloud, Family Sharing",True,False,False,0,92.0,46426.0,USD,3999.0,3999.0,0.0
554620,Life is Strange: Before the Storm,game,False,"31 Aug, 2017","Deck Nine, Feral Interactive (Mac), Feral Interactive (Linux)","Square Enix, Feral Interactive (Mac), Feral Interactive (Linux)","Action, Adventure","Single-player, Steam Achievements, Full controller support, Steam Trading Cards, Custom Volume Controls, Stereo Sound, Subtitle Options, Steam Cloud, Family Sharing",True,True,True,16,77.0,33364.0,KZT,250000.0,250000.0,0.0
9010,Return to Castle Wolfenstein,game,False,"3 Aug, 2007",Gray Matter Studios,Bethesda Softworks,Action,"Single-player, Multi-player, Steam Cloud, Family Sharing",True,False,False,0,88.0,7787.0,KZT,168000.0,168000.0,0.0
368500,Assassin's Creed® Syndicate,game,False,"18 Nov, 2015","Ubisoft Quebec, in collaboration with Ubisoft Annecy, Bucharest, Kiev, Montreal, Montpellier, Shanghai, Singapore, Sofia, Toronto studios",Ubisoft,"Action, Adventure","Single-player, Steam Achievements, In-App Purchases, Custom Volume Controls, Adjustable Difficulty, Mouse Only Option, Save Anytime, Stereo Sound, Surround Sound, Partial Controller Support",True,False,False,0,74.0,30371.0,KZT,979900.0,979900.0,0.0
17470,Dead Space (2008),game,False,"9 Jan, 2009",EA Redwood Shores,Electronic Arts,"Action, Adventure","Single-player, Full controller support, Steam Trading Cards, Remote Play on Phone, Remote Play on Tablet, Remote Play on TV, Family Sharing",True,False,False,0,87.0,22540.0,KZT,265000.0,265000.0,0.0
204300,Awesomenauts,game,False,"1 Aug, 2012",Ronimo Games,Atari,"Action, Indie, Strategy","Single-player, Multi-player, PvP, Online PvP, Co-op, Online Co-op, Shared/Split Screen Co-op, Shared/Split Screen, Steam Achievements, Full controller support, Steam Trading Cards, Steam Workshop, Steam Cloud, Valve Anti-Cheat enabled, Steam Leaderboards, Includes level editor, Remote Play on TV, Remote Play Together, Family Sharing",True,False,False,0,78.0,11842.0,KZT,520000.0,520000.0,0.0
630100,SoulWorker - Anime Action MMO,game,False,"26 Feb, 2018","Lion Games Co., Ltd.",Gameforge 4D GmbH,"Action, Free To Play, Massively Multiplayer, RPG","Multi-player, MMO, PvP, Online PvP, Co-op, Online Co-op, Steam Trading Cards, In-App Purchases, Partial Controller Support, Remote Play on Tablet, Family Sharing",True,False,False,0,,,,,,
750920,Shadow of the Tomb Raider: Definitive Edition,game,False,"14 Sep, 2018","Eidos-Montréal, Crystal Dynamics, Nixxes, Feral Interactive (Mac), Feral interactive (Linux)","Crystal Dynamics, Feral Interactive (Mac), Feral interactive (Linux)","Action, Adventure","Single-player, Steam Achievements, Full controller support, Steam Trading Cards, Steam Cloud, Remote Play on Phone, Remote Play on Tablet, Remote Play on TV, Family Sharing",True,True,True,16,77.0,70481.0,EUR,3999.0,3999.0,0.0
436520,Line of Sight,game,True,"31 Jan, 2017",BlackSpot Entertainment,BlackSpot Entertainment,"Action, Free To Play, Indie, Massively Multiplayer","Single-player, Multi-player, MMO, PvP, Online PvP, Co-op, Online Co-op, Steam Achievements, Steam Trading Cards, In-App Purchases, Valve Anti-Cheat enabled, Stats",True,False,False,0,,2629.0,,,,
1659040,HITMAN World of Assassination,game,False,"20 Jan, 2022",IO Interactive A/S,IO Interactive A/S,"Action, Adventure","Single-player, Steam Achievements, Full controller support, Tracked Controller Support, VR Support, Custom Volume Controls, Playable without Timed Input, Stereo Sound, Subtitle Options, Surround Sound, Steam Cloud, Family Sharing",True,True,False,18,87.0,53523.0,KZT,760000.0,152000.0,80.0
788100,Neon Abyss,game,False,"14 Jul, 2020",Veewo Games,"Team17, Veewo Games","Action, Adventure, Indie, RPG","Single-player, Steam Achievements, Full controller support, Steam Trading Cards, Steam Cloud, Remote Play on Phone, Remote Play on Tablet, Family Sharing",True,False,False,0,,19633.0,KZT,500000.0,500000.0,0.0
858820,Tribes of Midgard,game,False,"27 Jul, 2021",Norsfell,Gearbox Publishing,"Action, Adventure, Indie, RPG","Single-player, Multi-player, Co-op, Online Co-op, Steam Achievements, Full controller support, In-App Purchases, Color Alternatives, Custom Volume Controls, Save Anytime, Family Sharing",True,False,False,0,,17387.0,EUR,1999.0,1999.0,0.0
680420,OUTRIDERS,game,False,"1 Apr, 2021",People Can Fly,Square Enix,"Action, Adventure, RPG","Single-player, Multi-player, Co-op, Online Co-op, Cross-Platform Multiplayer, Steam Achievements, Full controller support, Steam Trading Cards, Adjustable Text Size, Color Alternatives, Custom Volume Controls, Playable without Timed Input, Stereo Sound, Subtitle Options, Family Sharing",True,False,False,18,,45999.0,KZT,700000.0,700000.0,0.0
678960,CODE VEIN,game,False,"26 Sep, 2019",Bandai Namco Studios,Bandai Namco Entertainment,"Action, RPG","Single-player, Multi-player, Co-op, Online Co-op, Steam Achievements, Steam Trading Cards, Partial Controller Support, Steam Cloud, Family Sharing",True,False,False,0,72.0,45543.0,KZT,1899900.0,1899900.0,0.0
1611910,"Warhammer 40,000: Chaos Gate - Daemonhunters",game,False,"May 5, 2022",Complex Games,Frontier Foundry,"RPG, Strategy","Single-player, Steam Achievements, Full controller support, Steam Trading Cards, Steam Cloud, Family Sharing",True,False,False,17,81.0,10968.0,USD,4499.0,449.0,90.0
206440,To the Moon,game,False,"7 Sep, 2012",Freebird Games,"Freebird Games, Serenity Forge","Adventure, Indie, RPG","Single-player, Steam Achievements, Full controller support, Steam Trading Cards, Steam Cloud, Family Sharing",True,True,True,0,81.0,68488.0,CAD,1299.0,1299.0,0.0
613010,Secret in Story,game,False,"19 Jun, 2017",Naivus Luo,Naivus Luo,"Adventure, Indie","Single-player, Steam Achievements, Steam Trading Cards, Family Sharing",True,True,False,0,,,KZT,30000.0,30000.0,0.0
424280,Iron Snout,game,True,"27 Jan, 2016",SnoutUp,SnoutUp,"Action, Indie, Free To Play","Single-player, Steam Achievements, Partial Controller Support, Stats, Steam Leaderboards",True,True,True,0,,326.0,,,,
1030830,Mafia II: Definitive Edition,game,False,"19 May, 2020","Hangar 13, D3T",2K,"Action, Adventure","Single-player, Steam Achievements, Full controller support, Steam Trading Cards, Family Sharing",True,False,False,0,,27428.0,EUR,2999.0,2999.0,0.0
365450,Hacknet,game,False,"12 Aug, 2015",Team Fractal Alligator,Fellow Traveller,"Indie, Simulation","Single-player, Steam Achievements, Steam Trading Cards, Captions available, Steam Workshop, Adjustable Text Size, Camera Comfort, Playable without Timed Input, Steam Cloud, Includes level editor, Family Sharing",True,True,True,0,82.0,16698.0,EUR,975.0,975.0,0.0
302510,Ryse: Son of Rome,game,False,"10 Oct, 2014",Crytek,Crytek ,Action,"Single-player, Multi-player, Co-op, Steam Achievements, Full controller support, Steam Trading Cards, Steam Cloud, Stats, Steam Leaderboards, Remote Play on TV, Family Sharing",True,False,False,17,61.0,37256.0,KZT,185000.0,185000.0,0.0
22330,The Elder Scrolls IV: Oblivion® Game of the Year Edition (2009),game,False,"16 Jun, 2009",Bethesda Game Studios,Bethesda Softworks,RPG,"Single-player, Steam Cloud, Family Sharing",True,False,False,0,94.0,42395.0,KZT,504000.0,504000.0,0.0
1687950,Persona 5 Royal,game,False,"Oct 20, 2022",ATLUS,SEGA,RPG,"Single-player, Steam Achievements, Full controller support, Steam Trading Cards, Steam Cloud, Family Sharing",True,False,False,17,95.0,85089.0,USD,5999.0,5999.0,0.0
238370,Magicka 2,game,False,"26 May, 2015",Pieces Interactive,Paradox Interactive,"Action, Adventure","Single-player, Multi-player, Co-op, Shared/Split Screen, Steam Achievements, Full controller support, Steam Trading Cards, Remote Play on Phone, Remote Play on Tablet, Remote Play on TV, Remote Play Together, Family Sharing",True,True,True,0,,9422.0,KZT,500000.0,500000.0,0.0
113020,Monaco: What's Yours Is Mine,game,False,"24 Apr, 2013",Pocketwatch Games,Balor Games,"Action, Adventure, Casual, Indie, Strategy","Single-player, Multi-player, PvP, Online PvP, Shared/Split Screen PvP, Co-op, Online Co-op, Shared/Split Screen Co-op, Shared/Split Screen, Cross-Platform Multiplayer, Steam Achievements, Full controller support, Steam Trading Cards, Steam Workshop, Steam Cloud, Steam Leaderboards, Includes level editor, Remote Play Together, Family Sharing",True,True,True,0,83.0,3758.0,KZT,240000.0,240000.0,0.0
3070070,TCG Card Shop Simulator,game,False,"15 Sep, 2024",OPNeon Games,OPNeon Games,"Simulation, Early Access","Single-player, Steam Achievements, Full controller support, Steam Trading Cards, Camera Comfort, Custom Volume Controls, Playable without Timed Input, Save Anytime, Steam Cloud, Family Sharing",True,False,False,0,,45153.0,KZT,360000.0,360000.0,0.0
977950,A Dance of Fire and Ice,game,False,"24 Jan, 2019",7th Beat Games,"7th Beat Games, indienova",Indie,"Single-player, Steam Achievements, Steam Workshop, Partial Controller Support, Steam Cloud, Includes level editor, Remote Play on Phone, Remote Play on Tablet, Family Sharing",True,True,True,0,,75775.0,KZT,125000.0,100000.0,20.0
6860,Hitman: Blood Money,game,False,"15 Mar, 2007",Io-Interactive A/S,Io-Interactive A/S,Action,"Single-player, Steam Cloud, Family Sharing",True,False,False,18,82.0,13197.0,KZT,290000.0,290000.0,0.0
1057240,Crucible Beta,game,False,"20 May, 2020",Relentless Studios,Amazon Games,"Action, Free To Play","Multi-player, PvP, Online PvP, Captions available, In-App Purchases, Partial Controller Support, Family Sharing",True,False,False,0,56.0,,,,,
268050,The Evil Within,game,False,"13 Oct, 2014",Tango Gameworks,Bethesda Softworks,Action,"Single-player, Steam Achievements, Full controller support, Steam Trading Cards, Captions available, Color Alternatives, Stereo Sound, Surround Sound, Steam Cloud, Remote Play on TV, Family Sharing",True,False,False,17,68.0,20853.0,KZT,671000.0,671000.0,0.0
511470,Glass Masquerade,game,False,"18 Nov, 2016",Onyx Lute,Onyx Lute,"Casual, Indie","Single-player, Steam Achievements, Steam Trading Cards, Steam Cloud, Family Sharing",True,True,False,0,,5525.0,KZT,150000.0,150000.0,0.0
389430,Knight Online,game,True,"25 Jan, 2016","Noah System, Mgame",NTTGame,"Action, Adventure, Free To Play, Massively Multiplayer, RPG","Single-player, Multi-player, MMO, Steam Trading Cards, In-App Purchases",True,False,False,0,,110.0,,,,
289130,ENDLESS™ Legend,game,False,"18 Sep, 2014",AMPLITUDE Studios,AMPLITUDE Studios,"RPG, Strategy","Single-player, Multi-player, PvP, Online PvP, Cross-Platform Multiplayer, Steam Achievements, Steam Trading Cards, Steam Workshop, Partial Controller Support, Steam Cloud, Family Sharing",True,True,False,0,82.0,14346.0,KZT,390000.0,390000.0,0.0
488790,South Park™: The Fractured But Whole™,game,False,"16 Oct, 2017",Ubisoft San Francisco,Ubisoft,RPG,"Single-player, Steam Achievements, Steam Trading Cards, Partial Controller Support, Remote Play on Phone, Remote Play on Tablet",True,False,False,0,,31277.0,KZT,1129900.0,1129900.0,0.0
493520,GTFO,game,False,"9 Dec, 2021",10 Chambers,10 Chambers,Action,"Multi-player, Co-op, Online Co-op, Steam Achievements, Steam Trading Cards, Partial Controller Support, Family Sharing",True,False,False,16,78.0,45283.0,KZT,749000.0,749000.0,0.0
546560,Half-Life: Alyx,game,False,"23 Mar, 2020",Valve,Valve,"Action, Adventure","Single-player, Steam Achievements, Tracked Controller Support, VR Only, Captions available, VR Support, Steam Workshop, Custom Volume Controls, Adjustable Difficulty, Save Anytime, Stereo Sound, Subtitle Options, Surround Sound, Includes level editor, Family Sharing",True,False,False,0,93.0,91559.0,KZT,1400000.0,1400000.0,0.0
439190,Stories: The Path of Destinies,game,False,"12 Apr, 2016",Spearhead Games,Spearhead Games,"Action, Adventure, Indie, RPG","Single-player, Steam Achievements, Full controller support, Steam Trading Cards, Steam Cloud, Remote Play on TV, Family Sharing",True,False,False,0,74.0,1927.0,KZT,410000.0,410000.0,0.0
67370,The Darkness II,game,False,"9 Feb, 2012",Digital Extremes,2K,Action,"Single-player, Multi-player, Co-op, Steam Achievements, Partial Controller Support, Family Sharing",True,True,False,18,77.0,7932.0,KZT,390000.0,390000.0,0.0
845070,The Awesome Adventures of Captain Spirit,game,True,"25 Jun, 2018",DONTNOD Entertainment,Square Enix,"Adventure, Free To Play","Single-player, Full controller support, Steam Cloud, Remote Play on TV, Family Sharing",True,False,False,18,79.0,,,,,
453480,Shadowverse CCG,game,True,"27 Oct, 2016","Cygames, Inc.","Cygames, Inc., Cygames Korea Inc.","Strategy, Free To Play","Single-player, Multi-player, PvP, Online PvP, Cross-Platform Multiplayer, In-App Purchases",True,True,False,0,,337.0,,,,
633230,NARUTO TO BORUTO: SHINOBI STRIKER,game,False,"29 Jun, 2023",Soleil Ltd.,Bandai Namco Entertainment,Action,"Single-player, Multi-player, PvP, Online PvP, Co-op, Online Co-op, Steam Achievements, Partial Controller Support, Family Sharing",True,False,False,0,,42395.0,KZT,699900.0,174900.0,75.0
32370,STAR WARS™ Knights of the Old Republic™,game,False,"5 Sep, 2009","BioWare, Aspyr (Mac)","LucasArts, Aspyr (Mac), Disney, Lucasfilm","Adventure, RPG","Single-player, Steam Cloud, Family Sharing",True,True,False,0,,28095.0,KZT,290000.0,290000.0,0.0
476600,Call of Duty®: WWII,game,False,"2 Nov, 2017","Sledgehammer Games, Raven Software",Activision,Action,"Single-player, Multi-player, PvP, Online PvP, Shared/Split Screen PvP, Co-op, Online Co-op, Shared/Split Screen Co-op, Steam Achievements, Full controller support, Steam Trading Cards, In-App Purchases, Steam Cloud, Valve Anti-Cheat enabled, Remote Play on TV, Family Sharing",True,False,False,18,,32748.0,KZT,3003000.0,3003000.0,0.0
1404210,Red Dead Online,game,False,"1 Dec, 2020",Rockstar Games,Rockstar Games,"Action, Adventure","Multi-player, PvP, Online PvP, Co-op, Online Co-op, Steam Achievements, In-App Purchases, Partial Controller Support, Remote Play on Phone, Remote Play on Tablet",True,False,False,0,,59129.0,KZT,999900.0,999900.0,0.0
1557740,ROUNDS,game,False,"1 Apr, 2021",Landfall,Landfall,"Action, Indie","Multi-player, PvP, Online PvP, Shared/Split Screen PvP, Shared/Split Screen, Partial Controller Support, Remote Play Together, Family Sharing",True,True,False,0,,34368.0,KZT,140000.0,140000.0,0.0
1619450,Heart of a Warrior,game,False,"1 Feb, 2022",Techworld Communication,Techworld Communication ,"Action, Adventure, Indie, RPG","Single-player, Family Sharing",True,False,False,0,,,KZT,195000.0,195000.0,0.0
683320,GRIS,game,False,"13 Dec, 2018",Nomada Studio,Devolver Digital,"Adventure, Indie","Single-player, Steam Achievements, Full controller support, Steam Trading Cards, Steam Cloud, Remote Play on Phone, Remote Play on Tablet, Remote Play on TV, Family Sharing",True,True,False,0,84.0,82265.0,KZT,410000.0,410000.0,0.0
2551020,One-armed robber,game,True,"15 Dec, 2023",Duhndal,Duhndal,"Action, Indie, Simulation, Strategy, Free To Play","Single-player, Multi-player, Co-op, Online Co-op, Steam Achievements, In-App Purchases, Steam Cloud, Stats",True,False,False,0,,,,,,
1536610,OpenTTD,game,False,"1 Apr, 2021",OpenTTD,OpenTTD,"Casual, Indie, Simulation","Single-player, Multi-player, PvP, Online PvP, LAN PvP, Co-op, Online Co-op, LAN Co-op, Cross-Platform Multiplayer, Family Sharing",True,True,True,0,,,,,,
386940,Ultimate Chicken Horse,game,False,"4 Mar, 2016",Clever Endeavour Games,Clever Endeavour Games,"Action, Casual, Indie","Multi-player, PvP, Online PvP, Shared/Split Screen PvP, Co-op, Online Co-op, Shared/Split Screen Co-op, Shared/Split Screen, Cross-Platform Multiplayer, Steam Achievements, Full controller support, Steam Trading Cards, Steam Cloud, Includes level editor, Remote Play on TV, Remote Play Together, Family Sharing",True,True,True,0,,39983.0,KZT,320000.0,160000.0,50.0
346010,Besiege,game,False,"18 Feb, 2020",Spiderling Studios,Spiderling Studios,"Indie, Simulation","Single-player, Multi-player, PvP, Online PvP, LAN PvP, Co-op, Steam Achievements, Steam Trading Cards, Steam Workshop, Steam Leaderboards, Includes level editor, Remote Play on Tablet, Family Sharing",True,True,True,0,,47226.0,KZT,304900.0,304900.0,0.0
924970,Back 4 Blood,game,False,"12 Oct, 2021",Turtle Rock Studios,Warner Bros. Games,Action,"Single-player, Multi-player, PvP, Online PvP, Co-op, Online Co-op, Full controller support, HDR available, Family Sharing",True,False,False,18,77.0,54666.0,KZT,1149900.0,1149900.0,0.0
349700,Romero's Aftermath,game,False,"24 Sep, 2015",Free Reign Entertainment,"OP Productions LLC, Free Reign East LLC","Violent, Action, Free To Play, Indie, Massively Multiplayer","Multi-player, MMO, PvP, Online PvP, Co-op, Family Sharing",True,False,False,0,,152.0,,,,
208140,ENDLESS™ Space - Definitive Edition,game,False,"4 Jul, 2012",AMPLITUDE Studios,AMPLITUDE Studios,Strategy,"Single-player, Multi-player, PvP, Online PvP, Cross-Platform Multiplayer, Steam Achievements, Steam Trading Cards, Steam Cloud, Family Sharing",True,True,False,0,77.0,6591.0,KZT,135000.0,135000.0,0.0
206500,AirMech,game,True,"30 Mar, 2018",Carbon Games,Carbon Games,"Action, Indie, Strategy, Free To Play","Single-player, Multi-player, PvP, Online PvP, Co-op, Online Co-op, Steam Achievements, Steam Trading Cards, In-App Purchases, Partial Controller Support, Stats, Steam Leaderboards",True,False,False,0,,,,,,
57690,Tropico 4,game,False,"1 Sep, 2011",Haemimont Games,Kalypso Media Digital,"Simulation, Strategy","Single-player, Steam Achievements, Steam Trading Cards, Family Sharing",True,False,False,0,78.0,8165.0,KZT,555000.0,555000.0,0.0
2322010,God of War Ragnarök,game,False,"19 Sep, 2024","Santa Monica Studio, Jetpack Interactive",PlayStation Publishing LLC,"Action, Adventure, RPG","Single-player, Steam Achievements, Full controller support, Adjustable Text Size, Camera Comfort, Color Alternatives, Custom Volume Controls, Adjustable Difficulty, Narrated Game Menus, Playable without Timed Input, Save Anytime, Stereo Sound, Subtitle Options, Surround Sound, Steam Cloud, HDR available, Family Sharing",True,False,False,0,90.0,29869.0,KZT,2349900.0,2349900.0,0.0
274940,Depth,game,False,"3 Nov, 2014",Ammobox Studios,Ammobox Studios,"Action, Indie","Single-player, Multi-player, PvP, Online PvP, Steam Achievements, Full controller support, Steam Trading Cards, Captions available, Steam Workshop, In-App Purchases, Steam Cloud, Valve Anti-Cheat enabled, Stats, Steam Leaderboards, Includes level editor, Family Sharing",True,False,False,18,65.0,23443.0,KZT,425000.0,106200.0,75.0
412220,DDNet,game,True,"17 Aug, 2020",DDNet Team,DDNet Team,"Action, Indie, Free To Play","Single-player, Multi-player, Co-op, Online Co-op, LAN Co-op, Cross-Platform Multiplayer, Includes level editor",True,True,True,0,,,,,,
1290000,PowerWash Simulator,game,False,"14 Jul, 2022",FuturLab,FuturLab,"Casual, Indie, Simulation","Single-player, Multi-player, Co-op, Online Co-op, Cross-Platform Multiplayer, Steam Achievements, Full controller support, Steam Trading Cards, Steam Cloud, Family Sharing",True,False,False,0,,50190.0,KZT,750000.0,750000.0,0.0
1286680,Tiny Tina's Wonderlands,game,False,"23 Jun, 2022",Gearbox Software,2K,"Action, Adventure, RPG","Single-player, Multi-player, Co-op, Online Co-op, LAN Co-op, Steam Achievements, Partial Controller Support, Family Sharing",True,False,False,0,,17572.0,CAD,7999.0,7999.0,0.0
39500,Gothic® 3,game,False,"2 Dec, 2009",Piranha Bytes,THQ Nordic,"Action, RPG","Single-player, Steam Cloud, Family Sharing",True,False,False,0,63.0,8877.0,KZT,520000.0,520000.0,0.0
872790,Football Manager 2019,game,False,"2 Nov, 2018",Sports Interactive,SEGA,"Simulation, Sports","Single-player, Multi-player, Steam Achievements, Steam Trading Cards, Steam Workshop, Steam Cloud, Steam Leaderboards, Remote Play on Tablet, Family Sharing",True,True,False,0,86.0,7388.0,,,,
291650,Pillars of Eternity,game,False,"26 Mar, 2015",Obsidian Entertainment,Xbox Game Studios,RPG,"Single-player, Steam Achievements, Steam Trading Cards, Steam Cloud, Commentary available, Remote Play on Tablet, Family Sharing",True,True,True,0,89.0,16728.0,KZT,470000.0,470000.0,0.0
17330,Crysis Warhead®,game,False,"17 Sep, 2008",Crytek,Electronic Arts,Action,"Single-player, Family Sharing",True,False,False,0,84.0,3768.0,KZT,265000.0,265000.0,0.0
1533390,Gorilla Tag,game,False,"1 Jan, 2023",Another Axiom Inc.,Another Axiom Inc.,"Action, Casual","Multi-player, PvP, Online PvP, Cross-Platform Multiplayer, Tracked Controller Support, VR Only, In-App Purchases",True,False,False,0,,49699.0,KZT,520000.0,520000.0,0.0
606280,Darksiders III,game,False,"27 Nov, 2018",Gunfire Games,THQ Nordic,"Action, Adventure, RPG","Single-player, Steam Achievements, Full controller support, Steam Trading Cards, Steam Cloud, Remote Play on Phone, Remote Play on Tablet, Remote Play on TV, Family Sharing",True,False,False,0,70.0,12178.0,CAD,3999.0,3999.0,0.0
10500,Total War: EMPIRE – Definitive Edition,game,False,"4 Mar, 2009","CREATIVE ASSEMBLY, Feral Interactive (Mac), Feral Interactive (Linux)","SEGA, Feral Interactive (Mac), Feral Interactive (Linux)",Strategy,"Single-player, Multi-player, PvP, Online PvP, LAN PvP, Co-op, Online Co-op, LAN Co-op, Steam Achievements, Steam Trading Cards, Camera Comfort, Custom Volume Controls, Adjustable Difficulty, Playable without Timed Input, Save Anytime, Stereo Sound, Stats, Family Sharing",True,True,True,0,90.0,20923.0,KZT,800000.0,800000.0,0.0
1476970,IdleOn,game,True,"6 Nov, 2025",Lavaflame2,Lavaflame2,"Casual, Indie, Massively Multiplayer, RPG, Simulation, Free To Play","Single-player, Multi-player, MMO, Co-op, Online Co-op, Cross-Platform Multiplayer, Steam Achievements, In-App Purchases",True,False,False,0,,,,,,
1262580,Need for Speed™ Payback,game,False,"18 Jun, 2020",Ghost Games,Electronic Arts,"Action, Adventure, Racing, Sports, Strategy","Single-player, Multi-player, PvP, Online PvP, Co-op, Online Co-op, Steam Achievements",True,False,False,15,62.0,26490.0,AUD,3995.0,3995.0,0.0
246620,Plague Inc: Evolved,game,False,"18 Feb, 2016",Ndemic Creations,Ndemic Creations,"Casual, Indie, Simulation, Strategy","Single-player, Multi-player, PvP, Online PvP, Co-op, Online Co-op, Steam Achievements, Steam Trading Cards, Steam Workshop, Camera Comfort, Custom Volume Controls, Adjustable Difficulty, Mouse Only Option, Playable without Timed Input, Save Anytime, Stereo Sound, Partial Controller Support, Steam Cloud, Stats, Steam Leaderboards, Includes level editor, Remote Play on Tablet, Family Sharing",True,True,True,0,,55414.0,EUR,1479.0,1479.0,0.0
319830,AX:EL - Air XenoDawn,game,True,"4 Dec, 2015",Alex Piola,KISS ltd,"Action, Indie, Simulation","Single-player, Multi-player, PvP, Shared/Split Screen PvP, Steam Achievements, Partial Controller Support, Remote Play Together, Family Sharing",True,False,False,0,,,,,,
324800,Shadow Warrior 2,game,False,"13 Oct, 2016",Flying Wild Hog,Devolver Digital,"Action, Adventure","Single-player, Multi-player, Co-op, Online Co-op, Steam Achievements, Full controller support, Steam Trading Cards, Steam Cloud, Remote Play on TV, Family Sharing",True,False,False,0,78.0,23973.0,KZT,760000.0,760000.0,0.0
341800,Keep Talking and Nobody Explodes,game,False,"8 Oct, 2015",Steel Crate Games,Steel Crate Games,Indie,"Multi-player, Co-op, Shared/Split Screen Co-op, Shared/Split Screen, Steam Achievements, Full controller support, Tracked Controller Support, VR Supported, VR Support, Steam Workshop, Stats, Steam Leaderboards, Remote Play on TV, Remote Play Together, Family Sharing",True,True,True,0,71.0,14083.0,KZT,410000.0,410000.0,0.0
322500,SUPERHOT,game,False,"25 Feb, 2016",SUPERHOT Team,SUPERHOT Team,"Action, Indie","Single-player, Steam Achievements, Full controller support, Steam Trading Cards, Steam Cloud, Remote Play on Phone, Remote Play on Tablet, Remote Play on TV, Family Sharing",True,True,True,0,82.0,27431.0,KZT,499900.0,149900.0,70.0
939960,Far Cry® New Dawn,game,False,"15 Feb, 2019","Ubisoft Montreal, Ubisoft Kiev, Ubisoft Shanghai",Ubisoft,"Action, Adventure","Single-player, Multi-player, Co-op, Online Co-op, Steam Achievements, In-App Purchases, Camera Comfort, Color Alternatives, Adjustable Difficulty, Mouse Only Option, Save Anytime, Stereo Sound, Subtitle Options, Surround Sound, Partial Controller Support",True,False,False,0,,31605.0,KZT,2450000.0,367500.0,85.0
239820,Game Dev Tycoon,game,False,"29 Aug, 2013",Greenheart Games 💚,Greenheart Games 💚,"Casual, Indie, Simulation, Strategy","Single-player, Steam Achievements, Steam Trading Cards, Steam Workshop, Steam Cloud, Remote Play on Tablet, Family Sharing",True,True,True,0,68.0,39998.0,KZT,220000.0,88000.0,60.0
509980,BIGFOOT,game,False,"31 Jan, 2017",CyberLight Game Studio,CyberLight Game Studio,"Action, Adventure, Indie, Early Access","Single-player, Multi-player, PvP, Online PvP, Co-op, Online Co-op, Steam Achievements, Steam Trading Cards, Family Sharing",True,False,False,0,,17556.0,KZT,572000.0,572000.0,0.0
364360,Total War: WARHAMMER,game,False,"May 24, 2016","CREATIVE ASSEMBLY, Feral Interactive (Linux), Feral Interactive (Mac)","SEGA, Feral Interactive (Linux), Feral Interactive (Mac)","Action, Strategy","Single-player, Multi-player, PvP, Online PvP, LAN PvP, Co-op, Online Co-op, LAN Co-op, Steam Achievements, Steam Trading Cards, Steam Workshop, Camera Comfort, Custom Volume Controls, Adjustable Difficulty, Playable without Timed Input, Save Anytime, Stereo Sound, Surround Sound, Family Sharing",True,True,True,0,86.0,32526.0,USD,5999.0,1499.0,75.0
492720,Tropico 6,game,False,"29 Mar, 2019","Limbic Entertainment, Realmforge Studios",Kalypso Media,"Simulation, Strategy","Single-player, Multi-player, PvP, Online PvP, Co-op, Online Co-op, Steam Achievements, Full controller support, Steam Trading Cards, Steam Workshop, Steam Cloud, Remote Play on TV, Family Sharing",True,True,True,16,78.0,19440.0,KZT,1295000.0,1295000.0,0.0
12110,Grand Theft Auto: Vice City,game,False,"4 Jan, 2008",Rockstar Games,Rockstar Games,Action,"Single-player, Partial Controller Support, Family Sharing",True,False,False,18,94.0,24112.0,,,,
460790,Bayonetta,game,False,"11 Apr, 2017",PlatinumGames,SEGA,"Action, Adventure","Single-player, Steam Achievements, Full controller support, Steam Trading Cards, Steam Cloud, Remote Play on Phone, Remote Play on Tablet, Remote Play on TV, Family Sharing",True,False,False,18,90.0,26585.0,EUR,1999.0,1999.0,0.0
1213210,Command & Conquer™ Remastered Collection,game,False,"5 Jun, 2020","Petroglyph, Lemon Sky Studios",Electronic Arts,Strategy,"Single-player, Multi-player, PvP, Online PvP, Steam Achievements, Steam Workshop, Steam Cloud, Includes level editor, Family Sharing",True,False,False,16,82.0,31123.0,KZT,699900.0,699900.0,0.0
627690,Idle Champions of the Forgotten Realms,game,True,"25 Mar, 2020",Codename Entertainment Inc.,Codename Entertainment Inc.,"Action, Adventure, Indie, Strategy, Free To Play","Single-player, Steam Achievements, Steam Trading Cards, In-App Purchases, Remote Play on Tablet",True,True,False,0,,,,,,
569480,Kingdoms and Castles,game,False,"20 Jul, 2017","Lion Shield, LLC","Lion Shield, LLC","Indie, Simulation, Strategy","Single-player, Steam Achievements, Full controller support, Steam Trading Cards, Steam Workshop, Steam Cloud, Includes level editor, Remote Play on Tablet, Family Sharing",True,True,True,0,,29986.0,KZT,572000.0,572000.0,0.0
2021910,FPS Chess,game,True,"16 Jul, 2022",Meta Fork,DigiPen Institute of Technology,"Action, Casual, Free To Play, Strategy","Multi-player, PvP, Online PvP, LAN PvP, Shared/Split Screen PvP, Shared/Split Screen, Partial Controller Support",True,False,False,0,,,,,,
242860,Verdun,game,False,"28 Apr, 2015",BlackMill Games,BlackMill Games,"Action, Indie, Massively Multiplayer, Simulation, Strategy","Single-player, Multi-player, PvP, Online PvP, Steam Achievements, Steam Trading Cards, Adjustable Text Size, Camera Comfort, Custom Volume Controls, Adjustable Difficulty, Keyboard Only Option, Playable without Timed Input, Stereo Sound, Surround Sound, Partial Controller Support, Steam Cloud, Steam Leaderboards, Family Sharing",True,True,True,0,70.0,28886.0,KZT,520000.0,520000.0,0.0
239160,Thief,game,False,"27 Feb, 2014","Eidos-Montréal, Feral Interactive (Mac)","Eidos Interactive Corp., Feral Interactive (Mac)","Action, Adventure","Single-player, Steam Achievements, Full controller support, Steam Trading Cards, Custom Volume Controls, Adjustable Difficulty, Stereo Sound, Subtitle Options, Steam Cloud, Steam Leaderboards, Remote Play on TV, Family Sharing",True,True,False,16,70.0,17228.0,KZT,600000.0,600000.0,0.0
391460,WARMODE,game,True,"13 Sep, 2019",Novalink,Novalink,"Action, Free To Play","Multi-player, PvP, Online PvP, Steam Trading Cards",True,False,False,0,,329.0,,,,
636480,Ravenfield,game,False,"18 May, 2017",SteelRaven7,SteelRaven7,"Action, Indie, Early Access","Single-player, Steam Workshop, Partial Controller Support, Includes level editor, Family Sharing",True,True,True,0,,75175.0,KZT,480000.0,480000.0,0.0
2100,Dark Messiah of Might & Magic,game,False,"25 Oct, 2006",Arkane Studios,Ubisoft,"Action, RPG","Single-player, Multi-player, Valve Anti-Cheat enabled, Family Sharing",True,False,False,0,72.0,9087.0,KZT,122500.0,122500.0,0.0
21690,Resident Evil 5,game,False,"15 Sep, 2009",Capcom,Capcom,"Action, Adventure","Single-player, Multi-player, Co-op, Steam Achievements, Full controller support, Steam Trading Cards, Steam Cloud, Steam Leaderboards, Family Sharing",True,False,False,18,86.0,45192.0,KZT,727300.0,727300.0,0.0
228280,Baldur's Gate: Enhanced Edition,game,False,"16 Jan, 2013",Beamdog,Beamdog,"Adventure, RPG","Single-player, Multi-player, Co-op, Cross-Platform Multiplayer, Steam Achievements, Steam Trading Cards, Steam Cloud, Family Sharing",True,True,True,0,78.0,15057.0,KZT,520000.0,520000.0,0.0
629730,Blade and Sorcery,game,False,"17 Jun, 2024",WarpFrog,WarpFrog,"Action, Adventure, Indie, RPG, Simulation","Single-player, Steam Achievements, Tracked Controller Support, VR Only, Family Sharing",True,False,False,0,,58113.0,KZT,836000.0,836000.0,0.0
2420510,HoloCure - Save the Fans!,game,True,"16 Aug, 2023",KayAnimate,KayAnimate,"Action, Adventure, Casual, Indie","Single-player, Steam Achievements, Partial Controller Support, Steam Cloud",True,False,False,0,,,,,,
113420,Fallen Earth Classic,game,True,"22 Feb, 2012",Little Orbit,Little Orbit,"Free To Play, Massively Multiplayer, RPG","Multi-player, MMO, PvP, Online PvP, Co-op, Online Co-op, Steam Achievements",True,False,False,0,71.0,,,,,
706990,BLOCKPOST LEGACY,game,True,"25 Apr, 2019",Skullcap Studios,Skullcap Studios,"Action, Indie, Free To Play","Multi-player, PvP, Online PvP, In-App Purchases",True,False,False,0,,,,,,
304240,Resident Evil,game,False,"19 Jan, 2015","CAPCOM Co., Ltd.","CAPCOM Co., Ltd.","Action, Adventure","Single-player, Steam Achievements, Full controller support, Steam Trading Cards, Steam Cloud, Steam Leaderboards, Family Sharing",True,False,False,0,82.0,25884.0,KZT,727300.0,727300.0,0.0
269210,Hero Siege,game,False,"29 Jan, 2014",Panic Art Studios Ltd,Panic Art Studios Ltd,"Action, Adventure, Indie, Massively Multiplayer, RPG","Single-player, Multi-player, Co-op, Online Co-op, Shared/Split Screen Co-op, Shared/Split Screen, Cross-Platform Multiplayer, Steam Achievements, Full controller support, Steam Trading Cards, In-App Purchases, Steam Cloud, Remote Play on TV, Remote Play Together",True,False,True,0,,35860.0,KZT,230000.0,230000.0,0.0
621060,PC Building Simulator,game,False,"29 Jan, 2019","Claudiu Kiss, The Irregular Corporation",The Irregular Corporation,"Indie, Simulation","Single-player, Steam Achievements, Steam Trading Cards, Steam Workshop, Partial Controller Support, Steam Cloud, Remote Play on Phone, Remote Play on Tablet, Family Sharing",True,False,False,0,,41938.0,KZT,520000.0,520000.0,0.0
48190,Assassin’s Creed® Brotherhood,game,False,"17 Mar, 2011",Ubisoft Montreal,Ubisoft,"Action, Adventure","Single-player, Multi-player, Partial Controller Support",True,False,False,18,88.0,24240.0,KZT,455900.0,455900.0,0.0
638970,Yakuza 0,game,False,"1 Aug, 2018",Ryu Ga Gotoku Studio,SEGA,"Action, Adventure, RPG","Single-player, Multi-player, Steam Achievements, Full controller support, Steam Trading Cards, Steam Cloud, Steam Leaderboards, Remote Play on Phone, Remote Play on Tablet, Remote Play on TV, Family Sharing",True,False,False,17,86.0,61584.0,,,,
24010,Train Simulator Classic,game,False,"17 Sep, 2015",Dovetail Games,"Dovetail Games - Trains, Dovetail Games",Simulation,"Single-player, Steam Achievements, Full controller support, Steam Trading Cards, Steam Workshop, In-App Purchases, Steam Cloud, Steam Leaderboards, Family Sharing",True,False,False,0,,19195.0,KZT,760000.0,228000.0,70.0
228380,Wreckfest,game,False,"14 Jun, 2018",Bugbear,THQ Nordic,"Action, Indie, Racing, Simulation, Sports","Single-player, Multi-player, PvP, Online PvP, Steam Achievements, Steam Workshop, Partial Controller Support, Steam Cloud, Stats, Steam Leaderboards, Family Sharing",True,False,False,0,81.0,29962.0,KZT,617900.0,617900.0,0.0
327690,Gigantic,game,False,"19 Jul, 2017",Motiga Inc.,Perfect World Entertainment,"Action, Free To Play, Strategy","Multi-player, Online PvP, Steam Trading Cards, In-App Purchases, Partial Controller Support, Stats, Family Sharing",True,False,False,0,76.0,,,,,
417860,Emily is Away,game,True,"20 Nov, 2015",Kyle Seeley,Kyle Seeley,"Adventure, Casual, Free To Play, Indie, Simulation","Single-player, Steam Achievements, Steam Trading Cards",True,True,True,0,,366.0,,,,
1262350,SIGNALIS,game,False,"27 Oct, 2022",rose-engine,Balor Games,"Action, Adventure, Indie","Single-player, Steam Achievements, Full controller support, Steam Cloud, Family Sharing",True,False,False,0,,28984.0,KZT,467000.0,467000.0,0.0
1058020,"STAR WARS™ Battlefront (Classic, 2004)",game,False,"1 May, 2019",Pandemic Studios,"Lucasfilm, LucasArts, Disney",Action,"Single-player, Multi-player, PvP, Online PvP, Cross-Platform Multiplayer, Steam Cloud, Family Sharing",True,False,False,0,,4156.0,KZT,290000.0,290000.0,0.0
582160,Assassin's Creed® Origins,game,False,"26 Oct, 2017",Ubisoft Montreal,Ubisoft,"Action, Adventure, RPG","Single-player, Steam Achievements, Steam Trading Cards, Captions available, In-App Purchases, Camera Comfort, Custom Volume Controls, Adjustable Difficulty, Keyboard Only Option, Mouse Only Option, Playable without Timed Input, Save Anytime, Stereo Sound, Surround Sound, Partial Controller Support, Remote Play on Tablet, HDR available",True,False,False,0,,117253.0,HKD,43800.0,43800.0,0.0
287450,Rise of Nations: Extended Edition,game,False,"12 Jun, 2014","SkyBox Labs, Big Huge Games",Xbox Game Studios,"Simulation, Strategy","Single-player, Multi-player, Co-op, Steam Achievements, Steam Trading Cards, Steam Cloud, Stats, Steam Leaderboards, Family Sharing",True,False,False,0,89.0,13133.0,EUR,1999.0,1999.0,0.0
582500,We Were Here,game,True,"3 Feb, 2017",Total Mayhem Games,Total Mayhem Games,"Action, Adventure, Indie, Free To Play","Multi-player, Co-op, Online Co-op, Cross-Platform Multiplayer, Steam Achievements, Custom Volume Controls, Subtitle Options, Partial Controller Support, Steam Cloud",True,True,False,0,,1730.0,,,,
442080,Riders of Icarus,game,False,"6 Jul, 2016","WeMade, VALOFE",VALOFE,"Adventure, Massively Multiplayer, RPG, Free To Play","Single-player, Multi-player, MMO, PvP, Online PvP, Steam Trading Cards, In-App Purchases, Family Sharing",True,False,False,0,,725.0,,,,
519860,DUSK,game,False,"10 Dec, 2018",David Szymanski,New Blood Interactive,"Action, Indie","Single-player, Multi-player, PvP, Online PvP, LAN PvP, Steam Achievements, Full controller support, Steam Trading Cards, Steam Workshop, Steam Cloud, Family Sharing",True,True,True,0,88.0,21759.0,KZT,520000.0,520000.0,0.0
22320,The Elder Scrolls III: Morrowind® Game of the Year Edition,game,False,"16 Jun, 2009",Bethesda Game Studios,Bethesda Softworks,RPG,"Single-player, Steam Cloud, Family Sharing",True,False,False,0,89.0,21815.0,KZT,504000.0,504000.0,0.0
704270,Generation Zero®,game,False,"26 Mar, 2019",Systemic Reaction™,Avalanche Studios,"Action, Adventure","Single-player, Multi-player, Co-op, Online Co-op, Steam Achievements, Steam Trading Cards, Partial Controller Support, Steam Cloud, Family Sharing",True,False,False,0,,28766.0,KZT,640000.0,128000.0,80.0
40990,Mafia,game,False,"28 Aug, 2002",Illusion Softworks,2K,"Action, Adventure","Single-player, Family Sharing",True,False,False,0,88.0,8756.0,KZT,240000.0,240000.0,0.0
1627140,Sabre Team,game,False,"4 Jun, 2021",Krisalis Software,Ziggurat,"RPG, Strategy","Single-player, Family Sharing",True,False,False,0,,,KZT,140000.0,140000.0,0.0
612880,Wolfenstein II: The New Colossus,game,False,"26 Oct, 2017",MachineGames,Bethesda Softworks,Action,"Single-player, Steam Achievements, Full controller support, Color Alternatives, Save Anytime, Stereo Sound, Surround Sound, Steam Cloud, Remote Play on TV, Family Sharing",True,False,False,18,86.0,34334.0,KZT,1350000.0,1350000.0,0.0
638070,Murderous Pursuits,game,False,"26 Apr, 2018",Blazing Griffin,Blazing Griffin,"Action, Indie, Simulation, Strategy","Single-player, Multi-player, PvP, Online PvP, LAN PvP, Steam Achievements, Steam Trading Cards, Partial Controller Support, Stats, Steam Leaderboards, Family Sharing",True,False,False,0,63.0,374.0,KZT,185000.0,185000.0,0.0
3146520,WEBFISHING,game,False,"11 Oct, 2024",lamedeveloper,lamedeveloper,"Casual, Indie, Massively Multiplayer","Single-player, Multi-player, Co-op, Online Co-op, Family Sharing",True,False,False,0,,56994.0,KZT,150000.0,150000.0,0.0
232890,Stronghold Crusader 2,game,False,"22 Sep, 2014",Firefly Studios,Firefly Studios,"Simulation, Strategy","Single-player, Multi-player, PvP, Online PvP, Co-op, Online Co-op, Steam Achievements, Steam Trading Cards, Steam Workshop, Steam Cloud, Includes level editor, Family Sharing",True,False,False,0,,12446.0,KZT,470000.0,470000.0,0.0
6000,STAR WARS™ Republic Commando™,game,False,"8 Jul, 2009",LucasArts,"LucasArts, Lucasfilm, Disney",Action,"Single-player, Multi-player, PvP, Shared/Split Screen PvP, Steam Cloud, Remote Play Together, Family Sharing",True,False,False,0,78.0,14419.0,KZT,290000.0,290000.0,0.0
1049410,Superliminal,game,False,"5 Nov, 2020",Pillow Castle,Pillow Castle,"Action, Adventure","Single-player, Multi-player, PvP, Online PvP, Co-op, Online Co-op, Steam Achievements, Full controller support, Steam Trading Cards, Captions available, Steam Workshop, Steam Cloud, Includes level editor, Commentary available, Remote Play on TV, Family Sharing",True,True,True,0,,27455.0,KZT,550000.0,550000.0,0.0
1343370,Old School RuneScape,game,True,"24 Feb, 2021",Jagex Ltd,Jagex Ltd,"Adventure, Massively Multiplayer, RPG, Free To Play","Multi-player, MMO, Cross-Platform Multiplayer, Steam Achievements, Steam Trading Cards, In-App Purchases",True,True,False,0,,,,,,
1238860,Battlefield 4™,game,False,"11 Jun, 2020",DICE,Electronic Arts,Action,"Single-player, Multi-player, PvP, Online PvP, Steam Achievements, Full controller support, Steam Trading Cards, HDR available",True,False,False,18,,67400.0,KZT,1550000.0,1550000.0,0.0
961200,Predecessor,game,True,"20 Aug, 2024",Omeda Studios,Omeda Studios,"Action, Indie, Massively Multiplayer, RPG, Strategy, Free To Play","Single-player, Multi-player, PvP, Online PvP, Co-op, Online Co-op, Cross-Platform Multiplayer, Full controller support, In-App Purchases",True,False,False,0,,8483.0,,,,
102600,Orcs Must Die!,game,False,"11 Oct, 2011",Robot Entertainment,Robot Entertainment,"Action, Indie, Strategy","Single-player, Steam Achievements, Partial Controller Support, Steam Cloud, Stats, Steam Leaderboards, Family Sharing",True,False,False,0,83.0,6598.0,KZT,185000.0,185000.0,0.0
2527500,MiSide,game,False,"10 Dec, 2024",AIHASTO,"IndieArk, Shochiku (Japan)","Adventure, Indie, RPG, Simulation","Single-player, Steam Achievements, Family Sharing",True,False,False,0,,118638.0,KZT,410000.0,410000.0,0.0
870780,CONTROL Ultimate Edition,game,False,"27 Aug, 2020",Remedy Entertainment,Remedy Entertainment,"Action, Adventure","Single-player, Steam Achievements, Full controller support, Steam Trading Cards, Steam Cloud, Remote Play on Phone, Remote Play on Tablet, Remote Play on TV, HDR available, Family Sharing",True,True,False,15,85.0,47260.0,AUD,4995.0,4995.0,0.0
24980,Mass Effect 2 (2010 Edition),game,False,,BioWare,Electronic Arts,RPG,"Single-player, Family Sharing",True,False,False,0,94.0,13307.0,,,,
312520,Rain World,game,False,"28 Mar, 2017",Videocult,Akupara Games,"Action, Adventure, Indie","Single-player, Multi-player, PvP, Shared/Split Screen PvP, Steam Achievements, Full controller support, Steam Trading Cards, Steam Workshop, Custom Volume Controls, Adjustable Difficulty, Keyboard Only Option, Stereo Sound, Steam Cloud, Remote Play on TV, Remote Play Together, Family Sharing",True,False,False,0,66.0,41986.0,KZT,640000.0,640000.0,0.0
285190,"Warhammer 40,000: Dawn of War III",game,False,"27 Apr, 2017","Relic Entertainment, Feral Interactive (Mac), Feral Interactive (Linux)","Relic Entertainment, Feral Interactive (Mac), Feral Interactive (Linux)","Action, Simulation, Strategy","Single-player, Multi-player, PvP, Online PvP, Steam Achievements, Steam Trading Cards, Steam Workshop, Steam Cloud, Stats, Includes level editor, Family Sharing",True,True,True,0,77.0,14155.0,KZT,1800000.0,360000.0,80.0
235600,Tom Clancy’s Splinter Cell Blacklist,game,False,"29 Aug, 2013",Ubisoft Toronto,Ubisoft,"Action, Adventure","Single-player, Multi-player, Co-op, Steam Achievements",True,False,False,0,,18982.0,KZT,489900.0,489900.0,0.0
202170,Sleeping Dogs,game,False,,United Front Games,Square Enix,"Action, Adventure","Single-player, Steam Achievements, Full controller support, Steam Trading Cards, Steam Cloud, Family Sharing",True,False,False,18,80.0,10206.0,,,,
34030,Total War: NAPOLEON – Definitive Edition,game,False,"25 Feb, 2010","CREATIVE ASSEMBLY, Feral Interactive (Mac)","SEGA, Feral Interactive (Mac)",Strategy,"Single-player, Multi-player, Steam Achievements, Steam Trading Cards, Camera Comfort, Custom Volume Controls, Adjustable Difficulty, Playable without Timed Input, Save Anytime, Stereo Sound, Stats, Family Sharing",True,True,False,0,81.0,17573.0,KZT,800000.0,800000.0,0.0
459820,Crush Crush,game,True,"18 Oct, 2016",Sad Panda Studios,Sad Panda Studios,"Casual, Indie, Free To Play","Single-player, Steam Achievements, Steam Trading Cards, In-App Purchases, Stats, Steam Leaderboards, Remote Play on Phone, Remote Play on Tablet",True,True,True,0,,564.0,,,,
47810,Dragon Age: Origins - Ultimate Edition,game,False,"26 Oct, 2010",BioWare,Electronic Arts,RPG,"Single-player, Family Sharing",True,False,False,0,91.0,27942.0,KZT,1099900.0,1099900.0,0.0
280790,Creativerse,game,False,"8 May, 2017",Playful Corp.,Playful Corp.,"Action, Adventure, Casual, Indie, Massively Multiplayer, RPG, Simulation","Single-player, Multi-player, PvP, Online PvP, LAN PvP, Co-op, Online Co-op, LAN Co-op, Steam Trading Cards, Steam Workshop, Family Sharing",True,False,False,0,,2642.0,KZT,500000.0,500000.0,0.0
1313860,EA SPORTS™ FIFA 21,game,False,"8 Oct, 2020",EA Canada,Electronic Arts,"Simulation, Sports","Single-player, Multi-player, PvP, Online PvP, Steam Achievements, Full controller support, In-App Purchases",True,False,False,0,,39658.0,,,,
2280,DOOM + DOOM II,game,False,"3 Aug, 2007","id Software, Nightdive Studios",Bethesda,Action,"Single-player, Multi-player, PvP, Online PvP, LAN PvP, Shared/Split Screen PvP, Co-op, Online Co-op, LAN Co-op, Shared/Split Screen Co-op, Shared/Split Screen, Cross-Platform Multiplayer, Full controller support, Camera Comfort, Custom Volume Controls, Adjustable Difficulty, Keyboard Only Option, Stereo Sound, Steam Cloud, Remote Play Together, Family Sharing",True,False,False,0,,24561.0,KZT,416900.0,416900.0,0.0
637090,BATTLETECH,game,False,"24 Apr, 2018",Harebrained Schemes,Paradox Interactive,"Action, Adventure, Strategy","Single-player, Multi-player, PvP, Online PvP, Cross-Platform Multiplayer, Steam Achievements, Steam Trading Cards, Steam Cloud, Remote Play Together, Family Sharing",True,True,True,0,78.0,22722.0,KZT,1320000.0,1320000.0,0.0
690790,DiRT Rally 2.0,game,False,"25 Feb, 2019",Codemasters,"Codemasters, Electronic Arts","Racing, Simulation, Sports","Single-player, Multi-player, PvP, Online PvP, Steam Achievements, Full controller support, VR Supported, Steam Cloud, Valve Anti-Cheat enabled, Family Sharing",True,False,False,0,84.0,38487.0,KZT,330000.0,330000.0,0.0
704850,Thief Simulator,game,False,"9 Nov, 2018",Noble Muffins,PlayWay S.A.,"Action, Adventure, Indie, Simulation","Single-player, Steam Achievements, Partial Controller Support, Steam Cloud, Family Sharing",True,True,False,0,,36608.0,KZT,520000.0,520000.0,0.0
424370,Wolcen: Lords of Mayhem,game,False,"13 Feb, 2020",WOLCEN Studio,WOLCEN Studio,"Action, Adventure, Indie, RPG","Single-player, Partial Controller Support, Family Sharing",True,False,False,0,60.0,61735.0,KZT,470000.0,470000.0,0.0
851850,DRAGON BALL Z: KAKAROT,game,False,"16 Jan, 2020",CyberConnect2 Co. Ltd.,Bandai Namco Entertainment Inc.,"Action, RPG","Single-player, Steam Achievements, Full controller support, Steam Trading Cards, Steam Cloud, Remote Play on Phone, Remote Play on Tablet, Remote Play on TV, Family Sharing",True,False,False,0,73.0,43387.0,CAD,2699.0,2699.0,0.0
243470,Watch_Dogs™,game,False,"26 May, 2014",Ubisoft,Ubisoft,"Action, Adventure","Single-player, Multi-player, Steam Achievements, Steam Trading Cards, Partial Controller Support",True,False,False,0,77.0,46325.0,EUR,1999.0,1999.0,0.0
491950,Orwell: Keeping an Eye On You,game,False,"27 Oct, 2016",Osmotic Studios,Daedalic Entertainment,"Adventure, Indie, Simulation","Single-player, Steam Achievements, Steam Trading Cards, Steam Cloud, Family Sharing",True,True,True,0,77.0,8809.0,KZT,185000.0,185000.0,0.0
1384160,GUILTY GEAR -STRIVE-,game,False,"11 Jun, 2021",Arc System Works,Arc System Works,Action,"Single-player, Multi-player, PvP, Online PvP, Shared/Split Screen PvP, Shared/Split Screen, Steam Achievements, Full controller support, Steam Cloud, Remote Play Together, Family Sharing",True,False,False,0,85.0,46732.0,KZT,1739000.0,1739000.0,0.0
2622000,Astral Party ,game,True,"28 Feb, 2024",STAR ENGINE PROJECT,Neverland Entertainment,"Casual, Indie, RPG, Strategy","Multi-player, PvP, Online PvP, Co-op, Online Co-op, In-App Purchases",True,False,False,0,,,,,,
1061910,Metal: Hellsinger,game,False,"15 Sep, 2022",The Outsiders,Funcom,"Action, Adventure","Single-player, Steam Achievements, Partial Controller Support, Steam Cloud, Family Sharing",True,False,False,0,,13817.0,KZT,699900.0,279900.0,60.0
392110,ENDLESS™ Space 2,game,False,"18 May, 2017",AMPLITUDE Studios,AMPLITUDE Studios,Strategy,"Single-player, Multi-player, PvP, Online PvP, Cross-Platform Multiplayer, Steam Achievements, Steam Trading Cards, Steam Workshop, Steam Cloud, Remote Play on Tablet, Family Sharing",True,True,False,0,80.0,17104.0,KZT,470000.0,470000.0,0.0
247080,Crypt of the NecroDancer,game,False,"23 Apr, 2015",Brace Yourself Games,"Brace Yourself Games, Klei Entertainment","Action, Indie, RPG","Single-player, Multi-player, Co-op, Shared/Split Screen Co-op, Steam Achievements, Full controller support, Steam Trading Cards, Captions available, Steam Workshop, Camera Comfort, Color Alternatives, Custom Volume Controls, Adjustable Difficulty, Keyboard Only Option, Playable without Timed Input, Save Anytime, Stereo Sound, Subtitle Options, Steam Cloud, Steam Leaderboards, Includes level editor, Remote Play on Phone, Remote Play on Tablet, Remote Play on TV, Remote Play Together, Family Sharing",True,True,True,0,87.0,23410.0,KZT,410000.0,410000.0,0.0
47830,Medal of Honor™,game,False,"12 Oct, 2010",Electronic Arts,Electronic Arts,Action,"Single-player, Multi-player, Family Sharing",True,False,False,0,72.0,6787.0,KZT,265000.0,265000.0,0.0
9340,Company of Heroes: Opposing Fronts,game,False,"24 Sep, 2007",Relic Entertainment,SEGA,"Action, Strategy","Single-player, Multi-player, Steam Cloud, Family Sharing",True,False,False,0,87.0,799.0,KZT,550000.0,110000.0,80.0
214420,Gear Up,game,True,"28 Jan, 2015",Doctor Entertainment AB,Doctor Entertainment AB,"Action, Free To Play, Indie","Multi-player, Cross-Platform Multiplayer, Steam Achievements, Steam Trading Cards, Partial Controller Support, Steam Cloud, Steam Leaderboards",True,True,True,0,,943.0,,,,
438040,Shakes and Fidget,game,True,"24 Feb, 2016",Playa Games GmbH,Playa Games GmbH,"Adventure, Casual, Indie, Massively Multiplayer, RPG, Strategy, Free To Play","Single-player, Multi-player, MMO, Cross-Platform Multiplayer, Steam Trading Cards, In-App Purchases, Camera Comfort, Custom Volume Controls, Mouse Only Option",True,True,False,0,,183.0,,,,
736220,Squad 44,game,False,"9 Aug, 2018",Offworld,Offworld,"Action, Indie, Massively Multiplayer, Strategy","Multi-player, PvP, Online PvP, Steam Workshop, Partial Controller Support",True,False,False,0,,18863.0,KZT,520000.0,520000.0,0.0
752590,A Plague Tale: Innocence,game,False,"14 May, 2019",Asobo Studio,Focus Entertainment,"Action, Adventure","Single-player, Steam Achievements, Full controller support, Steam Trading Cards, Steam Cloud, Remote Play on Phone, Remote Play on Tablet, Remote Play on TV, Family Sharing",True,False,False,0,81.0,58381.0,KZT,999000.0,999000.0,0.0
933110,Age of Empires III: Definitive Edition,game,True,"15 Oct, 2020","World's Edge, Tantalus Media, Forgotten Empires",Xbox Game Studios,"Strategy, Free To Play","Single-player, Multi-player, PvP, Online PvP, LAN PvP, Cross-Platform Multiplayer, Steam Achievements, Steam Trading Cards, Steam Cloud",True,False,False,0,75.0,36439.0,,,,
24200,DC Universe™ Online,game,True,"2 Nov, 2011",Dimensional Ink Games,Daybreak Game Company,"Action, Adventure, Massively Multiplayer, RPG, Free To Play","Multi-player, MMO, PvP, Online PvP, Co-op, Online Co-op, Cross-Platform Multiplayer, Steam Achievements, Partial Controller Support",True,False,False,0,72.0,215.0,,,,
304670,Aeon Command,game,False,"3 Jul, 2014","Bat Country Games, LLC","Bat Country Games, LLC","Casual, Indie, Strategy","Single-player, Steam Achievements, Steam Trading Cards, Steam Cloud, Stats, Steam Leaderboards, Family Sharing",True,True,True,0,,331.0,KZT,65000.0,65000.0,0.0
228200,Company of Heroes,game,False,"11 Sep, 2006",Relic Entertainment,Relic Entertainment,"Action, Strategy","Single-player, Multi-player, Steam Trading Cards, Steam Workshop, Steam Cloud, Family Sharing",True,False,False,0,93.0,12273.0,KZT,550000.0,110000.0,80.0
233720,Surgeon Simulator,game,False,"19 Apr, 2013",Bossa Studios,"Infogrames, Atari","Action, Indie, Simulation","Single-player, Steam Achievements, Steam Trading Cards, Steam Cloud, Family Sharing",True,True,True,0,71.0,13726.0,KZT,290000.0,290000.0,0.0
692850,Bloodstained: Ritual of the Night,game,False,"18 Jun, 2019",ArtPlay,505 Games,"Action, Adventure, RPG","Single-player, Multi-player, PvP, Online PvP, Shared/Split Screen PvP, Co-op, Online Co-op, Shared/Split Screen Co-op, Shared/Split Screen, Steam Achievements, Full controller support, Custom Volume Controls, Adjustable Difficulty, Playable without Timed Input, Stereo Sound, Subtitle Options, Steam Cloud, Remote Play on Phone, Remote Play on Tablet, Remote Play on TV, Remote Play Together, Family Sharing",True,False,False,0,,29146.0,CAD,5099.0,5099.0,0.0
1483870,Draw & Guess,game,False,"12 Mar, 2021",Acureus,Acureus,"Casual, Indie","Single-player, Multi-player, PvP, Online PvP, Co-op, Online Co-op, Steam Achievements, Steam Trading Cards, Steam Workshop, Custom Volume Controls, Mouse Only Option, Playable without Timed Input, Touch Only Option, Includes level editor, Family Sharing",True,True,True,0,,31327.0,KZT,165000.0,165000.0,0.0
15100,Assassin's Creed™: Director's Cut Edition,game,False,"9 Apr, 2008",Ubisoft Montreal,Ubisoft,"Action, Adventure","Single-player, Partial Controller Support, Family Sharing",True,False,False,0,79.0,23161.0,HKD,7500.0,7500.0,0.0
1241100,POLYGON,game,True,"6 Mar, 2020",Redaster Studio,Redaster Studio,"Action, Indie, Massively Multiplayer, Free To Play, Early Access","Multi-player, MMO, PvP, Online PvP, Co-op, Online Co-op, Steam Achievements, In-App Purchases, Custom Volume Controls, Adjustable Difficulty, Mouse Only Option, Save Anytime, Stereo Sound",True,False,False,0,,,,,,
1282100,REMNANT II®,game,False,"25 Jul, 2023",Gunfire Games,"Arc Games, THQ Nordic","Action, Adventure, RPG","Single-player, Multi-player, Co-op, Online Co-op, Steam Achievements, Full controller support, Steam Cloud, Family Sharing",True,False,False,18,,45065.0,KZT,1600000.0,1600000.0,0.0
287290,Resident Evil Revelations 2,game,False,"24 Feb, 2015","CAPCOM Co., Ltd.","CAPCOM Co., Ltd.","Action, Adventure","Single-player, Multi-player, Co-op, Online Co-op, Shared/Split Screen Co-op, Steam Achievements, Full controller support, Steam Trading Cards, Steam Cloud, Steam Leaderboards, Remote Play on Phone, Remote Play on Tablet, Remote Play on TV, Remote Play Together, Family Sharing",True,False,False,18,,24813.0,KZT,727300.0,727300.0,0.0
1225330,NBA 2K21,game,False,"4 Sep, 2020",Visual Concepts,2K,"Simulation, Sports","Single-player, Multi-player, PvP, Online PvP, Shared/Split Screen PvP, Co-op, Online Co-op, Shared/Split Screen Co-op, Shared/Split Screen, Steam Achievements, Full controller support, In-App Purchases, Steam Cloud, Remote Play on Tablet, Remote Play Together, Family Sharing",True,False,False,0,,28196.0,,,,
4920,Natural Selection 2,game,False,"30 Oct, 2012",Unknown Worlds Entertainment,"Unknown Worlds Entertainment, KRAFTON, Inc.","Action, Indie, Strategy","Multi-player, PvP, Online PvP, Steam Achievements, Steam Trading Cards, Steam Workshop, Steam Cloud, Valve Anti-Cheat enabled, Includes level editor, Family Sharing",True,False,False,0,80.0,8606.0,KZT,150000.0,150000.0,0.0
19900,Far Cry® 2,game,False,"22 Oct, 2008",Ubisoft Montreal,Ubisoft,Action,"Single-player, Multi-player, Family Sharing",True,False,False,0,85.0,16948.0,KZT,245000.0,245000.0,0.0
1515950,Capcom Arcade Stadium,game,True,"24 May, 2021","CAPCOM Co., Ltd.","CAPCOM Co., Ltd.","Action, Free To Play","Single-player, Multi-player, Co-op, Shared/Split Screen Co-op, Shared/Split Screen, Steam Achievements, Full controller support, Steam Trading Cards, In-App Purchases, Steam Cloud, Steam Leaderboards, Remote Play Together, Family Sharing",True,False,False,0,,388.0,KZT,2182500.0,2182500.0,0.0
979690,The Ascent,game,False,"29 Jul, 2021",Neon Giant,"KRAFTON, Inc.","Action, Adventure, Indie, RPG","Single-player, Multi-player, Co-op, Online Co-op, Shared/Split Screen Co-op, Shared/Split Screen, Steam Achievements, Full controller support, Camera Comfort, Color Alternatives, Custom Volume Controls, Adjustable Difficulty, Playable without Timed Input, Save Anytime, Subtitle Options, Steam Cloud, Remote Play Together, Family Sharing",True,False,False,0,,18739.0,KZT,804900.0,804900.0,0.0
809960,Radical Heights,game,False,"10 Apr, 2018",Boss Key Productions,Boss Key Productions,"Action, Adventure, Free To Play, Indie, Massively Multiplayer, Early Access","Multi-player, Online PvP, In-App Purchases, Family Sharing",True,False,False,0,,,,,,
130,Half-Life: Blue Shift,game,False,"1 Jun, 2001",Gearbox Software,Valve,Action,"Single-player, Custom Volume Controls, Adjustable Difficulty, Playable without Timed Input, Save Anytime, Family Sharing",True,True,True,0,71.0,18061.0,KZT,150000.0,150000.0,0.0
232050,Eador. Masters of the Broken World,game,False,"19 Apr, 2013",Snowbird Games,Snowbird Games,"Indie, RPG, Strategy","Single-player, Multi-player, Co-op, Shared/Split Screen Co-op, Steam Achievements, Steam Trading Cards, Steam Cloud, Remote Play Together, Family Sharing",True,False,False,0,74.0,1649.0,KZT,265000.0,265000.0,0.0
47790,Medal of Honor™,game,False,"12 Oct, 2010",Electronic Arts,Electronic Arts,Action,"Single-player, Multi-player, Family Sharing",True,False,False,0,72.0,6787.0,KZT,265000.0,265000.0,0.0
253980,Enclave,game,False,"4 Oct, 2013",Starbreeze,Topware Interactive,"Action, RPG","Single-player, Steam Trading Cards, Steam Cloud, Family Sharing",True,True,True,0,71.0,1835.0,KZT,290000.0,290000.0,0.0
292730,Call of Duty®: Infinite Warfare,game,False,"3 Nov, 2016",Infinity Ward,Activision,"Action, Adventure","Single-player, Multi-player, PvP, Online PvP, Co-op, Online Co-op, Steam Achievements, Full controller support, Valve Anti-Cheat enabled, Remote Play on TV, Family Sharing",True,False,False,18,73.0,17037.0,KZT,3003000.0,3003000.0,0.0
774361,Blasphemous,game,False,"10 Sep, 2019",The Game Kitchen,Team17,"Action, Adventure, Indie","Single-player, Steam Achievements, Full controller support, Steam Trading Cards, Steam Cloud, Remote Play on Phone, Remote Play on Tablet, Remote Play on TV, Family Sharing",True,True,True,0,77.0,51355.0,EUR,2499.0,2499.0,0.0
34270,SEGA Mega Drive and Genesis Classics,game,False,"1 Jun, 2010",D3T Limited,SEGA,"Action, Adventure, Casual, RPG","Single-player, Multi-player, Co-op, Shared/Split Screen Co-op, Full controller support, VR Supported, Steam Trading Cards, Steam Workshop, Remote Play on Phone, Remote Play on Tablet, Remote Play on TV, Remote Play Together, Family Sharing",True,True,True,12,,7944.0,,,,
4500,S.T.A.L.K.E.R.: Shadow of Chernobyl,game,False,"20 Mar, 2007",GSC Game World,GSC Game World,"Action, RPG","Single-player, Multi-player, PvP, Online PvP, LAN PvP, Steam Cloud, Family Sharing",True,False,False,0,82.0,37884.0,KZT,660000.0,660000.0,0.0
251060,Wargame: Red Dragon,game,False,"17 Apr, 2014",Eugen Systems,Eugen Systems,"Indie, Simulation, Strategy","Single-player, Multi-player, PvP, Online PvP, Co-op, Online Co-op, Steam Trading Cards, Steam Cloud, Family Sharing",True,True,True,0,78.0,15675.0,KZT,1162900.0,1162900.0,0.0
32470,STAR WARS™ Empire at War - Gold Pack,game,False,"25 May, 2010",Petroglyph,"LucasArts, Lucasfilm, Disney",Strategy,"Single-player, Multi-player, PvP, Online PvP, Steam Cloud, Family Sharing",True,False,False,0,,35364.0,KZT,520000.0,520000.0,0.0
837470,Untitled Goose Game,game,False,"23 Sep, 2020",House House,Panic,"Action, Indie","Single-player, Multi-player, Co-op, Shared/Split Screen Co-op, Shared/Split Screen, Steam Achievements, Full controller support, Steam Cloud, Remote Play on Phone, Remote Play on Tablet, Remote Play on TV, Remote Play Together, Family Sharing",True,True,False,0,79.0,21985.0,KZT,450000.0,450000.0,0.0
834910,ATLAS,game,False,"22 Dec, 2018","Grapeshot Games, Instinct Games","Grapeshot Games, Snail Games USA","Action, Adventure, Massively Multiplayer, RPG, Early Access","Single-player, Multi-player, MMO, PvP, Online PvP, Co-op, Online Co-op, Full controller support, Steam Workshop, Includes level editor, Family Sharing",True,False,False,0,,37087.0,KZT,390000.0,128700.0,67.0
454650,DRAGON BALL XENOVERSE 2,game,False,"27 Oct, 2016","QLOC, Dimps Corporation",Bandai Namco Entertainment,"Action, Adventure, Casual, Massively Multiplayer","Single-player, Multi-player, MMO, PvP, Online PvP, Shared/Split Screen PvP, Co-op, Online Co-op, Steam Achievements, Full controller support, Steam Cloud, Steam Leaderboards, Family Sharing",True,False,False,0,78.0,42523.0,CNY,9800.0,9800.0,0.0
1238820,Battlefield 3™,game,False,"11 Jun, 2020",DICE,Electronic Arts,Action,"Single-player, Multi-player, PvP, Online PvP, Steam Achievements, Full controller support, Steam Trading Cards",True,False,False,16,89.0,15319.0,KZT,1550000.0,1550000.0,0.0
1284410,GWENT: The Witcher Card Game,game,True,"19 May, 2020",CD PROJEKT RED,CD PROJEKT RED,"RPG, Strategy, Free To Play","Single-player, Multi-player, PvP, Online PvP, Cross-Platform Multiplayer, Steam Achievements, Steam Trading Cards, In-App Purchases, Camera Comfort, Color Alternatives, Custom Volume Controls, Mouse Only Option, Playable without Timed Input, Stereo Sound, Surround Sound, Partial Controller Support, Remote Play on Tablet",True,False,False,0,80.0,,,,,
323470,DRAGON BALL XENOVERSE,game,False,"26 Feb, 2015",DIMPS,BANDAI NAMCO Entertainment,Action,"Single-player, Multi-player, Co-op, Steam Achievements, Steam Trading Cards, Partial Controller Support, Steam Cloud, Steam Leaderboards, Remote Play on Phone, Remote Play on Tablet, Remote Play on TV, Family Sharing",True,False,False,0,,17155.0,EUR,3999.0,3999.0,0.0
1089980,The Henry Stickmin Collection,game,False,"7 Aug, 2020",PuffballsUnited,Innersloth,"Adventure, Casual, Indie","Single-player, Steam Achievements, Captions available, Remote Play on Phone, Remote Play on Tablet, Family Sharing",True,True,False,0,,53397.0,KZT,330000.0,330000.0,0.0
1147560,Skul: The Hero Slayer,game,False,"20 Jan, 2021",SOUTHPAW GAMES,NEOWIZ,"Action, Indie","Single-player, Full controller support, Steam Cloud, Remote Play on Phone, Remote Play on Tablet, Remote Play on TV, Family Sharing",True,True,True,0,80.0,50377.0,KZT,520000.0,520000.0,0.0
214560,Mark of the Ninja,game,False,,Klei Entertainment,Microsoft Studios,"Action, Adventure, Indie","Single-player, Steam Achievements, Full controller support, Steam Trading Cards, Steam Cloud, Steam Leaderboards, Remote Play on TV, Family Sharing",True,True,True,16,91.0,11743.0,,,,
237930,Transistor,game,False,"20 May, 2014",Supergiant Games,Supergiant Games,"Action, Indie, RPG","Single-player, Steam Achievements, Full controller support, Steam Trading Cards, Steam Cloud, Remote Play on TV, Family Sharing",True,True,True,0,83.0,27850.0,KZT,520000.0,520000.0,0.0
225080,Brothers - A Tale of Two Sons,game,False,"3 Sep, 2013",Starbreeze Studios AB,505 Games,"Action, Adventure, Indie","Single-player, Full controller support, Family Sharing",True,False,False,0,90.0,33725.0,KZT,240000.0,240000.0,0.0
96100,Defy Gravity Extended,game,False,"18 Mar, 2016",Paul Fisch,Fish Factory Games,"Action, Casual, Indie","Single-player, Steam Achievements, Full controller support, Steam Trading Cards, Captions available, Family Sharing",True,False,False,0,,6780.0,KZT,60000.0,60000.0,0.0
2310,Quake,game,False,"3 Aug, 2007","id Software, Nightdive Studios, MachineGames",Bethesda Softworks,Action,"Single-player, Multi-player, PvP, Online PvP, Shared/Split Screen PvP, Co-op, Online Co-op, Shared/Split Screen Co-op, Shared/Split Screen, Cross-Platform Multiplayer, Full controller support, Steam Cloud, Remote Play Together, Family Sharing",True,False,False,17,94.0,13073.0,CAD,1349.0,1349.0,0.0
113200,The Binding of Isaac,game,False,"28 Sep, 2011","Edmund McMillen, Florian Himsl",Edmund McMillen,"Action, Adventure, Indie, RPG","Single-player, Steam Achievements, Steam Trading Cards, Family Sharing",True,True,False,0,84.0,48655.0,KZT,105000.0,105000.0,0.0
599140,Graveyard Keeper,game,False,"15 Aug, 2018",Lazy Bear Games,tinyBuild,"Adventure, Indie, RPG, Simulation","Single-player, Steam Achievements, Full controller support, Steam Trading Cards, Steam Cloud, Remote Play on Phone, Remote Play on Tablet, Remote Play on TV, Family Sharing",True,True,True,0,69.0,38536.0,KZT,520000.0,520000.0,0.0
1840,Source Filmmaker,game,True,"10 Jul, 2012",Valve,Valve,"Animation & Modeling, Video Production",Steam Workshop,True,False,False,0,,222.0,,,,
65980,Sid Meier's Civilization®: Beyond Earth™,game,False,"23 Oct, 2014","Firaxis Games, Aspyr (Mac), Aspyr (Linux)","2K, Aspyr (Mac), Aspyr (Linux)",Strategy,"Single-player, Multi-player, Steam Achievements, Steam Trading Cards, Steam Workshop, Steam Cloud, Remote Play on Tablet, Family Sharing",True,True,True,0,81.0,13955.0,KZT,470000.0,470000.0,0.0
373420,Divinity: Original Sin - Enhanced Edition,game,False,"27 Oct, 2015",Larian Studios,Larian Studios,"Adventure, Indie, RPG, Strategy","Single-player, Multi-player, Co-op, Shared/Split Screen, Cross-Platform Multiplayer, Steam Achievements, Full controller support, Steam Trading Cards, Captions available, Steam Cloud, Remote Play Together, Family Sharing",True,True,True,0,94.0,26576.0,KZT,470000.0,470000.0,0.0
1621690,Core Keeper,game,False,"27 Aug, 2024",Pugstorm,"Fireshine Games, bilibili","Action, Adventure, Indie, RPG, Simulation","Single-player, Multi-player, Co-op, Online Co-op, Full controller support, Steam Cloud, Family Sharing",True,False,True,0,86.0,48532.0,KZT,520000.0,520000.0,0.0
311860,Data Hacker: Initiation,game,False,"21 Jul, 2014",New Reality Games,New Reality Games,"Adventure, Indie, RPG, Simulation","Single-player, Steam Trading Cards, Family Sharing",True,False,False,0,,135.0,KZT,30000.0,30000.0,0.0
1089090,ONE PIECE: PIRATE WARRIORS 4,game,False,"14 Sep, 2023",Koei Tecmo,BANDAI NAMCO Entertainment,Action,"Single-player, Multi-player, PvP, Online PvP, Steam Achievements, In-App Purchases, Partial Controller Support, Steam Cloud, Remote Play on Phone, Remote Play on Tablet, Remote Play on TV, Family Sharing",True,False,False,0,75.0,16965.0,KZT,4456900.0,935900.0,79.0
942970,Unheard - Voices of Crime,game,False,"28 Mar, 2019",NEXT Studios,"NEXT Studios, 505 Games","Indie, RPG, Simulation","Single-player, Steam Cloud, Family Sharing",True,True,False,0,72.0,30288.0,KZT,222200.0,222200.0,0.0
41500,Torchlight,game,False,"27 Oct, 2009",Runic Games,XD,RPG,"Single-player, Steam Achievements, Steam Cloud, Includes level editor, Family Sharing",True,True,False,0,83.0,5379.0,KZT,240000.0,240000.0,0.0
1778820,TEKKEN 8,game,False,"25 Jan, 2024",Bandai Namco Studios Inc.,Bandai Namco Entertainment,Action,"Single-player, Multi-player, PvP, Online PvP, Shared/Split Screen PvP, Shared/Split Screen, Steam Achievements, Steam Trading Cards, Partial Controller Support, Steam Cloud, Family Sharing",True,False,False,0,91.0,45478.0,KZT,1979900.0,1979900.0,0.0
17080,Tribes: Ascend,game,False,"27 Jun, 2012",Hi-Rez Studios,Hi-Rez Studios,"Action, Free To Play","Multi-player, Co-op, Family Sharing",True,False,False,0,86.0,,,,,
1522820,Orcs Must Die! 3,game,False,"23 Jul, 2021",Robot Entertainment,Robot Entertainment,"Action, Adventure, Indie, Strategy","Single-player, Multi-player, Co-op, Online Co-op, Steam Achievements, Full controller support, Steam Trading Cards, Steam Cloud, Steam Leaderboards, Remote Play on TV, Family Sharing",True,False,False,0,,10814.0,KZT,390000.0,390000.0,0.0
23310,The Last Remnant™,game,False,"9 Apr, 2009",Square Enix,Square Enix,RPG,"Single-player, Partial Controller Support, Family Sharing",True,False,False,0,66.0,2782.0,,,,
487220,Freebie,game,False,"16 Jun, 2016","Free Games Info, hyperboreanGames",Back To Basics Gaming,"Casual, Indie","Single-player, Steam Achievements, Steam Trading Cards, Partial Controller Support, Steam Leaderboards, Family Sharing",True,False,False,0,,375.0,KZT,30000.0,30000.0,0.0
34440,Sid Meier's Civilization® IV,game,False,"25 Oct, 2006",Firaxis Games,2K,Strategy,"Single-player, Multi-player, Includes level editor, Family Sharing",True,True,False,0,94.0,2727.0,KZT,265000.0,265000.0,0.0
4570,"Warhammer 40,000: Dawn of War - Anniversary Edition (Classic)",game,False,"7 Aug, 2007",Relic Entertainment,Relic Entertainment,Strategy,"Single-player, Multi-player, Steam Trading Cards, Steam Cloud, Family Sharing",True,False,False,0,86.0,8713.0,KZT,410000.0,270600.0,34.0
2322560,Love Is All Around,game,False,"17 Oct, 2023",intiny,intiny,"Adventure, Indie, RPG, Simulation, Strategy","Single-player, Multi-player, Steam Achievements, Full controller support, Captions available, In-App Purchases, Steam Cloud",True,True,True,0,,36179.0,KZT,290000.0,290000.0,0.0
2344520,Diablo® IV,game,False,"17 Oct, 2023","Blizzard Entertainment, Inc.","Blizzard Entertainment, Inc.","Action, Adventure, Casual, Massively Multiplayer, RPG, Free To Play","Single-player, Multi-player, PvP, Online PvP, Co-op, Online Co-op, Cross-Platform Multiplayer, Steam Achievements, Full controller support, In-App Purchases, Adjustable Text Size, Camera Comfort, Color Alternatives, Adjustable Difficulty, Keyboard Only Option, Mouse Only Option, Narrated Game Menus, Playable without Timed Input, Save Anytime, Stereo Sound, Subtitle Options",True,False,False,17,,54043.0,CAD,6699.0,6699.0,0.0
6880,Just Cause,game,False,"15 Mar, 2007",Avalanche Studios,Square Enix,Action,"Single-player, Family Sharing",True,False,False,16,75.0,4468.0,KZT,250000.0,250000.0,0.0
10680,Aliens vs. Predator™,game,False,"16 Feb, 2010",Rebellion,SEGA,Action,"Single-player, Multi-player, Co-op, Steam Achievements, Steam Cloud, Stats, Steam Leaderboards, Family Sharing",True,False,False,0,68.0,15832.0,KZT,240000.0,240000.0,0.0
216150,MapleStory,game,True,"9 Aug, 2012",NEXON Korea Corporation,Nexon America Inc.,"Action, Adventure, Casual, Massively Multiplayer, RPG, Free To Play","Single-player, Multi-player, MMO, Co-op, Steam Trading Cards",True,True,False,0,,,,,,
443110,Armored Warfare,game,True,"17 Nov, 2017","Obsidian Entertainment, Wishlist Games",Wishlist Games,"Action, Massively Multiplayer, Simulation, Free To Play","Multi-player, MMO, PvP, Online PvP, Co-op, Online Co-op, Steam Trading Cards, In-App Purchases, Steam Turn Notifications",True,False,False,0,,,,,,
378540,The Surge,game,False,"15 May, 2017",Deck13,Focus Entertainment,"Action, RPG","Single-player, Steam Achievements, Full controller support, Steam Trading Cards, Steam Cloud, Remote Play on TV, Family Sharing",True,False,False,0,72.0,8757.0,KZT,399000.0,51800.0,87.0
527430,"Warhammer 40,000: Inquisitor - Martyr",game,False,"5 Jun, 2018",NeocoreGames,NeocoreGames,"Action, Adventure, Indie, RPG","Single-player, Multi-player, PvP, Online PvP, Co-op, Online Co-op, Steam Achievements, Full controller support, Steam Trading Cards, Family Sharing",True,False,False,0,67.0,19304.0,KZT,1170000.0,117000.0,90.0
753640,Outer Wilds,game,False,"18 Jun, 2020",Mobius Digital,Annapurna Interactive,"Action, Adventure","Single-player, Steam Achievements, Full controller support, Steam Trading Cards, Adjustable Text Size, Camera Comfort, Color Alternatives, Custom Volume Controls, Keyboard Only Option, Playable without Timed Input, Stereo Sound, Surround Sound, Steam Cloud, Remote Play on Phone, Remote Play on Tablet, Remote Play on TV, Family Sharing",True,False,False,0,85.0,84622.0,KZT,595000.0,595000.0,0.0
583950,Artifact,game,True,"28 Nov, 2018",Valve,Valve,Strategy,"Single-player, Multi-player, PvP, Online PvP, Steam Cloud",True,True,True,0,76.0,19462.0,,,,
334210,Fortified,game,False,"3 Feb, 2016",Siege Camp,Siege Camp,"Action, Indie, Strategy","Single-player, Multi-player, Co-op, Steam Achievements, Full controller support, Steam Trading Cards, Steam Cloud, Remote Play on TV, Family Sharing",True,False,False,0,,217.0,KZT,240000.0,240000.0,0.0
206480,Dungeons & Dragons Online®,game,True,"25 Jun, 2012",Standing Stone Games,Daybreak Game Company LLC,"Action, Adventure, Massively Multiplayer, RPG, Free To Play","Multi-player, MMO, PvP, Co-op, In-App Purchases",True,False,False,0,,,,,,
921630,音灵 INVAXION,game,False,"19 Dec, 2018",Nanjing AQUATRAX,bilibili,"Casual, Indie, Racing","Single-player, Steam Achievements, Partial Controller Support, Family Sharing",True,False,False,0,,5515.0,,,,
215080,WAKFU,game,True,"18 Sep, 2014",Ankama Studio,Ankama Games,"Action, Adventure, Casual, Indie, Massively Multiplayer, RPG, Strategy, Free To Play","Multi-player, MMO, Co-op, Online Co-op, Steam Achievements, Steam Trading Cards, In-App Purchases",True,True,True,0,76.0,148.0,,,,
65790,ARMA: Cold War Assault,game,False,"8 Aug, 2011",Bohemia Interactive,Bohemia Interactive,"Action, Simulation, Strategy","Single-player, Family Sharing",True,False,False,16,,2268.0,KZT,160000.0,160000.0,0.0
535930,Two Point Hospital,game,False,"29 Aug, 2018",Two Point Studios,SEGA,"Indie, Simulation","Single-player, Steam Achievements, Steam Trading Cards, Steam Workshop, Steam Cloud, Remote Play on Tablet, Family Sharing",True,True,True,0,83.0,26276.0,KZT,1000000.0,1000000.0,0.0
332070,School of Dragons,game,False,"4 Dec, 2014","JumpStart Games, Inc.","JumpStart Games, Inc.","Adventure, Free To Play, Massively Multiplayer, RPG","Multi-player, MMO, Steam Achievements, In-App Purchases, Family Sharing",True,False,False,0,,,,,,
311340,METAL GEAR SOLID V: GROUND ZEROES,game,False,"18 Dec, 2014",KONAMI,KONAMI,"Action, Adventure","Single-player, Steam Achievements, Full controller support, Steam Cloud, Steam Leaderboards, Family Sharing",True,False,False,18,80.0,13236.0,KZT,669700.0,669700.0,0.0
414700,Outlast 2,game,False,"24 Apr, 2017",Red Barrels,Red Barrels,"Action, Adventure, Indie","Single-player, Steam Achievements, Full controller support, Steam Trading Cards, Steam Cloud, Remote Play on TV, Family Sharing",True,False,False,0,75.0,52816.0,KZT,520000.0,520000.0,0.0
270150,RUNNING WITH RIFLES,game,False,"2 Apr, 2015",Osumia Games,Osumia Games,"Action, Indie","Single-player, Multi-player, PvP, Online PvP, LAN PvP, Co-op, Online Co-op, LAN Co-op, Cross-Platform Multiplayer, Steam Achievements, Steam Trading Cards, Steam Workshop, Partial Controller Support, Steam Cloud, Family Sharing",True,True,True,0,78.0,14522.0,KZT,240000.0,240000.0,0.0
292910,Deponia: The Complete Journey,game,False,"8 Jul, 2014",Daedalic Entertainment,Daedalic Entertainment,Adventure,"Single-player, Steam Achievements, Steam Trading Cards, Steam Cloud, Commentary available, Remote Play on Phone, Remote Play on Tablet, Family Sharing",True,True,True,0,,3347.0,KZT,390000.0,39000.0,90.0
447020,Farming Simulator 17,game,False,"24 Oct, 2016",GIANTS Software,GIANTS Software,Simulation,"Single-player, Multi-player, Co-op, Cross-Platform Multiplayer, Steam Achievements, Full controller support, Steam Trading Cards, Steam Cloud, Remote Play on TV, Family Sharing",True,True,False,0,69.0,22878.0,KZT,265000.0,265000.0,0.0
17300,Crysis,game,False,"17 Sep, 2008",Crytek,Electronic Arts,Action,"Single-player, Family Sharing",True,False,False,0,91.0,11909.0,KZT,390000.0,390000.0,0.0
1282730,Loop Hero,game,False,"4 Mar, 2021",Four Quarters,Devolver Digital,"Indie, RPG, Strategy","Single-player, Steam Achievements, Steam Trading Cards, Steam Cloud, Family Sharing",True,True,True,0,82.0,33508.0,KZT,410000.0,410000.0,0.0
102500,Kingdoms of Amalur: Reckoning™,game,False,,"Big Huge Games, 38 Studios","38 Studios, Electronic Arts","Action, RPG","Single-player, Steam Achievements, Partial Controller Support, Steam Cloud, Remote Play on Tablet, Family Sharing",True,False,False,18,81.0,11881.0,,,,
32800,Lord of the Rings: War in the North,game,False,"1 Nov, 2011",Snowblind Studios,Warner Bros. Interactive Entertainment,"Action, RPG","Single-player, Multi-player, Co-op, Steam Achievements, Steam Cloud, Family Sharing",True,False,False,0,66.0,3513.0,,,,
8850,BioShock® 2,game,False,"9 Feb, 2010","2K Marin, 2K China, Digital Extremes, 2K Australia",2K,Action,"Single-player, Multi-player, Steam Achievements, Full controller support, Remote Play on TV, Family Sharing",True,False,False,18,88.0,11339.0,KZT,265000.0,39700.0,85.0
899440,GOD EATER 3,game,False,"7 Feb, 2019",BANDAI NAMCO Studios Inc.,BANDAI NAMCO Entertainment,Action,"Single-player, Multi-player, PvP, Online PvP, Co-op, Online Co-op, Steam Achievements, Steam Trading Cards, Partial Controller Support, Steam Cloud, Family Sharing",True,False,False,0,71.0,7644.0,EUR,4999.0,4999.0,0.0
418240,Shadow Tactics: Blades of the Shogun,game,False,"6 Dec, 2016",Mimimi Games,Daedalic Entertainment,"Indie, Strategy","Single-player, Steam Achievements, Full controller support, Steam Trading Cards, Steam Cloud, Remote Play on TV, Family Sharing",True,True,True,0,85.0,30650.0,KZT,930000.0,930000.0,0.0
207230,ArcheBlade™,game,True,"25 Apr, 2014",CodeBrush Games,Codebrush Games,"Action, Free To Play, Indie","Multi-player, Co-op, Steam Achievements, Steam Trading Cards, Steam Cloud, Stats, Steam Leaderboards",True,False,False,0,,,,,,
20570,"Warhammer® 40,000: Dawn of War® II Chaos Rising",game,False,"11 Mar, 2010","Relic Entertainment, Feral Interactive (Mac/Linux)","SEGA, Feral Interactive (Mac/Linux)",Strategy,"Single-player, Multi-player, Co-op, Steam Cloud, Family Sharing",True,True,True,0,84.0,1948.0,,,,
17460,Mass Effect (2007),game,False,"19 Dec, 2008",BioWare,Electronic Arts,"Action, RPG","Single-player, Family Sharing",True,False,False,0,89.0,14845.0,KZT,1099900.0,1099900.0,0.0
383150,Dead Island Definitive Edition,game,False,"31 May, 2016",Techland,Deep Silver,Action,"Single-player, Multi-player, Co-op, Online Co-op, Steam Achievements, Full controller support, Steam Trading Cards, Captions available, Steam Cloud, Stats, Remote Play on TV, Family Sharing",True,False,True,18,,23387.0,KZT,670000.0,670000.0,0.0
224760,FEZ,game,False,"May 1, 2013",Polytron Corporation,Trapdoor,Indie,"Single-player, Steam Achievements, Full controller support, Steam Cloud, Steam Leaderboards, Family Sharing",True,True,True,0,91.0,11538.0,USD,999.0,999.0,0.0
1178830,Bright Memory: Infinite,game,False,"11 Nov, 2021",FYQD-Studio,"FYQD-Studio, PLAYISM","Action, Indie","Single-player, Steam Achievements, Partial Controller Support, Steam Cloud, Family Sharing",True,False,False,0,,36038.0,KZT,265000.0,132500.0,50.0
510840,Evolvation,game,False,"6 Feb, 2017","Eric Ruts, Jacob Kooiman",HyperReuts,"Action, Casual, Indie, Simulation","Single-player, Multi-player, PvP, Online PvP, Co-op, Online Co-op, Cross-Platform Multiplayer, Full controller support, Steam Trading Cards, Stats, Steam Leaderboards, Steam Turn Notifications, Family Sharing",True,False,True,0,,,KZT,60000.0,60000.0,0.0
2012510,Stormgate,game,True,"5 Aug, 2025",Frost Giant Studios,Frost Giant Studios,"Action, Strategy, Free To Play","Single-player, Multi-player, PvP, Online PvP, Co-op, Online Co-op, In-App Purchases",True,False,False,0,,2095.0,,,,
297000,Heroes® of Might & Magic® III - HD Edition,game,False,"28 Jan, 2015",Dotemu,Ubisoft Entertainment,"RPG, Strategy","Single-player, Multi-player, Steam Achievements, Includes level editor, Remote Play on Tablet, Family Sharing",True,False,False,0,65.0,19756.0,KZT,367500.0,367500.0,0.0
1151640,Horizon Zero Dawn™ Complete Edition,game,False,"7 Aug, 2020",Guerrilla,PlayStation Publishing LLC,"Action, Adventure, RPG","Single-player, Steam Achievements, Full controller support, Steam Cloud, Remote Play on Tablet, Family Sharing",True,False,False,16,,95398.0,,,,
418070,Turbo Pug,game,False,"9 Nov, 2015","Space Cat Studios, SnowFlame, Back To Basics Gaming",Back To Basics Gaming,"Casual, Indie","Single-player, Steam Trading Cards, Family Sharing",True,False,False,0,,2225.0,KZT,30000.0,30000.0,0.0
334230,Town of Salem,game,False,"15 Dec, 2014",BlankMediaGames,Digital Bandidos,"Action, Casual, RPG, Strategy","Multi-player, Cross-Platform Multiplayer, Steam Achievements, In-App Purchases, Steam Cloud, Family Sharing",True,True,False,0,,30918.0,KZT,150000.0,150000.0,0.0
364470,The Elder Scrolls®: Legends™,game,False,"31 May, 2017","Sparkypants Studios, LLC",Bethesda Softworks,Free To Play,"Single-player, Multi-player, PvP, Online PvP, Cross-Platform Multiplayer, Steam Trading Cards, In-App Purchases, Family Sharing",True,True,False,0,,,,,,
601430,The Evil Within 2,game,False,"12 Oct, 2017",Tango Gameworks,Bethesda Softworks,"Action, Adventure","Single-player, Steam Achievements, Full controller support, Steam Trading Cards, Adjustable Difficulty, Stereo Sound, Surround Sound, Steam Cloud, Family Sharing",True,False,False,18,80.0,19414.0,KZT,1350000.0,1350000.0,0.0
1190000,Car Mechanic Simulator 2021,game,False,"11 Aug, 2021",Red Dot Games,PlayWay S.A.,"Racing, Simulation","Single-player, Steam Achievements, Steam Trading Cards, Steam Workshop, Partial Controller Support, Steam Cloud, Stats, Includes level editor, Family Sharing",True,False,False,0,,34884.0,KZT,640000.0,640000.0,0.0
263500,Dragons and Titans,game,False,"12 Mar, 2014",Wyrmbyte,Versus Evil	,"Action, Adventure, Free To Play, Indie, RPG","Single-player, Multi-player, Co-op, Cross-Platform Multiplayer, Steam Achievements, Steam Trading Cards, Partial Controller Support, Family Sharing",True,True,True,0,43.0,,,,,
4700,Total War: MEDIEVAL II – Definitive Edition,game,False,"15 Nov, 2006","CREATIVE ASSEMBLY, Feral Interactive (Mac), Feral Interactive (Linux)","SEGA, Feral Interactive (Mac), Feral Interactive (Linux)",Strategy,"Single-player, Multi-player, Steam Trading Cards, Family Sharing",True,True,True,0,,26801.0,KZT,800000.0,800000.0,0.0
39140,FINAL FANTASY VII,game,False,,Square Enix,Square Enix,RPG,"Single-player, Steam Achievements, Full controller support, Remote Play on Phone, Remote Play on Tablet, Family Sharing",True,False,False,12,,26086.0,,,,
675010,MudRunner,game,False,"30 Oct, 2017",Saber Interactive,Focus Entertainment,Simulation,"Single-player, Multi-player, Co-op, Online Co-op, Cross-Platform Multiplayer, Steam Achievements, Full controller support, Steam Trading Cards, Steam Workshop, Steam Cloud, Family Sharing",True,False,False,0,,36508.0,KZT,649000.0,649000.0,0.0
220440,DmC: Devil May Cry,game,False,"24 Jan, 2013",Ninja Theory,Capcom,"Action, Adventure","Single-player, Steam Achievements, Full controller support, Steam Trading Cards, Steam Cloud, Steam Leaderboards, Family Sharing",True,False,False,16,85.0,19996.0,KZT,1091100.0,163600.0,85.0
240320,Panzar,game,True,"25 Nov, 2013",Panzar Studio,OVALIS INVESTMENTS LIMITED,"Action, Massively Multiplayer, RPG, Free To Play","Multi-player, MMO, PvP, Online PvP, Co-op, Online Co-op, Steam Trading Cards, Partial Controller Support",True,False,False,0,,,,,,
544730,Catan Universe,game,True,"25 Apr, 2017",Client/Frontend: Endava  / Backend: SuperNimbus,USM,"Casual, Strategy","Single-player, Multi-player, PvP, Online PvP, Cross-Platform Multiplayer, Steam Achievements, Steam Trading Cards, In-App Purchases",True,True,False,0,,,,,,
337320,Paint the Town Red,game,False,"29 Jul, 2021",South East Games,South East Games,"Action, Indie","Single-player, Multi-player, Co-op, Online Co-op, Cross-Platform Multiplayer, Steam Achievements, Full controller support, VR Supported, Steam Trading Cards, Steam Workshop, Steam Cloud, Steam Leaderboards, Includes level editor, Family Sharing",True,True,True,0,,28616.0,AUD,2950.0,2950.0,0.0
350640,Sherlock Holmes: The Devil's Daughter,game,False,"10 Jun, 2016",Frogwares,Frogwares,"Action, Adventure","Single-player, Steam Achievements, Full controller support, Steam Trading Cards, Steam Cloud, Remote Play on TV, Family Sharing",True,False,False,0,65.0,11878.0,KZT,839900.0,839900.0,0.0
2231450,Pizza Tower,game,False,"26 Jan, 2023",Tour De Pizza,Tour De Pizza,"Action, Indie","Single-player, Multi-player, Co-op, Shared/Split Screen Co-op, Shared/Split Screen, Steam Achievements, Full controller support, Steam Cloud, Remote Play Together, Family Sharing",True,False,False,0,,65108.0,CAD,2199.0,2199.0,0.0
552100,Brick Rigs,game,False,"14 Jul, 2023",Fluppisoft GmbH,Fluppisoft GmbH,Simulation,"Single-player, Multi-player, PvP, Online PvP, Steam Trading Cards, Steam Workshop, Partial Controller Support, Steam Cloud, Family Sharing",True,False,True,0,,51484.0,KZT,520000.0,520000.0,0.0
1475810,Ghostwire: Tokyo,game,False,"24 Mar, 2022",Tango Gameworks,Bethesda Softworks,Action,"Single-player, Steam Achievements, Full controller support, Steam Trading Cards, Captions available, Playable without Timed Input, Stereo Sound, Surround Sound, Steam Cloud, HDR available, Family Sharing",True,False,False,0,77.0,11707.0,KZT,1499900.0,1499900.0,0.0
427270,Orcs Must Die! Unchained,game,False,"19 Apr, 2017",Robot Entertainment,Robot Entertainment,"Action, Free To Play, Strategy","Single-player, Multi-player, Co-op, Steam Achievements, In-App Purchases, Partial Controller Support, Family Sharing",True,False,False,0,87.0,152.0,,,,
392160,X4: Foundations,game,False,"30 Nov, 2018",Egosoft,Egosoft,"Action, Simulation, Strategy","Single-player, Steam Achievements, Full controller support, Steam Trading Cards, Steam Workshop, Adjustable Text Size, Camera Comfort, Color Alternatives, Custom Volume Controls, Playable without Timed Input, Save Anytime, Stereo Sound, Steam Cloud, Family Sharing",True,False,True,0,,23833.0,KZT,1170000.0,1170000.0,0.0
346330,BrainBread 2,game,True,"9 Mar, 2022",Reperio Studios,Reperio Studios,"Action, Adventure, Indie, Free To Play","Single-player, Multi-player, PvP, Online PvP, LAN PvP, Co-op, Online Co-op, LAN Co-op, Cross-Platform Multiplayer, Steam Achievements, Captions available, Steam Workshop, Partial Controller Support, Valve Anti-Cheat enabled, Stats, Steam Leaderboards, Includes level editor, Includes Source SDK",True,True,True,0,,,,,,
3910,Sid Meier's Civilization® III Complete,game,False,"25 Oct, 2006",Firaxis Games,2K,Strategy,"Single-player, Multi-player, Includes level editor, Family Sharing",True,False,False,0,90.0,5581.0,KZT,150000.0,150000.0,0.0
805550,Assetto Corsa Competizione,game,False,"29 May, 2019",Kunos Simulazioni,505 Games,"Racing, Simulation, Sports","Single-player, Multi-player, PvP, Online PvP, LAN PvP, VR Supported, Partial Controller Support, Family Sharing",True,False,False,0,77.0,31706.0,HKD,29800.0,29800.0,0.0
1380400,Saving Grace,game,False,"2 Jan, 2021",Thomas JC Ironmonger,Ironmonger Games,"Action, Adventure, Indie, Strategy","Single-player, Steam Achievements, Full controller support, Family Sharing",True,False,False,0,,,KZT,60000.0,60000.0,0.0
41000,Serious Sam HD: The First Encounter,game,False,"24 Nov, 2009",Croteam,Devolver Digital,"Action, Indie","Single-player, Multi-player, PvP, Online PvP, Shared/Split Screen PvP, Co-op, Online Co-op, Shared/Split Screen Co-op, Shared/Split Screen, Steam Achievements, Steam Trading Cards, Partial Controller Support, Steam Cloud, Steam Leaderboards, Remote Play Together, Family Sharing",True,False,False,0,68.0,7143.0,KZT,240000.0,240000.0,0.0
1284190,The Planet Crafter,game,False,"10 Apr, 2024",Miju Games,Miju Games,Adventure,"Single-player, Multi-player, Co-op, Online Co-op, Steam Achievements, Full controller support, Family Sharing",True,False,False,0,,65268.0,KZT,690000.0,690000.0,0.0
2064650,Tower of Fantasy,game,True,"19 Oct, 2022",Hotta Studio,Perfect World Games,"Action, Massively Multiplayer, RPG, Free To Play","Multi-player, MMO, PvP, Online PvP, Co-op, Online Co-op, Cross-Platform Multiplayer, In-App Purchases",True,False,False,0,,,,,,
56437,"Warhammer 40,000: Dawn of War II: Retribution",game,False,,"Relic Entertainment, Feral Interactive (Mac/Linux)","SEGA, Feral Interactive (Mac/Linux)",Strategy,"Single-player, Multi-player, Co-op, Steam Achievements, Steam Cloud, Stats, Steam Leaderboards, Family Sharing",True,True,True,18,,7806.0,,,,
585420,Trailmakers,game,False,"18 Sep, 2019",Flashbulb,Flashbulb,"Action, Adventure, Indie, Racing, Simulation","Single-player, Multi-player, PvP, Online PvP, Co-op, Online Co-op, Steam Achievements, Full controller support, Steam Trading Cards, Steam Workshop, Steam Cloud, Steam Leaderboards, Remote Play on TV, Family Sharing",True,False,False,0,,30348.0,EUR,2499.0,2499.0,0.0
1562430,DREDGE,game,False,"Mar 30, 2023",Black Salt Games,Team17,"Adventure, RPG","Single-player, Steam Achievements, Full controller support, Steam Trading Cards, Camera Comfort, Color Alternatives, Custom Volume Controls, Adjustable Difficulty, Keyboard Only Option, Stereo Sound, Steam Cloud, Family Sharing",True,True,False,0,,45245.0,USD,2499.0,2499.0,0.0
1987080,Inside the Backrooms,game,False,"20 Jun, 2022",MrFatcat,"MrFatcat, Dropsiick","Adventure, Indie, Early Access","Single-player, Multi-player, Co-op, Online Co-op, Steam Achievements, Tracked Controller Support, Steam Workshop, Family Sharing",True,False,False,0,,38220.0,KZT,210000.0,210000.0,0.0
666220,CS2D,game,True,"15 Nov, 2017",Unreal Software,Unreal Software,"Action, Casual, Indie, Free To Play","Single-player, Multi-player, PvP, Online PvP, LAN PvP, Co-op, Online Co-op, LAN Co-op, Cross-Platform Multiplayer, Steam Achievements, Steam Cloud, Includes level editor",True,False,True,0,,,,,,
529340,Victoria 3,game,False,"25 Oct, 2022",Paradox Development Studio,Paradox Interactive,"Simulation, Strategy","Single-player, Multi-player, PvP, Online PvP, Cross-Platform Multiplayer, Steam Achievements, Steam Workshop, Color Alternatives, Custom Volume Controls, Adjustable Difficulty, Keyboard Only Option, Mouse Only Option, Playable without Timed Input, Save Anytime, Stereo Sound, Surround Sound, Steam Cloud, Family Sharing",True,True,True,0,,41018.0,KRW,5500000.0,5500000.0,0.0
245620,Tropico 5,game,False,"23 May, 2014",Haemimont Games,Kalypso Media Digital,"RPG, Simulation, Strategy","Single-player, Multi-player, Co-op, Cross-Platform Multiplayer, Steam Achievements, Steam Trading Cards, Steam Workshop, Steam Cloud, Includes level editor, Family Sharing",True,False,True,0,75.0,9760.0,KZT,750000.0,750000.0,0.0
657200,Hand Simulator,game,False,"18 Jul, 2017",HFM Games,HFM Games,Simulation,"Single-player, Multi-player, PvP, Online PvP, Steam Achievements, VR Supported, Steam Trading Cards, Stats, Family Sharing",True,False,False,0,,28468.0,KZT,89000.0,44500.0,50.0
6850,Hitman 2: Silent Assassin,game,False,"15 Mar, 2007",Io-Interactive A/S,Io-Interactive A/S,Action,"Single-player, Steam Cloud, Family Sharing",True,False,False,16,87.0,3612.0,KZT,195000.0,195000.0,0.0
209160,Call of Duty®: Ghosts,game,False,"25 Mar, 2014",Infinity Ward,Activision,Action,"Single-player, Multi-player, Steam Achievements, Full controller support, Steam Cloud, Valve Anti-Cheat enabled, Steam Leaderboards, Remote Play on TV, Family Sharing",True,False,False,16,68.0,12712.0,KZT,3003000.0,3003000.0,0.0
1388770,Cruelty Squad,game,False,"15 Jun, 2021",Consumer Softproducts,Consumer Softproducts,"Action, Indie, Simulation","Single-player, Steam Achievements, Steam Cloud, Family Sharing",True,False,False,0,,21839.0,KZT,265000.0,265000.0,0.0
603850,Age of History II,game,False,"21 Nov, 2018",Łukasz Jakowski,Łukasz Jakowski Games,Strategy,"Single-player, Multi-player, PvP, Shared/Split Screen PvP, Steam Workshop, Remote Play on Phone, Remote Play on Tablet, Remote Play Together, Family Sharing",True,False,False,0,,47197.0,KZT,200000.0,200000.0,0.0
32430,STAR WARS™ - The Force Unleashed™ Ultimate Sith Edition,game,False,"15 Dec, 2009",LucasArts,"LucasArts, Lucasfilm, Disney",Action,"Single-player, Partial Controller Support, Steam Cloud, Family Sharing",True,True,False,0,65.0,8517.0,KZT,520000.0,520000.0,0.0
253900,Knights and Merchants,game,False,"14 Oct, 2013",Topware Interactive,Topware Interactive,"Simulation, Strategy","Single-player, Multi-player, Steam Trading Cards, Family Sharing",True,True,True,0,,2755.0,KZT,290000.0,290000.0,0.0
1113000,Persona 4 Golden,game,False,"Jun 13, 2020",ATLUS,SEGA,RPG,"Single-player, Steam Achievements, Full controller support, Steam Trading Cards, Steam Cloud, Family Sharing",True,False,False,17,87.0,69473.0,USD,1999.0,1999.0,0.0
1016920,Unrailed!,game,False,"23 Sep, 2020",Indoor Astronaut,Daedalic Entertainment,"Action, Casual, Indie","Single-player, Multi-player, PvP, Online PvP, Shared/Split Screen PvP, Co-op, Online Co-op, Shared/Split Screen Co-op, Shared/Split Screen, Cross-Platform Multiplayer, Steam Achievements, Full controller support, Steam Trading Cards, Steam Leaderboards, Remote Play on Phone, Remote Play on Tablet, Remote Play on TV, Remote Play Together, Family Sharing",True,True,True,0,77.0,13619.0,KZT,520000.0,520000.0,0.0
955050,Bright Memory,game,False,"25 Mar, 2020",FYQD-Studio,"FYQD-Studio, PLAYISM","Action, Adventure, Indie","Single-player, Steam Achievements, Partial Controller Support, Steam Cloud, Family Sharing",True,False,False,0,,30115.0,KZT,160000.0,64000.0,60.0
1929610,Demonologist,game,False,"25 Sep, 2023",Clock Wizard Games,Clock Wizard Games,"Action, Adventure, Indie","Single-player, Multi-player, Co-op, Online Co-op, Steam Achievements, Steam Cloud, Family Sharing",True,False,False,0,,18477.0,KZT,520000.0,520000.0,0.0
1850570,DEATH STRANDING DIRECTOR'S CUT,game,False,"30 Mar, 2022",KOJIMA PRODUCTIONS, 505 Games,"Action, Adventure","Single-player, Steam Achievements, Full controller support, Steam Trading Cards, Adjustable Text Size, Camera Comfort, Custom Volume Controls, Adjustable Difficulty, Playable without Timed Input, Save Anytime, Stereo Sound, Subtitle Options, Surround Sound, Steam Cloud, HDR available, Family Sharing",True,False,False,0,85.0,47098.0,KZT,1550000.0,1550000.0,0.0
2096610,Crysis 3 Remastered,game,False,"17 Nov, 2022","Crytek, Saber Interactive",Crytek,Action,"Single-player, Steam Achievements, Full controller support, Steam Trading Cards, Family Sharing",True,False,False,0,,7258.0,KZT,390000.0,390000.0,0.0
446800,Transport Fever,game,False,"8 Nov, 2016",Urban Games,Good Shepherd Entertainment,Simulation,"Single-player, Steam Achievements, Steam Workshop, Family Sharing",True,True,True,0,71.0,9250.0,KZT,760000.0,760000.0,0.0
209170,Call of Duty®: Ghosts,game,False,"25 Mar, 2014",Infinity Ward,Activision,Action,"Single-player, Multi-player, Steam Achievements, Full controller support, Steam Cloud, Valve Anti-Cheat enabled, Steam Leaderboards, Remote Play on TV, Family Sharing",True,False,False,16,68.0,12712.0,KZT,3003000.0,3003000.0,0.0
250400,How to Survive,game,False,"29 Aug, 2014",Eko Software,505 Games,"Action, Adventure, RPG","Single-player, Multi-player, Co-op, Shared/Split Screen, Steam Achievements, Full controller support, Steam Trading Cards, Steam Cloud, Steam Leaderboards, Remote Play on TV, Remote Play Together, Family Sharing",True,False,False,0,60.0,13983.0,KZT,240000.0,240000.0,0.0
1211020,Wobbly Life,game,False,"18 Sep, 2025",RubberBandGames,RubberBandGames,"Action, Adventure, Casual, Indie, Simulation","Single-player, Multi-player, Co-op, Online Co-op, Shared/Split Screen Co-op, Shared/Split Screen, Steam Achievements, Full controller support, Steam Trading Cards, Steam Workshop, Steam Cloud, Remote Play on TV, Family Sharing",True,False,False,0,,31246.0,KZT,640000.0,640000.0,0.0
1296830,暖雪 Warm Snow,game,False,"18 Jan, 2022",BadMudStudio,bilibili,"Action, Adventure, Indie, RPG","Single-player, Steam Achievements, Full controller support, Steam Cloud, Family Sharing",True,False,False,0,,34963.0,KZT,380000.0,380000.0,0.0
410320,EARTH DEFENSE FORCE 4.1 The Shadow of New Despair,game,False,"18 Jul, 2016",SANDLOT,D3PUBLISHER,Action,"Single-player, Multi-player, Co-op, Shared/Split Screen, Steam Achievements, Full controller support, Steam Trading Cards, Steam Cloud, Remote Play on Phone, Remote Play on Tablet, Remote Play on TV, Remote Play Together, Family Sharing",True,False,False,0,79.0,7676.0,KZT,265000.0,265000.0,0.0
261110,Killer is Dead - Nightmare Edition,game,False,"23 May, 2014",KADOKAWA GAMES / GRASSHOPPER MANUFACTURE,Deep Silver,Action,"Single-player, Steam Achievements, Full controller support, Steam Trading Cards, Steam Cloud, Steam Leaderboards, Remote Play on TV, Family Sharing",True,False,False,0,,3827.0,KZT,670000.0,67000.0,90.0
208580,STAR WARS™ Knights of the Old Republic™ II - The Sith Lords™,game,False,"23 Aug, 2012","Obsidian Entertainment, Aspyr (Mac, Linux, & Windows Update)","LucasArts, Lucasfilm, Aspyr (Mac, Linux)",RPG,"Single-player, Steam Achievements, Steam Workshop, Partial Controller Support, Steam Cloud, Remote Play on Tablet, Family Sharing",True,True,True,0,,22025.0,KZT,290000.0,290000.0,0.0
775500,SCARLET NEXUS,game,False,"24 Jun, 2021",BANDAI NAMCO Studios Inc.,BANDAI NAMCO Entertainment,"Action, Adventure, RPG","Single-player, Steam Achievements, Full controller support, Steam Cloud, Family Sharing",True,False,False,0,78.0,13594.0,CAD,13349.0,2669.0,80.0
447820,Day of Infamy,game,False,"23 Mar, 2017",New World Interactive,New World Interactive,"Action, Indie, Strategy","Multi-player, PvP, Online PvP, Co-op, Online Co-op, Steam Achievements, Steam Workshop, Partial Controller Support, Steam Cloud, Stats, Includes level editor, Includes Source SDK, Family Sharing",True,True,True,0,77.0,17529.0,KZT,240000.0,240000.0,0.0
1599600,PlateUp!,game,False,"4 Aug, 2022",It's happening,"Yogscast Games, Gamersky Games","Action, Casual, Indie, Strategy","Single-player, Multi-player, Co-op, Online Co-op, Shared/Split Screen Co-op, Shared/Split Screen, Steam Achievements, Full controller support, Steam Workshop, Steam Cloud, Remote Play on TV, Remote Play Together, Family Sharing",True,False,False,0,,17873.0,KZT,520000.0,520000.0,0.0
475550,Beholder,game,False,"9 Nov, 2016",Alawar Stargaze (Warm Lamp Games),Alawar,"Adventure, Indie, Strategy","Single-player, Steam Achievements, Steam Trading Cards, Partial Controller Support, Steam Cloud, Family Sharing",True,True,True,1,75.0,22656.0,KZT,380000.0,380000.0,0.0
257510,The Talos Principle,game,False,"11 Dec, 2014",Croteam,"Devolver Digital, Croteam","Action, Adventure, Indie","Single-player, Steam Achievements, Full controller support, Steam Trading Cards, Steam Workshop, Steam Cloud, Includes level editor, Remote Play on TV, Family Sharing",True,True,True,0,85.0,28985.0,KZT,760000.0,760000.0,0.0
474960,Quantum Break,game,False,"29 Sep, 2016",Remedy Entertainment,Xbox Game Studios,Action,"Single-player, Steam Achievements, Full controller support, Steam Cloud, Remote Play on TV, Family Sharing",True,False,False,0,66.0,22600.0,KZT,470000.0,470000.0,0.0
237110,Mortal Kombat Komplete Edition,game,False,,"NetherRealm Studios, High Voltage Software",Warner Bros. Interactive Entertainment,Action,"Single-player, Multi-player, Co-op, Shared/Split Screen, Steam Achievements, Full controller support, Steam Cloud, Steam Leaderboards, Remote Play Together, Family Sharing",True,False,False,18,81.0,12114.0,,,,
444640,Bloons TD Battles,game,True,"20 Apr, 2016",Ninja Kiwi,Ninja Kiwi,"Action, Strategy, Free To Play","Steam Achievements, Steam Trading Cards, In-App Purchases, Steam Leaderboards",True,True,False,0,,340.0,,,,
843380,Super Animal Royale,game,True,"26 Aug, 2021",Pixile,Pixile,"Action, Adventure, Casual, Indie, Massively Multiplayer, Free To Play","Multi-player, PvP, Online PvP, Co-op, Online Co-op, Cross-Platform Multiplayer, Steam Achievements, Full controller support, Steam Trading Cards, In-App Purchases, Steam Cloud, Stats, Remote Play on TV",True,True,False,0,,6464.0,,,,
560130,Pillars of Eternity II: Deadfire,game,False,"8 May, 2018",Obsidian Entertainment,"Versus Evil, Obsidian Entertainment, Xbox Game Studios",RPG,"Single-player, Steam Achievements, Steam Trading Cards, Steam Workshop, Steam Cloud, Remote Play on Tablet, Family Sharing",True,True,True,0,88.0,14455.0,KZT,600000.0,600000.0,0.0
4760,Rome: Total War™ - Collection,game,False,"28 Aug, 2007",CREATIVE ASSEMBLY,SEGA,Strategy,"Single-player, Multi-player, Steam Trading Cards, Family Sharing",True,False,False,0,92.0,12965.0,,,,
568220,Lobotomy Corporation | Monster Management Simulation,game,False,"9 Apr, 2018",ProjectMoon,ProjectMoon,"Indie, Simulation","Single-player, Family Sharing",True,False,False,0,,49418.0,KZT,330000.0,330000.0,0.0
257350,Baldur's Gate II: Enhanced Edition,game,False,"15 Nov, 2013",Beamdog,Beamdog,"Adventure, RPG","Single-player, Multi-player, Co-op, Cross-Platform Multiplayer, Steam Achievements, Steam Trading Cards, Steam Cloud, Family Sharing",True,True,True,0,78.0,9282.0,KZT,520000.0,520000.0,0.0
202750,Alan Wake's American Nightmare,game,False,"22 May, 2012",Remedy Entertainment,Remedy Entertainment,"Action, Adventure","Single-player, Full controller support, Remote Play on TV, Family Sharing",True,False,False,0,73.0,7977.0,KZT,260000.0,260000.0,0.0
1676130,Deadlink,game,False,"27 Jul, 2023",Gruby Entertainment,SuperGG.com,"Action, Indie","Single-player, Steam Achievements, Full controller support, Steam Trading Cards, Steam Cloud, Family Sharing",True,False,False,0,80.0,2845.0,KZT,640000.0,640000.0,0.0
34870,Sniper: Ghost Warrior 2,game,False,"11 Mar, 2013",City Interactive,CI Games,Action,"Single-player, Multi-player, Steam Achievements, Full controller support, Steam Leaderboards, Family Sharing",True,False,False,17,52.0,13551.0,KZT,290000.0,29000.0,90.0
224540,Ace of Spades: Battle Builder,game,False,,Jagex Limited,Jagex Limited,"Action, Indie","Multi-player, Co-op, Cross-Platform Multiplayer, Steam Achievements, Steam Trading Cards, Steam Workshop, Includes level editor, Family Sharing",True,True,False,0,49.0,12558.0,,,,
699130,World War Z,game,False,"21 Sep, 2021",Saber Interactive Inc,Saber Interactive Inc,Action,"Single-player, Multi-player, PvP, Online PvP, Co-op, Online Co-op, Cross-Platform Multiplayer, Steam Achievements, Full controller support, Steam Cloud, Family Sharing",True,False,False,0,,23402.0,EUR,2999.0,749.0,75.0
816020,JUMP FORCE,game,False,"14 Feb, 2019","Spike Chunsoft Co., Ltd.",BANDAI NAMCO Entertainment,Action,"Single-player, Multi-player, PvP, Online PvP, Shared/Split Screen PvP, Shared/Split Screen, Steam Achievements, Full controller support, Remote Play on Phone, Remote Play on Tablet, Remote Play on TV, Remote Play Together, Family Sharing",True,False,False,0,60.0,16863.0,,,,
681660,Bless Online,game,False,"23 Oct, 2018",NEOWIZ BLESS STUDIO,NEOWIZ,"Action, Adventure, Free To Play, Massively Multiplayer, RPG","Single-player, Multi-player, MMO, PvP, Online PvP, Co-op, Online Co-op, Steam Achievements, Steam Trading Cards, In-App Purchases, Family Sharing",True,False,False,0,,7127.0,,,,
462780,Darksiders Warmastered Edition,game,False,"29 Nov, 2016","KAIKO, Vigil Games",THQ Nordic,"Action, Adventure, RPG","Single-player, Steam Achievements, Full controller support, Steam Trading Cards, Steam Cloud, Remote Play on Phone, Remote Play on Tablet, Remote Play on TV, Family Sharing",True,False,False,0,,13394.0,AUD,2895.0,2895.0,0.0
34460,Civilization IV: Beyond the Sword,game,False,"24 Jul, 2007",Firaxis Games,2K,Strategy,"Single-player, Family Sharing",True,True,False,0,86.0,3791.0,KZT,185000.0,185000.0,0.0
448510,Overcooked,game,False,"3 Aug, 2016",Ghost Town Games Ltd.,Team17 Digital Ltd,"Action, Casual, Indie, Simulation","Single-player, Multi-player, PvP, Shared/Split Screen PvP, Co-op, Shared/Split Screen Co-op, Shared/Split Screen, Steam Achievements, Full controller support, Steam Trading Cards, Steam Cloud, Remote Play on Phone, Remote Play on Tablet, Remote Play on TV, Remote Play Together, Family Sharing",True,False,False,0,81.0,13140.0,CAD,1899.0,1899.0,0.0
1307550,Craftopia,game,False,"4 Sep, 2020",Pocketpair,Pocketpair,"Action, Adventure, Indie, RPG, Early Access","Single-player, Multi-player, Co-op, Online Co-op, LAN Co-op, Steam Achievements, Steam Workshop, Partial Controller Support, Remote Play on Tablet, Family Sharing",True,False,False,0,,18192.0,EUR,2450.0,2450.0,0.0
1129580,Medieval Dynasty,game,False,"23 Sep, 2021",Render Cube,Toplitz Productions,"Action, Adventure, Indie, RPG, Simulation","Single-player, Multi-player, Co-op, Online Co-op, Steam Achievements, Full controller support, Steam Trading Cards, Camera Comfort, Custom Volume Controls, Adjustable Difficulty, Playable without Timed Input, Save Anytime, Stereo Sound, Surround Sound, Steam Cloud, Family Sharing",True,False,False,0,73.0,41784.0,KZT,890000.0,890000.0,0.0
460920,Steep™,game,False,"2 Dec, 2016","Ubisoft Annecy, Ubisoft Montpellier, Ubisoft Kiev",Ubisoft,"Action, Sports","Single-player, Multi-player, PvP, Online PvP, Steam Trading Cards, In-App Purchases, Partial Controller Support",True,False,False,0,72.0,30373.0,KZT,734900.0,734900.0,0.0
55110,Red Faction®: Armageddon™,game,False,"9 Jun, 2011",Volition,Deep Silver ,Action,"Single-player, Multi-player, Co-op, Steam Achievements, Partial Controller Support, Steam Cloud, Valve Anti-Cheat enabled, Steam Leaderboards, Family Sharing",True,False,False,18,75.0,2580.0,KZT,670000.0,670000.0,0.0
996580,Spyro™ Reignited Trilogy,game,False,"3 Sep, 2019","Toys for Bob, Iron Galaxy Studios",Activision,"Action, Adventure","Single-player, Steam Achievements, Full controller support, Steam Trading Cards, Steam Cloud, Remote Play on Phone, Remote Play on Tablet, Remote Play on TV, Family Sharing",True,False,False,0,,13654.0,KZT,2002000.0,2002000.0,0.0
278080,DYNASTY WARRIORS 8: Xtreme Legends Complete Edition,game,False,"13 May, 2014","KOEI TECMO GAMES CO., LTD.","KOEI TECMO GAMES CO., LTD.",Action,"Single-player, Multi-player, Co-op, Shared/Split Screen Co-op, Shared/Split Screen, Steam Achievements, Camera Comfort, Custom Volume Controls, Adjustable Difficulty, Keyboard Only Option, Playable without Timed Input, Stereo Sound, Partial Controller Support, Remote Play Together, Family Sharing",True,False,False,0,71.0,11787.0,KZT,2080000.0,2080000.0,0.0
231060,Ragnarok Online 2,game,True,"1 May, 2013","Gravity, Inc.",Gravity Interactive,"Free To Play, Massively Multiplayer, RPG","Single-player, Multi-player, MMO",True,False,False,0,,,,,,
108800,Crysis 2 - Maximum Edition,game,False,"22 Mar, 2011",Crytek Studios,Electronic Arts,Action,"Single-player, Partial Controller Support, Family Sharing",True,False,False,0,,9287.0,KZT,390000.0,390000.0,0.0
673950,Farm Together,game,False,"11 Oct, 2018",Milkstone Studios,Milkstone Studios,"Casual, Indie, Simulation","Single-player, Multi-player, Co-op, Online Co-op, Shared/Split Screen Co-op, Shared/Split Screen, Steam Achievements, Full controller support, Steam Trading Cards, Steam Cloud, Remote Play on Phone, Remote Play on Tablet, Remote Play on TV, Remote Play Together, Family Sharing",True,True,True,0,,17596.0,KZT,520000.0,520000.0,0.0
1094520,Sands of Salzaar,game,False,"15 Dec, 2021",汉家松鼠Han-Squirrel Studio,XD,"Adventure, Indie, RPG, Strategy","Single-player, Steam Achievements, Steam Workshop, Steam Cloud, Family Sharing",True,False,False,0,,21338.0,KZT,300000.0,300000.0,0.0
747660,Five Nights at Freddy's: Security Breach,game,False,"16 Dec, 2021",Steel Wool Studios,ScottGames,"Action, Adventure, Indie","Single-player, Steam Achievements, Full controller support, Family Sharing",True,False,False,0,,64260.0,KZT,470000.0,470000.0,0.0
6910,Deus Ex: Game of the Year Edition,game,False,"29 Mar, 2007",Ion Storm,Eidos Interactive Corp.,Action,"Single-player, Multi-player, Full controller support, Family Sharing",True,False,False,16,90.0,13486.0,KZT,210000.0,210000.0,0.0
239350,Spelunky,game,False,"8 Aug, 2013",Mossmouth,Mossmouth,Indie,"Single-player, Multi-player, PvP, Shared/Split Screen PvP, Co-op, Shared/Split Screen Co-op, Shared/Split Screen, Steam Achievements, Full controller support, Steam Trading Cards, Steam Leaderboards, Remote Play on Phone, Remote Play on Tablet, Remote Play on TV, Remote Play Together, Family Sharing",True,False,False,0,90.0,14578.0,KZT,240000.0,240000.0,0.0
360430,Mafia III: Definitive Edition,game,False,"19 May, 2020","Hangar 13, Aspyr (Mac)","2K, Aspyr (Mac)","Action, Adventure","Single-player, Steam Achievements, Full controller support, Steam Trading Cards, Steam Cloud, Remote Play on Tablet, Remote Play on TV, Family Sharing",True,True,False,18,,40329.0,KZT,959900.0,959900.0,0.0
215280,Secret World Legends,game,True,"31 Jul, 2017",Funcom,Funcom,"Action, Adventure, Massively Multiplayer, RPG, Free To Play","Multi-player, MMO, PvP, Online PvP, Co-op, Online Co-op, Steam Trading Cards",True,False,False,0,76.0,4422.0,,,,
673130,AMID EVIL,game,False,"20 Jun, 2019",Indefatigable,New Blood Interactive,"Action, Adventure, Indie","Single-player, Steam Achievements, Full controller support, Steam Trading Cards, Steam Cloud, Family Sharing",True,False,False,0,85.0,6568.0,KZT,520000.0,520000.0,0.0
2552430,KINGDOM HEARTS -HD 1.5+2.5 ReMIX-,game,False,"13 Jun, 2024",Square Enix,Square Enix,"Action, Adventure, RPG","Single-player, Steam Achievements, Full controller support, Color Alternatives, Custom Volume Controls, Adjustable Difficulty, Keyboard Only Option, Stereo Sound, Surround Sound, Steam Cloud, Family Sharing",True,False,False,0,,8692.0,KZT,2090000.0,2090000.0,0.0
377300,Thunder Tier One,game,True,"7 Dec, 2021","KRAFTON, Inc.","KRAFTON, Inc.","Action, Simulation, Free To Play","Single-player, Multi-player, PvP, Online PvP, Co-op, Online Co-op, Steam Achievements, Steam Workshop, Steam Cloud, Stats, Steam Leaderboards",True,False,False,0,65.0,4032.0,,,,
1030840,Mafia: Definitive Edition,game,False,"24 Sep, 2020",Hangar 13,2K,"Action, Adventure","Single-player, Steam Achievements, Full controller support, Steam Trading Cards, Steam Cloud, Remote Play on Tablet, Family Sharing",True,False,False,18,78.0,85600.0,KZT,1299900.0,1299900.0,0.0
323850,Move or Die,game,False,"21 Jan, 2016","Xelu, Those Awesome Guys",Those Awesome Guys,"Action, Indie","Single-player, Multi-player, PvP, Online PvP, LAN PvP, Shared/Split Screen PvP, Co-op, Online Co-op, LAN Co-op, Shared/Split Screen Co-op, Shared/Split Screen, Steam Achievements, Full controller support, Steam Trading Cards, Steam Workshop, Steam Cloud, Stats, Includes level editor, Remote Play on Phone, Remote Play on Tablet, Remote Play on TV, Remote Play Together, Family Sharing",True,False,True,0,80.0,16459.0,KZT,240000.0,240000.0,0.0
841370,NBA 2K19,game,False,"10 Sep, 2018",Visual Concepts,2K,"Simulation, Sports","Single-player, Multi-player, Shared/Split Screen, Steam Achievements, Full controller support, In-App Purchases, Steam Cloud, Remote Play on TV, Remote Play Together, Family Sharing",True,False,False,0,76.0,15485.0,,,,
823500,BONEWORKS,game,False,"10 Dec, 2019",Stress Level Zero,Stress Level Zero,"Action, Adventure, Indie, Simulation","Single-player, Steam Achievements, Tracked Controller Support, VR Only, Family Sharing",True,False,False,0,72.0,34044.0,KZT,760000.0,760000.0,0.0
204340,Serious Sam II,game,False,"31 Jan, 2012",Croteam,Devolver Digital,"Action, Indie","Single-player, Multi-player, PvP, Online PvP, Co-op, Online Co-op, Steam Trading Cards, Partial Controller Support, Steam Cloud, Includes level editor, Family Sharing",True,False,False,0,74.0,11569.0,KZT,290000.0,290000.0,0.0
794260,Outward Definitive Edition,game,False,"17 May, 2022",Nine Dots Studio,"Prime Matter, Deep Silver",RPG,"Single-player, Multi-player, Co-op, Online Co-op, Shared/Split Screen Co-op, Shared/Split Screen, Steam Achievements, Full controller support, Steam Trading Cards, Stats, Remote Play Together, Family Sharing",True,False,False,0,,24157.0,KZT,1340000.0,1340000.0,0.0
299460,Woodle Tree Adventures,game,False,"2 Mar, 2016",Fabio Ferrara,Chubby Pixel,"Action, Adventure, Indie","Single-player, Multi-player, Shared/Split Screen, Steam Achievements, Steam Trading Cards, Partial Controller Support, Remote Play Together, Family Sharing",True,True,True,0,,1371.0,KZT,120000.0,120000.0,0.0
2680010,The First Berserker: Khazan,game,False,"Mar 27, 2025",Neople,NEXON,"Action, Adventure, RPG","Single-player, Steam Achievements, Full controller support, Steam Cloud, Family Sharing",True,False,False,17,,19843.0,USD,5999.0,5999.0,0.0
1755910,Capcom Arcade 2nd Stadium,game,True,"21 Jul, 2022","CAPCOM Co., Ltd.","CAPCOM Co., Ltd.","Action, Free To Play","Single-player, Multi-player, Co-op, Shared/Split Screen Co-op, Shared/Split Screen, Steam Achievements, Full controller support, Steam Trading Cards, In-App Purchases, Steam Cloud, Steam Leaderboards, Remote Play Together, Family Sharing",True,False,False,0,,197.0,KZT,2182500.0,2182500.0,0.0
1266680,Strobophagia | Rave Horror,game,False,"28 Oct, 2020",Green Tile Digital,"Green Tile Digital, THQ Nordic","Adventure, Indie","Single-player, Steam Achievements, Full controller support, Steam Cloud, Family Sharing",True,False,False,0,,,KZT,265000.0,265000.0,0.0
265550,Dead Rising 3 Apocalypse Edition,game,False,"5 Sep, 2014",Capcom Game Studio Vancouver,Capcom,Action,"Single-player, Multi-player, Co-op, Steam Achievements, Full controller support, Steam Trading Cards, Captions available, Steam Cloud, Steam Leaderboards, Remote Play on TV, Family Sharing",True,False,False,18,,13556.0,KZT,1091100.0,1091100.0,0.0
246900,Viscera Cleanup Detail,game,False,"23 Oct, 2015",RuneStorm,RuneStorm,"Indie, Simulation","Single-player, Multi-player, Co-op, Online Co-op, LAN Co-op, Shared/Split Screen Co-op, Shared/Split Screen, Steam Achievements, Full controller support, Steam Trading Cards, Steam Workshop, Steam Cloud, Includes level editor, Remote Play Together, Family Sharing",True,True,False,0,,17821.0,KZT,360000.0,360000.0,0.0
253960,Jack Orlando: Director's Cut,game,False,"4 Oct, 2013",Toontraxx Studios,Topware Interactive,Adventure,"Single-player, Steam Trading Cards, Family Sharing",True,True,True,0,,241.0,KZT,210000.0,210000.0,0.0
450390,The Lab,game,True,"5 Apr, 2016",Valve,Valve,Free To Play,"Single-player, Tracked Controller Support, VR Only, VR Support, SteamVR Collectibles, Steam Leaderboards",True,False,False,0,,414.0,,,,
920210,LEGO® Star Wars™: The Skywalker Saga,game,False,"5 Apr, 2022",TT Games,"Warner Bros. Games, Warner Bros. Interactive Entertainment","Action, Adventure","Single-player, Multi-player, Co-op, Shared/Split Screen Co-op, Shared/Split Screen, Steam Achievements, Full controller support, Steam Cloud, Remote Play on Phone, Remote Play on Tablet, Remote Play Together, HDR available, Family Sharing",True,False,False,0,78.0,37763.0,KZT,999900.0,999900.0,0.0
17480,Command & Conquer™ Red Alert™ 3,game,False,"8 Jan, 2009",EA Los Angeles,Electronic Arts,"Action, Strategy","Single-player, Steam Workshop, Steam Cloud, Includes level editor, Family Sharing",True,False,False,0,82.0,14372.0,,,,
249130,LEGO® Marvel™ Super Heroes,game,False,"15 Nov, 2013",Traveller's Tales,Warner Bros. Interactive Entertainment,"Action, Adventure","Single-player, Multi-player, Shared/Split Screen, Steam Achievements, Full controller support, Steam Cloud, Remote Play on Phone, Remote Play on Tablet, Remote Play on TV, Remote Play Together, Family Sharing",True,False,False,0,78.0,21364.0,EUR,1999.0,1999.0,0.0
26800,Braid,game,False,"10 Apr, 2009",Number None,Number None,"Casual, Indie, Strategy","Single-player, Steam Achievements, Full controller support, Steam Cloud, Remote Play on TV, Family Sharing",True,True,True,0,90.0,6910.0,KZT,240000.0,240000.0,0.0
1017180,The Long Drive,game,False,"25 Sep, 2019",Genesz,Genesz,"Action, Adventure, Casual, Indie, Simulation, Early Access","Single-player, Remote Play Together, Family Sharing",True,False,False,0,,48576.0,KZT,430000.0,430000.0,0.0
640590,The LEGO® NINJAGO® Movie Video Game,game,False,"22 Sep, 2017","Traveller's Tales, TT Games",Warner Bros. Interactive Entertainment,Action,"Single-player, Multi-player, PvP, Shared/Split Screen PvP, Co-op, Shared/Split Screen Co-op, Steam Achievements, Full controller support, Steam Cloud, Remote Play on Phone, Remote Play on Tablet, Remote Play on TV, Remote Play Together, Family Sharing",True,False,False,0,,1791.0,KZT,470000.0,470000.0,0.0
1515210,The Past Within,game,False,"2 Nov, 2022",Rusty Lake,Rusty Lake,"Adventure, Indie","Multi-player, Co-op, Online Co-op, Cross-Platform Multiplayer, Steam Achievements, Steam Cloud, Family Sharing",True,True,False,0,,14313.0,KZT,175000.0,175000.0,0.0
1147550,Not For Broadcast,game,False,"25 Jan, 2022",NotGames,tinyBuild,"Adventure, Indie, Simulation","Single-player, Steam Achievements, Full controller support, Steam Trading Cards, Captions available, Steam Cloud, Family Sharing",True,False,False,0,82.0,10123.0,KZT,640000.0,640000.0,0.0
434650,Lost Castle / 失落城堡,game,False,"31 Aug, 2016",Hunter Studio,Neon Doctrine,"Action, Adventure, Indie, RPG","Single-player, Multi-player, PvP, Online PvP, Shared/Split Screen PvP, Co-op, Online Co-op, Shared/Split Screen Co-op, Shared/Split Screen, Steam Achievements, Full controller support, Steam Trading Cards, Steam Cloud, Remote Play on Phone, Remote Play on Tablet, Remote Play on TV, Remote Play Together, Family Sharing",True,True,False,0,,18301.0,KZT,185000.0,185000.0,0.0
1774580,STAR WARS Jedi: Survivor™,game,False,"27 Apr, 2023",Respawn,Electronic Arts,"Action, Adventure","Single-player, Steam Achievements, Full controller support, Captions available, Color Alternatives, Custom Volume Controls, Adjustable Difficulty, Stereo Sound, HDR available",True,False,False,13,,76567.0,CAD,8999.0,8999.0,0.0
431730,Aseprite,game,False,"22 Feb, 2016",Igara Studio,Igara Studio,"Animation & Modeling, Design & Illustration, Game Development",,True,True,True,0,,20385.0,KZT,265000.0,265000.0,0.0
780310,The Riftbreaker,game,False,"14 Oct, 2021",EXOR Studios,"EXOR Studios, Surefire.Games","Action, Adventure, Indie, RPG, Simulation, Strategy","Single-player, Multi-player, Co-op, Online Co-op, LAN Co-op, Steam Achievements, Full controller support, Steam Trading Cards, Steam Workshop, Camera Comfort, Custom Volume Controls, Adjustable Difficulty, Playable without Timed Input, Save Anytime, Stereo Sound, Surround Sound, Steam Cloud, Includes level editor, Remote Play on TV, Family Sharing",True,False,False,0,83.0,21313.0,KZT,760000.0,760000.0,0.0
261030,The Walking Dead: Season Two,game,False,"17 Dec, 2013",Telltale Games,Skybound Games,Adventure,"Single-player, Steam Achievements, Full controller support, Family Sharing",True,True,False,18,80.0,26507.0,KZT,410000.0,410000.0,0.0
1328670,Mass Effect™ Legendary Edition,game,False,"14 May, 2021",BioWare,Electronic Arts,"Action, RPG","Single-player, Steam Achievements, Full controller support, Steam Trading Cards, Adjustable Difficulty, Stereo Sound, Surround Sound, Remote Play on TV",True,False,False,18,86.0,59820.0,KZT,1999900.0,1999900.0,0.0
226840,Age of Wonders III,game,False,"31 Mar, 2014",Triumph Studios,Paradox Interactive,"RPG, Strategy","Single-player, Multi-player, Co-op, Shared/Split Screen, Cross-Platform Multiplayer, Steam Achievements, Steam Trading Cards, Steam Workshop, Steam Cloud, Includes level editor, Remote Play Together, Family Sharing",True,True,True,0,80.0,7001.0,KZT,990000.0,990000.0,0.0
374040,Portal Knights,game,False,"18 May, 2017",Keen Games GmbH,505 Games,"Action, Adventure, RPG","Single-player, Multi-player, Co-op, Shared/Split Screen Co-op, Steam Achievements, Steam Workshop, Partial Controller Support, Steam Cloud, Remote Play on Tablet, Remote Play Together, Family Sharing",True,False,False,0,72.0,16784.0,KZT,265000.0,265000.0,0.0
668580,Atomic Heart,game,False,"Feb 20, 2023",Mundfish,"Focus Entertainment, 4Divinity","Action, Adventure, RPG","Single-player, Steam Achievements, Full controller support, Steam Trading Cards, Adjustable Text Size, Camera Comfort, Color Alternatives, Custom Volume Controls, Adjustable Difficulty, Playable without Timed Input, Stereo Sound, Surround Sound, Steam Cloud, Family Sharing",True,False,False,17,76.0,36223.0,USD,5999.0,5999.0,0.0
1044720,Farthest Frontier,game,False,"23 Oct, 2025",Crate Entertainment,Crate Entertainment,"Indie, Simulation, Strategy","Single-player, Steam Workshop, Family Sharing",True,False,False,0,83.0,23382.0,KZT,880000.0,880000.0,0.0
544750,SOULCALIBUR VI,game,False,"18 Oct, 2018","BANDAI NAMCO Studios Inc., Dimps Corporation",BANDAI NAMCO Entertainment,Action,"Single-player, Multi-player, PvP, Online PvP, Shared/Split Screen PvP, Shared/Split Screen, Steam Achievements, Partial Controller Support, Steam Cloud, Remote Play on Phone, Remote Play on Tablet, Remote Play Together, Family Sharing",True,False,False,0,80.0,9626.0,KZT,2100000.0,336000.0,84.0
972660,Spiritfarer®: Farewell Edition,game,False,"18 Aug, 2020",Thunder Lotus,Thunder Lotus,"Adventure, Indie, Simulation","Single-player, Multi-player, Co-op, Shared/Split Screen Co-op, Steam Achievements, Full controller support, Steam Trading Cards, Steam Cloud, Remote Play on Phone, Remote Play on Tablet, Remote Play on TV, Remote Play Together, Family Sharing",True,True,True,0,84.0,46240.0,CAD,3899.0,3899.0,0.0
1150690,OMORI,game,False,"25 Dec, 2020","OMOCAT, LLC","OMOCAT, LLC","Adventure, Indie, RPG","Single-player, Steam Achievements, Full controller support, Remote Play on Phone, Remote Play on Tablet, Family Sharing",True,True,False,0,87.0,77975.0,CAD,2279.0,2279.0,0.0
