appid,name
3057270,Seafarer's Gambit
3822840,Capitalist Misadventures
3216640,The Beast and the Princess
2403620,Air Twister
1538040,Horde Slayer
1724980,The Lone Blade
3822820,Knight Crawler
3863460,No Sweet Looks
3216610,League Of Tacticians: Path of Tarkan
3057250,Pennylooter
3015780,Escape From Hell
1543710,Beyond Galaxyland
1538030,Steinstern: Spacewar
2002700,AI UNDER TEST
1340480,The Cosmic Wheel Sisterhood
3216500,SHUTEN ORDER
3015740,Ma vie en rogue
2403600,"Jamboy, a Jelly-cious Hero"
1538010,Shoresy: Legends of the North
1789220,Horror haze
1599130,Pavel Repin's Collection
1314230,Battle Dawn 2: Terra Reborn
3216430,Blue Light
3057190,LOOTPLOT
2403590,Hikari no Hime:A Magic Fiction
1981780,FAMILY BATTLE タッグアリーナ
3822740,Tactical2
1537980,Myriavora
3216370,Colony X
3057180,Abnormal1999:Sector 49
2403570,malViolence - Definitive Edition
3015690,Super Cursor
2446340,Garestia
1537970,Death Box
1461570,Odenavirus Online
3822730,Ghostmoons - Arcade
3863400,Not My Floor
2403560,Royal Class Poker
3015650,Chrono
2446330,ニャンパヤ
1537960,Click and Relax
1521360,MainFrames
3822720,Deepest Well
3863390,Don't Let Your Dad Find Out
3216330,Another Door: Escape Room
3057060,AMPBOUND Soccer
2446320,I HAVE A DREAM
3015640,Last Heist
1543690,Bara Giants
1906250,Instant Artist: Puzzle Mashup
3863380,Word maker
3015620,"Welcome Back, Commander"
2446270,花园魔三国2 -The Sacrificial Girl of the Fantasy 3 Kingdoms 2-
1537940,Bow & Crystal Tower Defense
1480740,Doomsday Room
1580380,Descent Vector: Space Runner
1789210,Laypo Simulator
1599110,The Great Pickle Adventure
3863340,Ramona
3216310,Sword Road
3057020,Forgotten Bunker 1939
3015610,Banana & Cucumber
2403450,Gaslamp Cases 5 - The dreadful City
2446250,Guard the Tower!
1981740,Palmas
1537930,DaCapo Delivers
3822640,The Fog Encounters
3216300,Chickeat Catch
2403430,Soccer Kids Alpha
2446200,Dice Mayor
3822630,Beyond Silence
3863300,Deep Inside: Amore sola mi fa remirare
3056980,Sintropia
3015580,GameOver
2403390,Absolute Skat for Windows 11
2446190,晨晨力量人 Adventure of Roger
1537910,Chaos Galaxy 2
1521330,The Trolley Problem Game
1724910,幻想曹操传 Fantasy of Caocao
3822620,Dungeonborne Settlement
3056960,City of Nightmares
2446180,Backdoors
3015510,Decision Legacy Collection
1543650,Car Looper
1537850,Smart Moves 2
1906230,Thunder Helix
2002670,Get Trolled
3822600,SpiralGo
3216220,My Boss Is Scaring Me
3056940,Carpe Noctem - Yuri Visual Novel
3015460,Creepy Waves FM: Bugs Fixer
2403370,|][-@I7 in vitro #デッド・インヴィトロ
2446170,Hero Trial
1537830,Disney Speedstorm
1580340,Aventura Pisicului Pierdut
1789180,Zoo Seeker
1599080,Slow and Steady
3822580,Heart of Ice by Dave Morris
3863220,Hypercore
3056890,CardwovenEmpires
3015400,MDNE
2403350,みんなでクイズ ラビィとふしぎな惑星
2446160,Destruct Blocks
1981710,Interitus
1537820,Super Clown Adventures
1314170,dungeon & heros
3216200,Death Forest Abyss
3056870,Solar Sweets
2403340,大科学家
2446130,Sounds of Nature
3822500,One/Iro
3216190,Yokai Busters
3056860,Meat Fest
2403320,冬日树下的回忆
2446080,RoomNo.404
1537800,At Your Feet
3216170,Succubers! Dark Covenant
2446070,Tiny Visitors
2403290,Boyhood's End
3015350,Echoes of Dread
1543630,Mind Lock
1537740,Hentai Day - Ringsel in Trouble
1906220,Мафия Онлайн
2002610,Delilah
1254130,Phobies
3822430,BIGGEST PIANO
2403270,Hot And Lovely ：Violet
3863130,Galduen of the Void
2446040,Days in Hill
3015310,Greybit
1537700,Plasma Spheres
1580330,Cosmica
1599070,Stardiver
3863120,Machine TakeOver
3216090,Sweet Coffee Shop
3056730,Psychotic Nightmare
3015260,Into the Wild
2446010,BlueCloud Summit
3215840,Player vs. Dealer Blackjack
3056720,Weeping Amber Prologue
3822340,GOP STOP AUTO
2403130,Absolute Rummy for Windows 11
1724860,胡莱三国3
3015250,Life on Mars (MiZtyl)
1543620,Paintings Jigsaw Puzzles
2445990,Bloomtown: A Different Story
2002600,吞食一统中原Tunshi  unifying plains
1254120,Bless Unleashed
3056660,As expected of the Demon Lord
3015230,Flashlight Sim
1580300,Witchcraft U
1537540,Dichotomy
1789130,The Monster PIMP
1599020,Tinykin
3863000,Angel's love
3215800,Echo Stalker
2403110,Dungeon of Destiny
3015190,Rap Pop Jump Core
1981690,WTC : Love's Labour's Lost
3822300,記憶的主人
3215740,Wandshot
3056640,I Have More Hours Than You
3015180,Finn JRPG
2445940,Games Advent Calendar - 25 Days - 25 Surprises
2403100,Costa Verde Transport Department
1378990,Crash Bandicoot™ 4: It’s About Time
3822270,Lust By Appointment : Prologue
3215680,Who is Paul
3056610,RapidFire
3015150,Daily Climb
2403090,VR Escape From Jurassic Island
2445910,Shield King
1537480,玉言·离光
3862950,Knights vs Nature 2
3215660,Late Homework | 遅れた宿題
3056600,Apple Clicker
2403080,VR Animal Kids Rumble
2445900,Succubuzz APP
3015140,Dungeon Digger
1537470,Velocity Vector
1724810,House of Maids
1906180,Memory Traces: Japan
2002570,SeaOrama: World of Shipping
3056590,Swap Fire
3015130,Digital Meow
2403060,Dinosaur Land Aerial Photograph
2445870,Fellowship
1580290,Mad Cart
1587190,Puzzletronics Digital Infinite
1599000,ARK and ADE
3822180,The Amygdala Protocol
3862930,Gold Defence
3215590,The Beyond: An Interactive Comic Book
3056580,HEXAROMA: Village Builder
3015120,Cyber Assasin
2403050,Below the Surface:Assassin's Prison
1537430,Mask Up
1981610,Wanted: Dead
3862920,Dont Jump: Gamesforfarm
3015110,Backrooms Cats and Lava
2445820,Maldives in Dream
1537410,Twilight Drive
3822160,Spaceship Battler Unlimited
3215560,Irreversible
3015100,Apocalyptic cat
2403020,A Priest Walks Into a Graveyard
3822140,The Mine
1537340,Nano Fighter Anti Disease
3056480,Devil in my house
2445780,Grifford Academy
2403000,Fantasy Amusement Park
1724770,Castle Of Alchemists
1906160,Sprout Lands
2002560,Tales From Hoia Baciu Forest
3862860,Adventures Of Willy Dickhard
3822130,Hentai Fantasy
3056430,Steel Warrior
2402990,Not In My Cave
2445750,Level Up Boxing VR
1580260,"Agoraphobia ""Knock Knock"""
1789100,Roman Wars: Deck Building Game
1598970,Magnus Failure
3822120,Showering With My Yandere Goth Soulmates
3862840,Deductum
2402980,Office Waifu
3056420,You know my name?
3014930,Wave Defense: Trappist
2445700,RPG Alchemy
1981590,Batho[tel]
3822100,In Arrears
3862830,Magic Brush
3215480,Celestis
3056370,Honey Peach Clicker
3014910,Modern Museum
2445690,Lost Castle 2
1543590,Wildshape - Map Editor (free demo)
1537090,Flying Flogger
1378890,Indoorlands
3822050,Sweet Portal
3056350,TechnoSorcery
2402930,Deviko TD
2445680,Godmode Epochs
1537080,Return
1521190,Love in the distance
1724700,Almazy
1340360,Polycalypse: Last bit of Hope
1906150,Pixel Trouble
2002550,Chloe Puzzle Game
3601450,Vegas Craps by Pokerist
3686450,John Parkour
3466300,Eternal Prowl
3056310,Elementyle
2445660,Shipping Manager
2203850,"Aw Heck, WAR!"
2599370,DeathWatchers
3601420,Casino Roulette: Roulettist
3466280,FURRYVILLE
3386660,Foxes' Festival
3056300,Just Move On!
3215350,Fantasy War Heroes: Chilling Fog
2445640,Retro Revengers
2599360,Slime Wars
1789090,Hello Goodboy
1314000,Achilles: Legends Untold
1981570,Land of the Vikings
2203800,Bad Santa
2445540,Monster Rampage VR
1378870,In the House of Silence
2599310,Wildlands Resurgence
1843190,Brain Bait
3466230,Beamdown
3215310,Xeno TD
3056220,迪菲大陸戰記 III
2203790,性感的金发女郎
2599300,Dead Signal
1724670,明途之境
1521160,Are You Smarter Than A 5th Grader
1906140,SEARCH ALL - BERRIES
3686200,Digital Desktop Cats
3601310,Galaxy
3386480,Casino Heist: Aruba
3466180,Red Supreme
3215300,Rabbit Runner
3056110,Calm Skies: The Wingsuit Flying Experience
3014710,Cursed House 6
2445490,Majoneko
2203780,Alien
3686170,Monkey King Simulator Special Edition
3601300,Critter Cart
3466130,Obscura Protocol
3215290,Alien Market Simulator
3386380,Guardian Grids
3056090,The Curiosity
3014680,本草归元录
2445460,happiness market
2203770,Sex Teacher
2599270,Gem Defender: Soyjak Survivors
1789080,APEIROPHILIA
1598930,见习侦探
1580240,Rune Factory 4 Special
1313970,PlanetariumVR
3686140,RESIST FATE
3466110,Tactical Ghost
3601210,Donald Jump
3386360,Life and death are predetermined by heaven
3056070,Business Empire Tycoon
2445440,Hunter Nightmare
2203730,IN THE BUILDING: CATS
2599260,The Ghosts of Terinor
1543530,Path of Insanity
1253930,Seeker: My Shadow
3601190,Skating Rink Story
3215270,Place of Decay
3056040,Wasted Shot
3014610,TAMU
2203720,Female Prison
2599220,Corvos Dynasty
3465900,Water-Ring Toss Sim
3386300,Secret Crush -Unrequited love-
3014600,SEX Airlines 🔞✈️
2445420,Kāla
2203710,Hunted: Kalevala
1521110,Black Baby
1724630,S.I.N. Unit: Ghost Investigation & Removal
1609050,Unforgettable You
3686080,Forest Of Siege
3465850,ManHunter
3386290,On the Q.T.
3215240,Probability Dungeon
3014520,BrokenLore: LOW
2203590,Tune in to the show
2599180,Ambusher
2002520,Youmandriver
3601130,Touhou Crawl
3386260,The Town of Nie Iromusubi
3014510,Spaced Liberation
3215230,Go Slimey Go!
3055970,Medieval Nightt - Part 1
2445390,Late Night Drive
1803830,Death Wish
1580210,Cute Dark Elves
1981540,Penetrator
3601120,Toffee Cats
3386250,EPHEMERAL -MINIATURE GARDEN-
3215200,Pumpkin Clicker
3055950,Shantae Advance: Risky Revolution
2445380,Alien Cube
2203570,Cardiac Powder
2599150,Morph Animals
1253920,Rogue Legacy 2
1543520,Devil Inside Us: Roots of Evil
3215190,Backrooms: Found Footage
3386240,Chinese overtime
3014490,No Greater Glory: The American Civil War
2445370,Jammo
2599130,Night Pact: Azuru
3685980,Entity Strike
3601030,Unto the Aurora
3386230,Sewers Adventures
3215170,NEEDY STREAMER OVERLOAD: Typing of The Net
3014480,Medieval Lords: Soldier Kings of Europe
3055810,Sky Bound Hero
2445350,Spelly Cat
2203540,Escape From School : F.E.L.I.C
2599080,招魂记
1598910,The Excrawlers
1521100,Casual Pro Wrestling
1724600,Zen: A Gay Sequel
3600990,Sinker sound
3386200,"Tale of Elisha, Hypnotized Sorcerer"
3465740,V2 Cucumber Scam
3014470,Rings of Zilfin
2599070,Save the sheep
2445340,Love n Life: Lucky Teacher
2002510,SHPR
3685920,Quetzal - Card Battle TCG
3600970,Paragon Of Time
3465680,Sex Note
3386150,You're here again
3215120,Blueprint Bob
3055780,PERMUTER
3014460,Azrael's Tear
2203510,Kung Fu School
2599060,Magical Lands
2445330,三国计-Q萌回合制卡牌
1789060,Adult Puzzles - Fantasy Ladies
1580180,Gunbrella
1587180,A Pinch of Magic
1399210,Lumiland
1981530,StressTest
3600960,逝去之物 Passenger:Gone
3465660,"Baddies, Inc."
3215110,Rogue Courier: Phantom From a Past
2203500,Cars vs Train
2599050,Square Edges
1543470,aMAZE Gears 3
3685890,Shimmer's Quest - Way of the Whoop
3465510,ULYANA'S SHIFT
3215100,Colorize
3055710,Rumble Crumble
3014380,낙화 -falling flower-
2203480,Reach the Moon!
3685850,Synthetic Captive
3600940,Hard Jump
3215080,Big-Breasted Goth Mommies - Sex Puzzles
3600820,In Gehenna Fantasy Heroine Edition
3685740,Arcanard
3215030,Abyss Rebirth
3014320,OCTOPATH TRAVELER 0
3055630,Retro Pistol Hero
2203350,Royal Romances: Battle of the Woods Collector's Edition
2598980,Oh Baby Kart
1580150,Between Time: Escape Room
1789050,Fuchian Chronicles
3600810,Couch Detective
3386010,Survivor these Girls
3055610,The Mystic Fortune
3214970,Chores in the Night
3014310,Virtual★Happy Land | バーチャル★ハッピーランド
2203320,Meta Ball
2598970,Fastest Cars Traffic Racer
3685670,Walking on Ice
1543460,The Sin
3600800,Retro Rugby
3465390,Only Up ！！！The King of Spring Stilts
3055600,Timebound Vampire
3214910,The Fox Hare Disaster: Chapter One
2598960,Problemlöser
3014240,ASZG Project Director's Cut
2445160,Zeta Leporis RTS
3600770,BAROQUE ~ Become a Meta-Being ~ Revive
3685650,Eysan
3465370,Behind The Backrooms : Lost Levels
3385960,BattleGroupVR2
3055590,Turbo Dash
3014230,Alpha Rooms
2445140,Turn on the light - Jigsaw
1521050,ZombieVan Drive
1598810,Life of Fly 2
1724570,Plunger Simulator
3465310,Retronika
3214880,Bloody Painter Dating Sim
3385920,Beam Time
3055580,Necroverse - Undying Shadows
2445130,Furry Toys
3014150,1/8192
2598940,Armchair Commander
2002480,Home Solo Car Racer
1906040,Board game party
3685600,Ozric
3600730,Desktop Standing Card Plates
3214870,Snow Bros. Wonderland
3055550,Security Simulator: Nightshift
2598930,Game Store Simulator
1580140,Tiddy Bounce
1789030,Maid Cafe on Electric Street
1981500,Archmage Ricka
3385900,Underworld Adventure
3214810,Archaeology - Medieval
3055530,Dare to Lucid Dream
3014110,Sweet Forest
2445090,Keepers of Astraela
2203210,BURGGEIST
1543430,Terrain of Magical Expertise
3685540,只要你幸福就好
3600700,e-Racer
3465180,Streamlands: Defense
3385870,Office Outbreak Savior
3214800,3D PUZZLE - Gas Station
2445060,Hirocato - The Delivery Hero
3014090,起夜  Get Up In The Night
2203200,Akari: School Trip
1461230,Sexy Match
1378800,Squad 51 vs. the Flying Saucers
3600690,Midnight GT: Primary Racer
3465170,F11 Football Manager
3385820,夜中作戦
3055480,Live Lens Bodycam
3214790,Shards of the Realm
3014080,The Hundred Line -Last Defense Academy-
2203170,Hentai DarkElf
2598890,Kenophobia
1598780,Silly Polly Beast
1724540,Welcome to Goodland
1521040,Nature Treks: Together
3600680,Puppet Show VR
3385710,WASTED Bloodline
3214780,3D PUZZLE - Colonial Graveyard
3055460,SHADOW PUPPET
3014070,Would You Call Him a Bad Man?
2445020,Auto Checkup Simulator
2203140,Keep Sheep
2002470,Easy Poetry
1906020,Drums Rock
3600670,Zombie Town Breakout
3465080,Dungeons Bomb
3385670,World of Goo 2
2444980,Chasing rabbits in snow
2203130,Levels
2598870,Starlight Riddles
1788980,Solitaire TED and PET
1580090,Galaxy ONE
3600620,Banshee
3465050,Bloop
3214730,Universe Of Trials
3055420,Fruit: Chain Effect
3014010,My Girlfriends
2444960,Wild West Pistolero
2203100,Megis Adventure
2598860,Boundless Paths
1543380,I Fetch Rocks
3385570,Santa for Adult Men
3214720,Mouse practice for kids
3055400,High School Rizz Party
3013980,The Day Of Survival
2203070,Dragonheir: Silent Gods
2444940,Escape from Demon Island
2598800,Psionic Sentry : Infinite
1378790,Red River
3685340,My MILF Stepmom: Free Use💋
3464970,Holder of Place
3385520,Our Winding Road
3214690,Chronicles of Delights: Isekai Adventure
3013970,AtooB
3055390,Giraffe
2203040,マーダーミステリーパラドクス このひと夏の十五年
2598770,Bloody Moon
1598750,魔法与高塔
1724530,Robo Go
1521020,The Clinic of Depravity - A Wife Reveals Her True Nature in Front of Her Husband -
3600510,The Last Reunion
3464960,Skill Issue VR
3385500,Sweet Sailor
3214680,Bad Granny Little Thief
3055370,Isekaing: from zero to zero.
2444900,Walpurgis Raid
2598730,Sasha's Stupid Coffee Shop
2002450,停留此刻 Stay in the moment
1906000,Popplings
1665250,Nightmare
1580040,Trial of Two
1788970,Thanksgiving Day Griddlers
3862760,Wheelborne
3685310,Mega Mouse
3385490,GOLDO: Lost Goblin
3214620,Here Rose of Storm
2402920,Beyond Doors
2444890,Launch Director
2202950,DarkMatter: The Strange Messenger
1738490,からかい上手の高木さんVR 2学期
3685280,Dungeons of Uhr
2598670,Legend of the archer
1738420,Sinsations
3862700,A Minor Pest Problem
1598730,Shanhe
3385430,Archaeology - Sand Fantasy
3214530,Treasure 'n Trio
2402820,Hololive Room Visitor
2444840,Cryptid
2202900,Out of the ground
2598660,Explosive Madness
1724510,Detective Gman
1340180,Sherwood Extreme
2002430,♡beAt! -After the Summer-
1905980,Farmer's Father: Save the Innocence
3862690,Roata Mai
3600350,Bashing Brutal
3385420,How Much Items - Weapon
2402790,Thereafter
2444810,VoltAge:Genesis
2598630,The Dragonhood
2202890,Furious Sword
1738150,Draft Day Sports: Pro Football 2022
1665210,Sakura Forest Girls 3
3862670,Shelldiver
1788960,True Detective Solitaire 2
3385400,Evils Eve
2202880,Car Parking
2402770,BLASTER ARCADE
2598620,VIRUS 91
2444790,小白人对决x（Little White Man vs X）
1738140,Campfire Tales
3862660,Queen of the fallen land
3214470,Flying Peep
2402760,Ms Holmes: The Case of the Dancing Men Collector's Edition
2598610,Status One
1738100,Puzzle Light: Connect
1543330,揭谛/GATE
3862650,Stonehold
3685180,Cubeverse: The Lonely Planets
3600280,Processor Dev Tycoon
3385380,Mars Survivor
3214440,Rapz!
2402740,BouleMan
2444750,Shape of Dreams
2202770,Pizza Hero
1737980,Galacticon
1598710,Wild world
3862640,Axe or Bone
3685170,Earth Ten Days : 981Hz
3600250,Whomers Ate My Lawn!
3385370,Maze Mice
3214430,深渊契约
2402720,Axe Me Down
2202750,Hardhat Wombat
2598560,Sclera
1724490,Bit ESC
1520900,Castle Cardians
1340140,DRACU-RIOT!
3862620,Generic Idler
3685160,Angel Emica - Fallen Angel and deserted land
3385360,CODE:VALKYRIE III
3214400,Rainbow Cloud: A GAY RPG
2402710,DPS IDLE 2
2444710,貴方が狼カードデス！
2202720,Enemy at the Gates:The Invincible Sword
1737920,Midnight Calling: Valeria Collector's Edition
1665200,Printersim
1788950,Valentine's Day Griddlers
3685120,Vampire Skuf
3385350,Jaguar Suns
3214390,Stranger Watch
2202710,Athenian Rhapsody: Thunder Goober's Personality Dungeon
2598490,ColorCoordination
3862550,Bonaparte's Bluff
3685060,SpeedCoins
3214380,vaXinator
2444660,Four Lights : The 1st World [Iruka Route]
2202690,Gladiators and Glory
2598480,Tale of the Shadow World
1543320,The Road to Gelendzhik Palace
1461140,Crazy Chicken Xtreme
3862530,Homunculus Meat
3600200,Final Signature
3385300,Driving Around
3214360,Bop It! The Video Game
2402650,Rusty's Day Off: Episode One - Janitor on Duty
2598450,Survival Nexus
1737870,REKA
1598660,Armored Xpress
3862520,Pokerchinko
3385260,Luminatory
2402640,Shorkie Software presents: PROTO
2444610,CrossdresserDetective2
2202590,Shape Shifter: Formations
2598410,Project Adder (Prologue)
1737840,Virtual world-Digital girl
1724470,Valkyrie: Journey To Midgard
1520880,The Last Bastion
1905950,Shelter 69
2002410,The Robot Girl Meets The Human!
3685030,Neon Strike
3385250,ラビィとパネルでしりとり
2402630,Egypt Frontiers
2444600,Times Of War
2202580,Dearg
2598340,A Night On The Farm
1409840,Aztecs: The Last Sun
1665190,Monster Prom 3: Monster Roadtrip
1580010,HUMANS CONNECT
1788940,Shadows: Price For Our Sins
3862440,The Dream Collector
3600150,Co-Ape : Rise Of The Monke
3685020,Estrella Quest
3385240,Cats Visiting Christmas Town
2402620,World Guesser
2202510,ISO
2444540,Sexy Anime Puzzle Game - A Hentai Girl Puzzle Adventure
1737760,Platonic
3862340,Halloween Waifu
3684920,Z Mission Breakout
3600120,Squarepinski
2444530,Wreckage
2202500,Rapscallions On Deck - Friendship Otome
2598310,Little Penguin Chillventure
1543290,Hack Grid
1461130,LAVALAMP
3684910,Super Pinball Adventure
3600070,Casual Fishing
3385160,Cryst
2444520,Stick Mountain
2202480,Monster&Strategy
2598300,Cum & Climb
1842890,矿老板模拟器
3600050,Animal Games
2444480,Riddle for your Life
2202470,No Sun To Worship
3862000,Cave of the Skinwalker
3599990,Serious Survivors
3214220,Steel Knight's ARMIS
2598190,SomnaBuster
2202400,SoundStorm
2067950,Nash Racing 3: Drifter
3861980,Croc Royale
3684830,Isekai Mystic World
2444420,Sunya
2598120,The Cauldron Kids: The Summoning of Mr. Vermicelli
1737620,Please Duology
1543280,Espresso Tycoon
1461110,USSR CHAN: Hentai Puzzle Game
3861930,Pieces To Find
3214180,Isekai Survivors
3684820,Prime World: Classic
2402450,Zero Grounds
2598110,Fusing Noracam
1737600,Alphabetical Order
3214170,BouncingBall
2202360,Dungeon King
2444370,49 Squares
2598090,Battleship
1520840,Ms. Han's After-School Tutoring
3684800,Frustration Factory
3384900,Lured by Eerie Sundown
3214120,Legends of Elysium
2402310,Crazy Flasher 7 Mercenary Empire(stand-alone Version)
2444350,Enchanted Portals
2202340,Stories From the Cores
2598080,Drift Survivor
1737530,DarkTimes: Wrath of the Raven
1665170,The Patagonians
1579920,Opportunity: A Sugar Baby Story
1788920,New Lands
3384890,Ascent DX
2402280,Werewolf: The Apocalypse — The Book of Hungry Names
2598070,Ultimus
2067940,Siberian Village
3599850,Divergence: Beyond the Singularity (Part 1)
3384880,Vox Populi: Germany 2025
3214070,Fair and Square
2402270,Hero of the Golden Talisman (C64/CPC)
2444290,Hyper Space
2598050,Foxcrate
1737510,Hardworking Hero
1724440,Epic Fantasy Battle Simulator
1543270,Clash of Irons
1253710,Garbage
1461100,International Basketball Manager 22
3384860,Devilish Lady Doctor - A Night of Domination and Seduction -
3214000,Multiverse loot Hunter - Three Kingdoms
2202270,Hunting Life VR: Dove Season
2444250,Flipshot
2598030,Model Railway Millionaire
1737480,Super
3684710,My sexy Neighbour 2
3384840,Blacksmith Simulator
2202240,Horror Adventure : Zombie Edition
3213960,Space Thugs
2444230,Exchange Student
2598020,Spire Horizon Online
1598600,Robin Hood: Hail to the King
1520830,Casual Commando
1905900,King Rabbit - Race
2002280,Make It In Time
3861820,Quase Rosa
3684700,Empire of Lust 🏛
2402200,Hidden Kitten
3213950,Feline Realms  - The Ancients' Legacy
2444210,HANA : Hide and seek
2202220,Animal Trainer Simulator: Prologue
2597970,Finding Frankie
1665130,PAC-MAN MUSEUM+
1737460,Into The Abyss
1378670,Adapted Adventures: Crystal Cave
1579890,Infinite World:Dice Team
1788910,Argonauts Agency: Missing Daughter
3861800,Noise Canceler
3684690,"Bonjour, Cream Inside 💦"
3599800,Blossom Breeze
2402170,Veggie Quest: The Puzzle Game
2444180,The Envolution Of Wandaland
2067930,Never ends acT
3384740,God Lives In The Moon
2402100,Cube Airport - Puzzle
2444160,The Phantom
2202150,NOT ME
2597880,STRIDE: Fates
1737440,Trip Saber
1724420,Ultra Thunderball
1543240,Gigapocalypse
1253690,Teke Teke - テケテケ
1461090,喰人記
3684610,s.p.l.i.t
3384720,Disguise Royale
2444140,Single Malt Apocalypse
2202120,63 Days
1737400,Kick Bastards
3861720,Ruby's Realms
3599700,Chopper Extractor
3213850,gogh: Focus with Your Avatar
2202110,Railways: Train Simulator
2597810,Afallon
1598590,此刻探索中
1737380,Brambles in the Mist
1520810,Flatline
2002270,Story Time
3384610,Glider Simulator
3213810,Nest
2402070,にわとりになったおれ　〜コドクな魔女との5日間〜
2444060,wav-ocs-cruise-game
2202070,Qublyne Dungeons
2597710,Rusty Ride
1665070,Squad Of Dangerous
1579880,The Light Brigade
1788900,Argonauts Agency: Captive of Circe
3861700,Deep Saturation
3599670,Forest Factory Simulator
3384580,Дейтсим Говна
2444010,Hector The Cat - Treasure Hunter
2202010,Neon Ascending
2597660,100 in 1 Game Collection
2067920,Rogue: Genesia
1737280,Bad animals - rabbit
2443990,Engaging Destiny
1534850,Floor Plan 2
1598580,Exhausted Man
3599510,oiia
2597620,Wall Ball
3013910,Limelight
2201940,Ship Graveyard Simulator 2
2443980,Affair
2401970,Ace Attorney Investigations Collection
1905700,A Series of Temporal Mishaps
1737240,天气
1409830,Sons of Valhalla
3861600,Outpost Legends
3013900,Cat Good Work
2443960,Room In Dream
2201930,Oriental Valley
1665060,Halloween Patchwork Trick or Treat
1737220,Myriads: Renaissance
1579850,夏まつりのハナビィ Hanaby's Summer Festival
2067910,What The Fortress!?
3861590,A Hundred Years of Love and Death
3599480,WonderLang Polyglot
3821940,Flower Escape
3013880,Flight Risk
2401920,Biscuitts 5
2201910,Winds Of Arcana: Ruination
2597600,Golden Leaf Jigsaw Puzzles
1737200,Ardarium
1724390,Power Chord
3861560,Planet Drop
3599470,Final Fall
3013860,The Adventures Of Zomboy
2443910,The Ultimate Death Clock
2201880,Forbidden City Journey
2597590,Cuckold Chair Simulator 2023
1543150,The Fermi Paradox
1737170,Among Dots
1253650,Birds with Feelings
3821900,Hot Pig Jump!
3599460,Conformer
2201840,그녀가 다시 노래할 때까지.
2597580,Porno Empire [18+]
1737150,Scarlet and Blank
1598560,Life On A Pizza
3821890,Parallel Convergence
3599440,IZEA:10puzzle Rogue-Lite RPG!
3013840,True Love
2401810,On the other side
2443870,降妖师Demon Subduing Master
2201830,Cluster Fly
2597570,Chasmal Fear
1737130,Ducky
3861500,Stranglehold of the Elite
3821860,STRANGER SAGA -Stranger Bach and Iskiyeld's Ambition-
3013830,BackRooms 1995 The Lost Footage Chapter 1
2597560,SpaceDRG
3599390,Amber Alert TOTAL VR
2401740,​Shattered Lands (破碎之地)
2443840,SORROW: TALES FROM A WORSE WORLD
2201810,筮灵 SHILING
1665050,Griddlers TED and PET 2
1737110,Endeavor: Rite of Passage
1579800,Hundreds of Mysteries:Wendy's Home2
2067900,Gemini Chase
2401730,Hot Springs | 温泉 (Onsen)
2443820,52 / 0 = ∞
2201710,Three Kingdoms Zhao Yun
2597520,Animalia
1737100,Treasure of Nadia
1534630,The Sound of Fireworks: The Haiku
1724360,Stationery Frontier
3821790,Ys X: Proud Nordics
3599340,Warbot Engineer
2401680,Pet Shop Simulator
2597500,✈️Velocity Wings✈️
1737070,风起长安：驭骨人
1543100,Farmers Co-op: Out of This World
1461030,Carnivores: Dinosaur Hunt
3861450,Shadow Lurking
3821780,hgmGame-lion
3013740,Fields of Asphodel
2401580,拾光集
2201680,Rocket Escape
2443790,Terror in the Kitchen
2597480,Bardic: Quest for Love
1737050,War and Empires: 4X RTS Battle
1534610,ZombiesWaves
1598540,Nilspace
1520760,Tyrant's Blessing
3821590,City-Racing
3861440,The Last Flight: Return Home
3599220,Zombie Demolition: Infinite Zombie Shooter
2443780,Settlemoon
2201660,Marabundle
2597470,Tower of Dreams
1737010,Collector Thief
3861410,inScreen Dream Keyboard
3599160,Zentore ~Muscle your brain.~
2401460,Tamas Awakening
3013700,Candy & Toys Store Simulator
2443770,Will You Wheel?
2597460,异常情绪回收组
1665040,Griddlers Beach Season
1736980,BounceShot
1378500,Knights of Legends
1579780,Brave Deeds of Rescue Team
3861330,Cat Hostel 开一间猫咪民宿吧！
2401450,Pyrami Head
2443760,Forklift Racer
2597450,Blood Kiss
1534520,STRAY KITTEN
1724320,Noelle Does Her Best!
3861290,北城捷運糾察隊(Northern City Metro Patrol)
3821520,Space Pinball
3013670,Delta Light 2
2401420,Blast Attack
1543090,LiBER
1253610,Knights of Braveland
3861280,挂机手游模拟器
3599070,waxweaver
2401410,Cabernet
2597420,悠闲打砖块(Leisurely Brick)
1736900,Legends of Snooker: One Shot
1534480,CELLAR
1598490,EyeRoll
3821470,Fear The Unknown - Jamie Story
3599050,Shoot'n'Shell
3013550,Yu-Gi-Oh! EARLY DAYS COLLECTION
2401380,Castle Crafter
2443640,Hell Of Nightmares: Chapter 1
2201500,No Name Village
1736850,Camp Palut
1534430,Play The Fox
1724310,Uncrowned
2401340,Hells Bend on Wounded Knee
3013470,Bananametr
2201420,Lust Colony
2597360,Citadale - The Accursed Seal
1736760,Street Stallion: The Jaywalk Simulator
1543080,Cute Honey 3
3861170,Dominated by: Yandere Goth Maid
3598990,Zonark
3821350,Vengeance
3013460,Judofuri
2597350,The Black Knight Chronicles - The Widow without Time
2443560,Succubus's making lunch
2201390,Palladise Island：Legendary Space
1736740,Cactus Clicker - Bofete Stories
1534350,Vampire's Slave
1398910,Jorel’s Brother and The Most Important Game of the Galaxy - Complete Edition
1598470,PixelGround
1520710,Entodrive
3821290,Chain Letter
2597340,The Alchemist's Apprentice in the Maze of Madness
2201340,Crossroads: Escaping the Dark Collector's Edition
3013440,Spiritmorph
2443550,Cow Girls 3 Stories
1736730,Don't Get Tagged
1534340,Fida Puti Samurai
3861140,Agent Versus
3598950,Catfish Idle Pond
3013430,Security Guard Sex - Episode 3
2201320,Date Everything!
2597330,Quiz Game Night
2401230,Clone Drone in the Hyperdome
2443520,Purrfect Rescue
1736710,Mummy Sandbox
1665010,Fill and Cross Pirate Riddles 2
1579710,NaÀra: Contos de Resistência
3861120,Hangtime!
3598920,Astral Planes
2201260,Fiend Heart
2443510,Mujina - Maze Game
2597300,Guilty Loving Boxing
1736680,XIO: REVIVE
1534290,Space Mages: Dimension 33
1724300,The Little Brave
2201240,Sex Adventures - The Naughty Maid
2401100,Necromancers' Arena
2443500,Ramas' Call: Twisted timing
2597290,SGS Battle For: Hue
1736670,Tilting Tiles
1543040,轮回修仙决
3821190,ささゆめしき
3598860,Swann's Song
2201230,Belial Red
2597280,Tomb Of AnuBI0S
1736630,Minesweeper Ultimate
1534260,TitTok
1598370,Vojo
1520690,Die Rangliste
3861060,Scooter Slayer
3821180,Power the Future
3013370,Monsters Auto Battler
2401080,Alien Breeding Program: First Contact
2443410,Emme Saves the Galaxy
2201190,Futanari Sex - Locker Room Affair
2597260,Natsuno-Kanata: Beyond Summer
1534250,Appease the Spider
1736620,The Eightfold Path
1905540,The Mostly Empty Theatre
3821160,Побег в Москву 2
3861030,Blind Trust: The City
3598790,Bear vs. Wolf Jigsaw Puzzle
2443400,Stellar Version 1.0
2597220,The night of erosion (prequel)
1746420,Ripple 涟
1736590,Shambled Spiral
1665000,Alice's Jigsaw Time Travel 2
1378380,Dream Home Simulator
2067790,Crimson Snow (2023)
1579690,Void Surfer
3598720,Bling Bling Bankruptcy
3821150,Burger Shift: Team Rush: Prologue
2401040,Sex Simulator - Gym Girls
3013260,Pro Strategy Football 2025
2443370,Witchcraft Survivors
2201170,Christmas Wonderland 13
2597210,Welcome teacher
1534200,Nothing
1736560,Weakpoint Delta
1724290,Outergalactic Aliens Pinball
3821120,SPELLCAST
2401030,Ultimate Tag
2443360,Zortch
2201160,Freddy Frog 2
1736550,Deflector
1543030,Sword and Fairy 7
1339860,Lumione
1253520,Heidelberg 1693
1842610,Dungeon Wizards
3860920,Tales Beyond The Tomb - Route 86
3013190,MIGLORN
2201150,Eve of Calamity
2597190,Aqua Pals
1534050,SCP: Breakout
1598360,Who Are You?
3598600,Tomochi
2400960,SolForge Fusion
2443320,Just A Walk In The Park
2201130,Distributor Simulator
2597180,Whirlwind Magician
1736510,Anxiety Treatment with Relaxation Demo
1534040,Baby Racer
1905530,Hammerwatch Anniversary Edition
3821040,Joy Striker
3598580,Viking Breaker
2400880,Haunted Investigation
2443300,Elite Status: Platinum Concierge
2201110,Sotidrokhima
1746400,The Foretold: Westmark Legacy
1736490,Lazy Girl
1664990,1001 Jigsaw: Earth Chronicles 5
1378370,Fallen Knight
1579680,Host 714
2067780,Your Turn To Die -Death Game By Majority-
3860800,Horny Blocks
3820960,The Population Must Grow
3598570,Super Komio Island
3013140,once in hell
2400860,Super Monkie Bounce Fatal
2443270,Parsec lost in space
2201070,Phylakterion
2597130,Uncle Chuck Incorporated
1736480,YOGA MASTER
1724280,Midnight Stories 3
3860790,Unsung Escape
3820950,Sef Saga
3598560,Hentai Lucia
2400850,Big Sword Hero
3013130,Romanizer
2443250,Urgent Message
2201040,IN CELL
2597110,Kaizo Block
1543020,Rise 2.0
2201020,The Plane Game
3013070,Candle Wood
3055330,Hammer Penguins
3213770,能准点下班吗？
1746370,DUMB: Treasure
1664980,1001 Jigsaw: Earth Chronicles 4
3820900,The End of the Sun: Prologue
3384440,Call of Clans
3464830,Sound of Survival
2400790,City of Cats
2201000,Dodge Barrage
2067770,ICHARKO
3820890,The Coffin of Sarah
3860730,Delivery Days
3464820,Jewel Match Solitaire Fantasy - Collector's Edition
2400770,Dungeon Tycoon
2200990,Trigger Fever
3055250,Gothic Clicker
3213720,101 Cats Hidden in Los Angeles
1724190,Come Home
3820880,Rush Roulette
3384380,Psi Academy: Orientation
2400760,Bike Offroad Simulator
3013010,Arbor Island
3213700,From The Dust
3055230,Sex any cost but free
3860650,Pachiko
3684430,Dreamnest
2400740,PIGBLUE
2200930,Bebok Invasion
3012990,Project: ICARUS
3055210,Ehko Island
3213690,Love Live! Nijigasaki High School Idol Club TOKIMEKI Roadmap to Future
1520640,Ultimate Bumper Cars - Dodgems
1883920,Below the Crown
1905430,Gravitar: Recharged
3820830,Anime Dream Match: Primates
3684410,Goat Stand and Turtle Guy
2400730,Hentai Witch
3012980,Moorhuhn Kart 4
3055200,Huntin' Ducks
1746340,Poop Plague in Fairyland
1664910,Murder Diaries
3820820,Rebound Hell
3464700,Lord Of Island
3384350,The Butterfly Collector
2400700,Beginning of the Rain
2200900,The Ranger: A Skyhopper Tale
3055180,Welcome to Primrose Lake 5
3213640,Thrice Cursed
2067760,Trash Bomber
1579650,NULLPTR
3820810,Dice Dice Baby
3860590,Barrel Roll
3684370,Rabbit's Hop
2400690,Xon
3012830,Dark Card
3055170,Welcome to Primrose Lake 4
3213600,Store Wars: Multiplayer Shop Simulator
1724180,Caves Of Mars
1542990,Airplane shooting spree
3860530,Escape From Amazonia
3464680,Swords & Bones 5
2200820,Thematic Solitaire: Noir
3012820,East Wood Carnival
3213590,Climbing Challenges
3820630,Soluna's Mood
3684340,Hop to It!
3384280,Starship Scarwolf
2200790,Rootless: Memories Of Green - Chapter 1
3012810,Falling Ever - Lost in Time
3055120,Astral Wield
3213560,Launch Ball
1905420,Henshinko!
1520610,BlackJack Math Cross Numbers
3384270,Deep Siege
3464640,SSR Summoners
2400640,NanoApostle
2200780,My Dream Setup
3012800,Leglakh: Prologue
3213550,Whispered Secrets: Cruise of Misfortune Collector's Edition
1746280,Ball Ranger
1460870,Amazing Pyramids: Rebirth
1664810,Gluua
3684320,Clutter 18: Joe's Ultimate Challenge - Collector's Edition
3860440,Parking Simulator
3464630,Dark Lord Leona
2400590,彗星战团
2200770,Anime Hunter
3012780,Mystopia
3055100,Welcome to Primrose Lake 3
3213540,Just Eat The Rich
2067750,Jigsaw Puzzle - Futanari Roomate
1579610,Ragdoll Funhouse
3860430,DayDream Mosaics Juliette's Collection
3464620,Ultimate Bondage Simulator
3384250,The Whitaker’s Library - Part 1
2200760,The Bogtavern
2400550,Neighborhood
3213440,Halved
1542980,Siege of the Swine
1253440,GALACTIC FIELD 《银河领域》
3860410,Mine Click
3684120,Sectoris Sky
3384240,Hanzi Match
2400540,The Witch’s Cookbook
2200700,TuHou Remilia - Begin Of Scarlet Family
3055050,The Adventures of Detective Donut at Shao-Lu Temple
3213430,Utter a Name
3384230,Familiar Stranger
2400520,Puzzle Go
2200670,Forge of Destiny
3213420,Politburo Simulator
3055020,Mushroom
1598220,Moon Observatory Iris
1398740,The Chrono Jotter
1883840,Ocean Punk
3860340,Victoriam
3684050,Selling Game
3464570,I'm Pregnant at 16
3384220,VR Secretary: Ailey Edition
2400510,Dungeons & Degenerate Gamblers
2200620,Shopping Center Tycoon
3012710,Pimic of Sorrow
3055000,Hell's Descent
3213410,"Mythos, Book One"
1746230,Too Many Humans
1460830,6 Seasons and a Game
3012660,Pralai Song of The Last Empire
3054950,Frost Survival VR
3213380,呪いの手紙　cursed letter
1808400,Tag: The Power of Paint
1724160,Heart & Soul
1542970,VR Spaceship Battle
1253410,Hero Team
3683980,Your butt
3464540,Kaiten
3384150,Sinew
2200580,Pocky & Rocky Reshrined
3012630,硅心_Silicon Heart——AI少女情人梦 _AI Girl Lovestory
3820390,Touhou Iyuushou ~ What the Bullet Hell?!
3860230,Bastion Frontier
3683960,Magical Runes
3384140,The Chastity Scholarship
3464500,100 hidden Cats : Playground
2400370,Veiled Skies
2200560,N₂O
3213300,DUST II | The Infinite Zero Point
1598210,Milli & Greg
1398730,Winter Wonderland
3860210,Battleships Combat: Evolved
3384130,Trophies: A Corruption Tale
2200470,Ok I Pull Up
2400340,Touhou Juuouen 〜 Unfinished Dream of All Living Ghost.
3012550,"Listen, Think, Meow!"
3054820,DevilConnection
3213270,Caduceus Quest
1746210,日记簿
1460820,"Aldriak, the advent of a new world"
3860200,Space Memory: Predators
3683930,あれぐろもるとをきくゲーム
3384120,Isopod Keeping Simulator
2400290,富甲天下2
3012510,BUG
2200450,奇雞快打
3054760,Imitation
3213230,Big Band Survivors
2067720,Space Bunny Explorers
3820330,hazard versus
3860190,Anime Dream Match: Butterflies
3464370,Sani Yang's Laboratory
3384110,SamVSTom
2400280,富甲天下4
2200420,13 Candles
3012470,SickWay VR
3213220,Junkcity Factory Simulator
1520590,Slap It Together!
1542930,Red Man
3820320,Echoveil : The Last Guest
3683910,Pinball Crush
3384090,Plastic Battlegrounds
2400190,Halfblood: A Quest to Olympus
2200410,Tales from Candleforth
3054720,Fishing for cats
3213210,Front Frontiers
3860100,RAGDORE
3464350,DUNGEON OF LOVE: Catch Monsters
3384070,meldpit
2200400,Aohri's Uprising
3012420,Apprehending the Adventurer Chan! ~Live2D Tentacles Simulator~
1598190,We Are Live
1398720,Water Girls
1883820,Weird Hat Fight
3820190,合金子弹
3860090,FURRY GIRLS
3464320,HGPP
3384050,Vampire Hunt
2200390,My Little Miniatures
3054700,Crimson Asylum
1905310,Wordies
1746150,Nosos
3820130,The Dream Globe
3860080,МЕМАСИКИ 2 Олдскулы свело
3683850,Evolve or Die
3464230,The Meowfficer
3384020,The Legend of Shiande
2400160,Glyphica: Typing Survival
2200380,Fingerbang: All Bullets Pointin'
3213090,SEX Route 69
1579530,Rebound Raver
2067700,哪吒三太子
1417320,Inheritors2078
3820090,Dominated by: Yandere Goth Gangster
3860050,Skylorn: Bound Together
3464180,Reinbo
3384010,Millennium Police
2400100,Odoya
3012380,Down Abyss
2200360,Trap of MUSK:Arabia Night
3054680,Multiplayer RPG
1520580,Blood of the Alchemists
1724140,Craftomation 101: Programming & Craft
3860040,躁のあなた鬱のあたし｜Manic you and depressed me
3383970,Ryo And Gears
2400060,Little Devils
2200350,Trap of MUSK:Asia Night
3012360,BREAKER: INITIATING
3054670,I HATE MY LEGS
3213010,Succubus Hunt
3860020,Wise in the Heights
3464080,Cats & Critters: A Dungeon Claw-er
3383940,Frak
2399930,Imprisoned Hyperion 2
3012350,Warranty Not Included
3054610,Artifact Seeker: Resurrection
3213000,Starship Fighters: Space Combat Simulator
1398710,Fairy Glade
1598180,Seishin Destiny
3860000,Silhouette of Fear
3383930,Aritas: The Demon Lord
2399910,Byakuya Museum
2200330,Project: Nightlight
1905270,Aery - A New Frontier
1746140,AsteroidTD
1664670,Refactor
3859950,Tile Tempest
3683750,First-Person Data Explorer
3383910,Arena Monarchy
2200320,Ghost Member
3012290,Predictile
3054540,Fallen Echo
3212910,"For a long time, I built plans to steal a boy at work and didn't dare to do it, but I happened to get him, so now I can do all sorts of T H I N G S with him…"
1579490,Dangerous Chris
3683740,怪兽王国·初章 Monster Kingdom TheFirst
2399840,Angry Waifu
2200270,Velocity Rift
3054490,Shrimp
1520570,DreamCatcher: Reflections Volume 1
1724130,QUICKDRAW
2399830,ARK: Survival Ascended
3012260,ZukuRace
3054470,Rogue Zodiacs
1826860,Sewer Rave
1598160,Bloodwash
1398700,Animal Cafe
1883800,The Magical Mixture Mill
1905260,Mini Gardens - Logic Puzzle
3819830,Chicken Defense
3683690,Bonki Bonk
3598550,Atlas Hands
3383850,The Little Adventure
3212800,Shards of the Mirror
3012220,Double Dragon Revive
2399770,Night of Horror
2443210,Grim Tales: The Hunger Collector's Edition
2200240,VR Pterosaur
1746130,Onmyoji in the Otherworld: Sayaka's Story
1664660,Hentai Brick Breaker
1378260,Voodoo Kid
1579450,DVOREC
2067670,记忆碎片Fragment
3463820,Unforgettable: 4th Dimensional Bartending
3383820,Sungka
3212790,Cannon Guys
3012210,Ducky: The Brave
2399760,Time Bandit
2443190,Pine Creek: The Book of Judith
2200230,CursedSword
3683640,Only up?Climb The Tower!
3383780,Only The Lost Shall See
2399730,FRONT MISSION 1st: Remake
2443170,Survivor Challenge TD
2200220,VR Pekin Royal Palace
1542860,Dungeon Slime 2: Puzzle in the Dark Forest
1253270,Scoot Kaboom and the Tomb of Doom
3683610,Strip Me Down: Office Worker
3383750,Anti-Invasion Warfare
3212750,真传 disciple
3012130,Phantom of the Twilight
2399710,Trash Bunny House
2443160,Rat Catcher
2200190,[Chilla's Art] The Karaoke | ヒトカラ🎤
1398690,Negligee: Opposites Attract
3683590,Strip Me Down: Jock
3463750,Escape: The Research Center
3383720,Slumber Party
3212710,Man For Takeaway
2443150,Trash Bandits
2200170,"Enchanted in the Moonlight - Miyabi, Kyoga & Samon -"
1883710,Bout
3598420,Sister Takes Two Dicks
3463700,GameOn!
3212640,緑葡萄伝（東方Project・幻想葡萄伝）
3012070,Eldorion: Guardians of the Crystals
2399670,Slave Lord: Elven Conquest
1746120,Halloween Trouble 3: Match 3 Puzzle
3598410,LuonTile
3383700,Cards!
2443120,I am Neutron
3819640,Megastore Simulator
1808320,Lake of Creatures
2443110,"South Scrimshaw, Part One"
2200030,Echo of the Last Light
2596890,Evade VR
1724100,Morbid Inhale
1542850,Destroy The Cubes
3598340,SCHIZOPHRENIA
3383640,Atropos
3212590,Greedy Darts
3012000,シュークリームコレクト
2443090,Deathless: Survivors
1398680,Negligee: Girls Night
1598130,Movie Actor Trivia
3819600,Proxima Divide
3463560,Zovid27: The Last Vaccine
3212580,Bratz® Rhythm & Style
2443050,Silent Shores
1883680,VR Hentai Sex Party
3683410,Split Times
3463530,Fisheye
3011850,CRUELTY
2199930,DreamWorks Trolls Remix Rescue
2443030,Cybergrid Runner
2596830,Geist
1746080,You are a slave!
1460700,おんがくしつ / MUSIC ROOM
1664580,Terra Ventura
1378200,Rooftop Renegade
2067610,KoreanPoliticalFighters : 2ND
3819510,DexSweeper
3212530,Anthology Of The Killer
2443000,LIDAR Survival
2596800,No Recollection
3683250,Laburantitos
3463490,Frosty Enterprise: Prologue
3383580,Hidden Cats - Winter
2442970,斩毒：罪与罚（Narcotics Police:Crime And Punish)
2199860,Animal Trainer Simulator
3011740,Border Dungeon 边境地牢
1542840,PuzzlePet - Feed your cat
3819450,hgmGame-tiger
3598250,Virtual Frenzy- Nexus Corps
3463470,Hidden Tomatoes : Farm Frenzy
3383530,慰藉之庭 The Yard of Solace.
3212420,The Library
3011620,Glow up 1
2442960,三界
2199830,Bavovna included!
1398670,Dating Life 2: Emily X Miley
1598090,Fantoccini
3683160,Mad Experiments: Escape Room - Sanctuary
3463460,Hidden Tomatoes 3
3212400,Elf Archer and The Disappearing Giant Tree - R18
2399420,Le Mans Ultimate
2199820,Stack Stones
1883670,Race On Ice 2022 Pro
3819380,Hentai Shanti
3683090,Battle of Nowhere
3598210,Sweet Train
2442860,Math & Topology
3819320,Tall Man Run
3683040,Hentai Boxing Maggie
3463290,Hex Blast
3383460,Sea Bikers Jetski
2399220,NUKITASHI
2442830,SimpleTD
2199780,Engineered To Purpose
1724070,Don't Hate My Music Taste
1542820,Roguely
3819310,The Scarlet Harvest
3212290,Bumble Rumble
2399200,Racing: Storm Chase
2442820,Ascending Inferno
2199760,One Last Time
2596630,Freestyle Ice Skater
1398660,CamGirls: Sophie X Rias
1598030,ZONERS
3819280,Cat Gunner
3683010,Mandatory Fun
3598130,Big Rigs: Over the Road Racing
3463250,Idle Space Shooter
3383440,Digital Diamond Baseball V13
2399190,Star Quest
2442800,Luyen Nguc
2199640,Cyber Cartels
1883600,Find a way out: Abode of darkness.
3463240,Quadrivium - Paths of History
3598090,Knight Brawler
3383430,Internet Fisherman
3212240,The Vanishing
3011440,CLICKOLDING
2399180,"Oh Satan, I gotta hide"
2442770,Defenders of Legends
2199610,Lincoln Green
1746030,Murders on the Yangtze River
1350440,Cardful Planning
1460650,Lodestar
3819250,Trigger Land
3463220,Clockwork Palace: Mysteries of the Mughal Mechanicum
3011410,Don't Trust
2199580,Interstellar Pilot 2
2442760,Jorōgumo - じょろうぐも
3463190,Archaeology - Frozen Pirates
3383390,Tonya The  Killer
3212180,Nightmare Shift
3011380,Lamplight
2399160,Soulash 2
2199570,Station 117
1724060,Always The Same Nightmare
1542810,Sunshine Heavy Industries
1520460,Adventure Field™ 4
1253190,"Warhammer 40,000: Dakka Squadron - Flyboyz Edition"
3819200,Someone Creepy
3682910,A game about cards
3463180,Archaeology - Frozen Space
3383380,The Overground
2442710,Sex Survivals
2199560,Constructo - Dungeons Builder
2596420,Arranger: A Role-Puzzling Adventure
1398630,无限次元
3598040,Last Wave
3463170,Dyskairos
3383360,Sibling Souls
3011260,beyond.frontiers
2399130,Streamer Girl Simulator
2442690,Gigachad Survivals
2199540,80's Mania Pinball
1883580,Cactus Simulator
3819120,Kind() Station
3463100,Shameless Afterparty
3383350,Kinetic
3212140,Horde Together
3011230,Deckarium
2399120,EFGH Escape from Garbage House 【ゴミ屋敷脱出ゲーム】
2442670,SS.Archives
2199510,Herald: The Interactive Period Drama – Complete Edition
1745990,Lost but Lucid
1460610,hocus 2
1664430,SENSEs: Midnight
3819110,Hentai Furry Foxy
3597990,Arcane Seekers
3463050,Dreams of Aether
3212130,Stunt Bike Extreme
2442660,DanSparkling
2199490,Frupu VR Fruit Punch
2067490,Competitive Checkers
3463030,Death to the Universe: ACT I
3383290,Eternal Night Glory
3212120,OKeverything with 3000 beauties 2
3011200,Dead Zone Defense
2399100,Yuying Mansion
2442640,Wicked Wreck
2199450,Finding Fifi
1724050,Furry Shades of Gay 2: A Shade Gayer
3682760,Dead In Your TrackZ
3597930,Hamster Hustle
3463020,Phantom House
3212050,Putt in Parks
2442620,あまあま人妻包囲網 - Stuck With Naughty Housewives -
2399080,Idle Catfarmia
2199440,My Heart Your Soul
3819030,Just Work
3383260,Schematic Void
2442610,美人姉妹と入れ替わり生活 -Becoming Your Beautiful Cousin-
2199420,Brickadia
2399070,The Vengeance Of Lady Witch ARPG
1598010,Wild Dive
1883570,Supercow
3462980,Nirvana
3383240,Blockers - Advanced BreakOut
3011100,Synthetic Soul: Onyx
2399060,Dread Weight
1745980,PowerSimulator
1460600,What's Left Behind
1664410,東方実在相 ～ Dream Logical World
1378080,Sex Lady Sonia
3682700,"Girls, I just want to get paid!"
3597880,Cat Named Mojave
3383230,Meaningless Echoes
3011090,Primest Evil
2399040,Sentinels
2442550,Fluffy Developers
2067470,Idol Hell
3682620,SOS (Save Our Sandwiches)
3597840,赛博拼好团！
3383220,Lightmatter Anniversary
3462950,Icetwine
3211970,Furry Sexy Girls
3011060,Iron Village
2398980,Avenger Sharks
2596100,Lycans
2442530,Shards of Her
1724040,JIJImago(old & young)RPGmini
1520420,The Hopebringer
1597980,City 20
1883530,SnackHunter
3682530,尸来运转-Lucky Zombie Survival
3383180,Moon Keys
3011020,Dreamless
2442490,THE LAST BREATH
2199340,Smells Like a Mushroom
1542770,Pandemic by Prisms
1745960,Circuit Breaker
1460550,Ring of Titans
3818910,Gotchi Guardians - Tower Defense
3462890,Crowley Hotel. The JH Chronicles
2398900,Star Farmer: Warlock of the Universe
2199330,Aestik
2595940,Magical Bakery
1520390,Hotel Paris
1724030,Eyes of Hellfire
3597710,Rise of the Penguins 2: Penguin's Dark Ascent
2398880,The Mask Game
2442470,Mech Realm
2199300,Tower Skydiver
2595930,Jigsaw Advent Calendar
3597700,Obscula
3383130,Infinity R
2398870,OURWORLD
2442460,Citizen Sleeper 2: Starward Vector
1597970,Escape Room VR: Vaudeville
1883480,Hockey Shooter VR
3682450,Nina
3597690,Lights and Shadow
3383120,呪いの穢れ唄　鳴海龍也の回奇録
2398800,Wings of Angels
2442440,No Delivery
2595880,Stagelands – eternal defense
3682440,Othello: Battle Royale
3462730,Disaster Arms - Impact Project B.A.H.N.
2398760,Overdrive Escape
2442410,Colony City 27λ
2199270,Asian caprice
1664370,The Teleport
2595860,Hitler is my crush
1460540,Farlanders: Prologue
1378060,Hidden Lands - Spot the differences
2067430,Deadbeat
3682400,Parabellum: Siege Of Legends
3597660,Karim and the 60 Thieves
2398750,The Trade Prince
2442400,Sex doll came to Life
2199250,Utopia
2595850,Stronghold Siege
1520380,HALF DEAD 3
1724010,Need More Troops
3859720,Drow Space Shooter
3818780,Flight Weapon
2199230,The Winter Tower
2442390,Escape from the Room of the Serving Doll
2595780,Picture Everything: Puzzle Cross Galaxy
3859700,Your Very Last Words
3682370,Breakout Season
3462570,Tombs Of Myra
3383070,Cutie Panda: Find the Legend
2398720,Rune in the Three Kingdoms
2442380,SNK VS. CAPCOM SVC CHAOS
2199130,GourdsTown
2595770,PentaZorg
1597960,Ninja Brigade feat. Jonah Weingarten
1883450,The Darkest Road
3859690,Emerald Gallery: 2-Score
3462560,Retro Killer
3383050,貢げ！女神様
2398680,Niktophobia
2595700,IDILI
2199120,REACMaster
1745880,Glob Dash
1350430,Ravensword: Undaunted
3682300,Exile
3597590,Dungeon Mori
2398660,The Dream Labyrinth
2442260,Deal With Nyarlathotep
2595640,Move The Chains - Season 1
1664360,Monuments Flipper: Prologue
2067350,Phantom Breaker: Battle Grounds Ultimate
3859590,Battle Line the Rise of War
3682290,Peskit
3597580,Earthion
2398640,Noxious Weeds: Prologue
2442230,Brave Nine
2199060,Core Devourer
2595540,UBERSLAUGHTER
1520370,Mon Bazou
1724000,Time Lock VR 2
3859570,Dark City: Barcelona Collector's Edition
3818640,Band Together
3597530,Royal's Gambit
3383020,Ghostbreaker Corps
2398630,Holidays in Khrushchevsk
2199000,IMPOSSIBALL
2595530,The Masquerade
3859560,Dominated by: Yandere Goth Roommate
3818570,ANOVILL
3682260,GeTrix
3462330,Goldfish
2398590,Azure Orphanage
2442150,Heavy Metal Titans
2198980,Super Kick Off (Game Boy/Game Gear/Master System/Mega Drive/SNES)
3818530,Xastur Spa: Erotic Salon Tycoon
3859520,Meaningless Suffering
2398580,Cooktopia
2198970,Land of Towers
3211540,World Diplomat
3597480,HOMESICKNESS
3382900,HENTAI WITCH ACADEMY 2
2398570,D or D
2442120,drifter : wanderlust
2198940,Just Hit The Button
1664350,Ship Graveyard Simulator: Prologue
3382880,Amazon Animals
3859350,BoysQuest Find the Difference
3682110,RoadKill
3382870,Cheese Racer
2398530,Top PUA
2198830,Wet Sand
2442060,Nightmare Zapping
3211460,ABYSS SEEKERーーWhat Do You See Deep in The Abyss
3859340,Sex Game - Naughty Girls - Episode 1
3818380,Alphadia III
3682080,Gambler’s Loop
2398520,Classic Marathon Infinity
2442050,Edmund and Eliza
2198820,Baklava Simulator2
1745840,Love Hentai and Puzzles: Cyberpunk Babes
3818350,Pro Eleven
3682070,Widget Warriors
2398490,Classic Marathon 2
2442040,Swapshot
2198800,CRUMB Circuit Simulator
1664240,Venaitura
1460510,CAEDES
2067310,Neon Blood
3211360,Monster MILF Hunter
3597180,Graffism VR - Graffiti Simulator
3462150,Turret Baffler
3382830,Zombie Escape
2442020,Dangeresque: The Roomisode Triungulate
2198790,Chippy's Escape from Seaberry Keep
2707840,Steel Soul
1520330,TechBeat Heart
1723930,My Dream Girl
3859300,Dancing with Shadows: Prologue
3682050,Sickly Days and Summer Traces
3818270,Mythic Factor: Leaving the Labyrinth
3597150,Halftime Adventures
3382820,Stealth Strike
2441960,Maginet
2398450,Classic Marathon
2198770,LUMbA: HANGOVER
1545850,Tetragon
3818230,Maru Expedition: We can fly
3462110,Poopy's WONDERLAND
2398430,Perfect  Dice
2198740,One Wheel Guy
3211290,THE GENERAL SAGA
3462100,StripBrickBreakerSimulator♡脱衣ブロック崩し♡シミュレーター
2398410,Hyper Hentai Sexy Sensei
2441890,Nevultra
2198730,Adventure Awaits
1883420,The Oathkeeper
1745820,Love Hentai and Puzzles: Dungeon Boobs
3211280,Electro Bop Boxing League
3859220,Wild Wild Westbound VR : Being Jude The Lawless
3597020,Becoming a King
3462040,ACS
3681940,Hidden Cats: Rome
3382750,Dark of the Depths
2398370,Don't Drown
2441700,UNDERDOGS
1664220,TRAIL OUT
1460490,Majikoi! Love Me Seriously!
2067300,Crossfar
3211250,Morphing
3681890,Day X
3462000,Lobotrypo
2441670,Carnival in the hut
2398360,Destroy the Wall
2198680,Dead Town Tales
1520310,We'll always have Paris
1723920,DANGER: ELECTRIC SHOCK
3461950,Reioku - Ghost house -
2398350,Eclectic Expansion Enterprise
2441630,The Necromancer Cometh! TD
2198650,Surrealidade - Definitive Edition
3211210,Hentai Castle
3818120,Dominated by: Yandere Goth Boxer
3681820,MoonMiners
3382670,Polterparty
2398310,ALTER EGO
2441620,PIVERANTUM
2198640,Digital Eclipse Arcade: Candy Creeps
3681810,Blue Protocol: Star Resonance
3461920,The Boba Teashop
3382660,Pizza Blitz
2398300,Chris - The Element Runner
2198590,Death Unphased
2441610,Debug Quest
1883400,The Exodus
1542610,MOF
3859100,Bastion of Valor
3818080,女皇请调教男宠-策略.卡牌.养成.游戏
3461910,AudioRace
3382610,Gold Miner: Return to Glory
2398290,King of the Arcade
2198570,Neopunk
1664200,Duelists of Eden
1460480,On Key Up: A Game for Keyboards
2067280,Devil Dead
3211050,The Comeback Kingdom
3859090,Reverse Fishing
3596760,Short Stax
2398260,池畔追思 Poolcore Reflection
2198560,Mancala
2441580,Hexaduel
1520290,Crumbling City
1723790,Empire Takeover
3211030,Stackables
3859080,Waifu Slumber Party
3681760,Astral Takers
3382590,終わりの鐘が鳴る前に Chapter3
2398240,Milites Fortunae
2441530,FINAL GOAL
1339360,Soulace
3210930,Impersonal
3681750,Summer Passion
3461800,Devil Jam
3382580,小明明的世界
2398220,The Hero's Way
2441500,Kid Bubblegum
2441470,Elements: Path of the Wizard
2398190,Labophobia
1745800,Doom Work
2067270,Herogue
1252850,PRIMAL DUNGEON
3210870,Mouselash
3859030,Gluon
3681670,衔言碎语
3817980,Curse of Woney
3461730,Meow Tower - Doomsguard
2441360,"Get Me Out, Please"
2398170,BORE BLASTERS
3382500,A Coloring Break
1520280,HENTAI CLIMBING
1723780,Finnish Cottage Simulator
1339340,The Unbeatable Path
3461680,Restoring the Past
2198400,Yes Comrade
2595030,Final Hour
1532150,LineArt Jigsaw Puzzle - Erotica 3
1733250,Turbo Kid
1664130,Mighty Chameleon Brothers
2441300,Poly Jigsaw: Predators
2595020,TETHER BRAWL
1733240,Phantom Fury
1398410,Reginald's Death Arena
3817930,Tombs & Trials
3596610,Whotfire
3461630,The Lustful Inn of Female Adventurers
3053500,Jeff The Janitor
2441270,Kill The Crows
2198370,Redeemart: A Convenient Apocalypse
1733230,Vortex
1532110,Curatours
1745790,City Zoomer
1252830,A Juggler's Tale
3817910,Tung Sahur Zombie
3596580,Temporal Gunslinger
2441260,Event Race
2067260,Reflection: The Greed
3817900,Whispered Secrets: Cursed Wealth Collector's Edition
3461610,Wonderland on Desktop
3053420,An Unexpectedly Green Journey
2398030,FPV LOGIC
2594970,Botanical Chronicle
1733170,Killing Time: Resurrected
1723770,Heart Of Altai
1520270,Kyvir: Rebirth
3817860,LIGHT-BRINGER
3596510,Taking London
3461600,Cybersim: Noetic City
3053400,Prime Mosaic
2398020,Tuk Tuk Race
2441200,Trauma Squad
2594940,Signal
1733140,n2222
1531940,CONNECT
3817850,Pumpkin Simulator
3053390,家屋探索 -Japanese House Exploration-
2398010,POLYGON游戏编辑器
2441190,Flowerpeer
2594870,Lethal Beach
1733110,Of Life and Land
2198280,Prehistoric Warcraft
1531930,Rubicon : a conspiracy of silence
1398400,Florida Man: Hurricane Hijinks
3817830,Ominigun
3596410,Rock and Scroll
3053380,Fables Mosaic: Snow White and the Seven Dwarfs
2398000,Mega Maze
1733090,Station 35
1531800,Retro Racer
1460300,Kittens' Maze
3817790,SnaiL TraiL
3461520,Egg Chicken Farm
3053370,The Way Down
2397950,蒼い夏休み
2441170,MagicShop2
2198220,Dawn of Mages
2594810,Pirates Of Gensokyo
2067240,灵境三国
1733080,Creatures Of War
3817760,Trash Collector Simulator: Survive Edition
3596370,Bearly Escape
3461510,Bug Bait
2397910,Transfusion
2198170,Street's Disciple
2594740,Crystal Fortress
1733060,Ever Seen A Cat?
1531780,废土黄昏 Dusk of the wasteland age
1723760,Sorcerer Knights
1520250,Gnome Jigsaw Puzzles
1313700,COVID Kawaii!
3817740,Observer Protocol: The Station - Final Shift
3461500,Arthur's Thinking Games
3053330,Fables Mosaic: Cinderella
2397880,A Maze Dream: the puzzle journey
2198150,Tiny Glade
2594730,Daydream Mosaics 4: Shades of Blue
1733050,Stardander School for Witches
3817730,Space Alien Hangar
3461490,Arthur's Camping Adventure
3053320,Fables Mosaic: Rapunzel
2397840,Owinka Shooter 2
2441120,Viking Heroes 4
2198120,Dragon Inn
2594720,Escape from Manimal Island
1733030,Knights of the Tiny Table
1531680,修真之路
1883320,剑与桃花 the sword and peachblossom
3817720,Genki Break!
3596280,The Nursing
3461480,The New Kid on the Block
3053310,Fables Mosaic: Little Red Riding Hood
2397830,Hexa Puzzle Saga
2441100,Unrooted
2198110,ClinkClink Tag Game
2594690,Seraphim
1733020,Climber Girl
1531650,Senators Praetorians and Qualified Gladiators
1745750,Occult Crime Police
3817690,Escape 9 to 5
3596240,Assault Armored Girls War Vasileia
3461460,刑死のためのカウンセル
3053300,Dusty's Sweeping Cleanup
2441090,Adorabilis
2198070,Cardboard Town
2594640,Taora : Beginning
2441080,Godsvivors
2198030,Iron Mandate
1807980,Rhentsu
3053200,Cult of the Dragon
2397700,Crystal of Atlantis
1883280,Drag Battle Top Fuel
1531580,Dimensions Puzzle
2197980,Pocket Planet
3817600,Delivery Up Together
3461300,I'm Truely a Good Guy!
2397690,Blooby Block
2440970,飞仙诀(福利版)-上线送V15+万元真充+无限抽奖
1732840,Destruction Dummies
1531550,Megacraft Hentai Battlegrounds
1745740,Laserboy
3817570,Sister Sophie's Creed to Breed
2397630,Bad Egg
2197960,House of Jigsaw: Masters of Art
2594580,Weird Meese
1732800,Cascade Tactics
1531540,Distant Worlds 2
2197930,Bakken - Ski Jumping
3596030,Sweepin' XS
3461280,Poly Up
3052850,タイピング × 音ゲー BeatTyping
2397600,Realms of Flow
2594560,Devil Seeds
2440950,MaidGardener
1732760,ENF Novels: Dress Code
1531490,Harmony's Odyssey
1313630,Pursuit of Redemption
1520200,Challenge racing
1339260,末代侠客
3817260,The Myth of a Godslayer
3596000,Show Me The Money:Desktop Gold Rush
3461270,XenoHaven
3052820,DarkBlood -ReVerse-
2440940,JUMPING JUMP NINJA
2197910,Dawnlands
2594540,Motel Manager Simulator
1732750,Havsala: Into the Soul Palace
1531460,Distorted world
1664090,Magic gems
3595980,Fortune
2397500,The Smurfs 2 - The Prisoner of the Green Stone
2440900,Tag Online
2197890,Paranormal Cleanup
1732740,Sakura Hime
1531340,Seasonspree
1398300,Suspicious Shuffle
3595960,U桌球U
3052740,CaveLoop
2397490,The Tarot Experience VR
2440890,Nobody Nowhere
2197870,Married Woman Cosplay Life
1732730,Captures II
2594490,Project N3T
1723740,Pots and Potions
1745710,"Cato, the cat"
3461220,MonsterEnd
2397450,Dust Raiders
2197840,EXTERMINATOR
2594480,Harmonic Depths
1732720,周松传
3595900,Pomodoro Train in Japan
1531290,Nebuli
3817170,SGS Avalanche
3461210,My Bird
3052700,Records of the Flycatcher
2440810,Murder at Mystic High
2197830,What A Ball
2594470,Bit Tower
1732660,Car Wash TD - Tower Defense
1531250,Defend the Rook
1520170,Sexy Sniper
3817110,CAPTAIN FIRAT
3052650,Super Alien Sniper - Super Realistic Simulator
3461200,Matchmania Donate
2397420,Hot Candy Land
2594430,Color Collar
1732650,Fighting Robots
1531230,Match Puzzle
1664060,Idle Monster Frontier
3595850,City of Spells
3817100,W|RE
3461190,Magatch
3052610,Realm of oblivion(soul like)
2397400,Unnatural Season Two
2440750,Silent North
2197780,Nash Racing: Pursuit
1732590,玄龙山
1531200,Pixelstar Hero
1342260,SAMURAI SHODOWN
1883260,Little Noah: Scion of Paradise
3817090,Vigil
3461160,Power heros saga
3052550,NINJA HAYATE HD-Remaster
2397380,The Cold Hand
2440730,Snoody: One of the Ayrie
2197760,Midnight Scenes: From the Woods
2594400,Landlords & Tax Evasion
1531190,Paper Glider
1723730,Me Vs You
1252710,Cardaclysm
1745700,Impossible Slasher! Hack and Slash
1460220,Evil Nun: The Broken Mask
2397370,Missile Collector Man
2197750,CAFE 0 ~The Sleeping Beast~ REMASTERED
3595800,ROAD59　A Yakuza’s Last Stand
3052520,Volleyborne: Unbound Horizons
2440710,Surface Runner
2197740,Goblin Dungeons
1732480,Takkoman -Kouzatsu World-
1531140,Victoria's Body
1313580,CryptoClickers: Crypto Idle Game
1520160,Chrono Sword
3817050,SlimeCraft
3461110,Berry Picker
2594290,Warlords Battle Simulator
1732430,Neighbors: Suburban Warfare
1531070,Sixth Extinction
1664050,Tricks Magician
3817040,Simogo Legacy Collection
3461090,"Run, Veggies!"
3052500,ColdRidge
2397260,Loot and Shoot
2197680,That Time I Got Reincarnated as a Slime ISEKAI Chronicles
2594280,Bloxtacle Course
1732420,Spanky!
1531040,Pavlov's House
1883230,Clive vs Hives 2
3052480,Dear His Majesty
2397250,Big Helmet Heroes
2440620,Rocococo Audiogame Fantastique
2594200,A Touch of Magic
1732390,Nayuta no Kiseki: KAI
1531030,NORSK: Epistle
1723720,Suddenly Meow
2197600,Chess Royale
2594110,Endure The Swarm
1732330,Ys IX -Monstrum NOX-
1531010,Collisus
1520150,Witch's Reign
3816960,Bullets tracks: Son of
3460950,Pillow Fight
2397140,TOKYO PSYCHODEMIC
2594020,Oxytone
1732310,Her Jentle Hi-ness
1531000,Crime Stories 2: In the Shadows
1664010,Dungeon Crawler Daniel
1398220,IMPAVIDVM
3859020,Orbital Purge
3052320,Ground Mine Girl 
2440550,Dungeon Rebound
3010980,GODPROOF
2197550,Love Quest
1883220,Herbheim's Mine
1732270,Tanhaji - The Lion Maratha Warrior of Ch. Shivaji
1723700,Remy Raccoon and the Lost Temple
3858990,Watertight
3382410,Isla de la Muerte
3052310,Monster Ops 4
2440520,LuLu's weapons shop
2197540,Welme
1745680,Odd Remedy
1732260,Lucent Bounds
1460200,Merge Nymphs
3681580,Bowlers : The bowling experience
3052220,Red Door Ylw Door
3382390,Ludiger
2440510,Forza Motorsport
1530890,Car Constructor
1732240,Virtual Journey Into the Metaverse
1520130,Midnight Memories: Sonata of the Soul
3858940,Meeting Places
3595560,ZetaZania Part 1: Vampire Pirates from Uranus
3382380,Qoob
3052190,Furry Senpai: Bear in the Woods
2440500,HeroSquare
1732220,The Crown of Wu
1530860,Mental Hospital VR
3681480,Nightmare Visions Chapter 1
3595490,Pussylympics
3858890,Sweet Promoter
3052150,Split Fiction - Friend's Pass
3382360,My Dear Can't Speak
2440480,Green Zone
2197500,Mining Copper
3010910,College Gay Sex - Episode 4
1732210,Tile Runner
1663990,The Dragon and the Djinn
1398210,Selene ~Apoptosis~
3681370,ABYSSAL BLADE
3858850,Hydra Heli
3382350,Just Another Supermarket
3052140,Destroy All Letters
2197490,White Mourning: Museum In Pale
2440400,LOVE girls
3595460,Tiny Vending Machines
1723680,LOFI Katana
3051960,Nitrogen Narcosis
2440380,Megaloot
3010870,Match Tree
2197470,PUTTZZLE
1745650,Dat Hentai Game
1252630,Flip Tale
2000980,Maku
3681310,My Mentally Unstable Streamer Girlfriend Is an Abusive Sadist
3382300,Sovereign Brain Empire
3051950,Puddle
1732170,Seqitaire
1530760,Kaigrad
1520120,Death Dream
3681280,Anime Girls Fantasy Desire [UNCENSORED]
3858620,Citadel Siege 2
3595440,Study Arcade
3051910,Sudoku Topology
2197430,Knockback Knockout
3010840,Alpha and Iota
1732140,Motivational Hero Vol. 2
1530750,EVERSLAUGHT
3595430,Business Empire - Online Board Game
3382280,HuntNPrey
3051720,Bloodcrave: R18 Prologue
2440320,Gobbo goes adventures
3010830,Trash Battle
1732130,Motivational Hero
1663970,The Play's the Thing
3858570,iRobot Factory
3051700,The Overseer
3010810,Ball In The Box
2385800,A Good Place To Die
1883200,Hentai Lagoon
3681230,Observe
3858560,TunTunWorld
3382240,恋爱猪脚饭
2440280,Sqwrk
1745640,MACE: Mapinguari's Temple
1732110,Ludicrous Leap
2197360,Hot Heat Reset
2000970,Beacon of Neyda
1252600,ANOTHER EDEN
3858550,CHAINED FUTURE
2440270,Sex Simulator - BDSM Girls
3051650,Young Detectives: Holidays
3382220,OVERDOSE
2197340,TinyTiny
3010760,Cadoom
1530670,Buyhads
1732090,Words Can Kill
3681160,Desktop Slot
3382170,Revival and Exploration
3051640,Young Detectives: Space
3010670,Two Doors
2440220,Warbyte: Operation Falcon
1732070,ZHP: Unlosing Ranger vs. Darkdeath Evilman
1530660,Paintings Thief
3681140,Operation: Surface Takeover
3858510,Mutual Harrow
3595280,Airplane Racing Championship
3382110,-ing Angler
3051630,Young Detectives: Undersea
1732060,Makai Kingdom: Reclaimed and Rebound
1663950,Battlemage: Magic by Mail
2440210,Lost Beacon
1377590,The Island
1342220,Jurassic Fantasy
3595270,Call of Duty®: Modern Warfare® III
3382100,Pocket Oracle
3051620,Young Detectives: Animals
2440200,AURA: Hentai Cards
3382070,Queen of treasure isle
2440100,Quintus and the Formidable Curse
3010560,Blessed Curse
1731930,Engineer Alpha
3858370,Figure Shop Simulator: Prologue
3051580,Nexus of Fate
2197170,Aswang Detective: The Case of New York
2440080,Marble Abduction! Patti Hattu
3010520,Pub Sim
2187060,Princess Cage
1731880,Upgrade VR
1520090,Jin Conception
3595180,The Sex Adventures of a Gladiator
3381990,Gacha Addict Simulator
3051520,Unlighted
2197160,Castle Of Secrets: Prologue
2440060,Rush On
1731870,Viral Firar
1530470,Daymare: 1994 Sandcastle
1663940,Academy of Magic: Dark Possession
1377580,Soulworker
3858270,Poligons
3381970,Super Pump
3595140,ORION SHOOTER - オリオンシューター
3051490,Nicktoons & The Dice of Destiny
2385720,The Police Mystery
1883120,Lofi Furries
1731860,Space Adventures
3595130,Syvnta: Sovereignty
3051480,Disposition
2197130,Wintersdawn in the Deep
1745560,The Oldest Edda
1731850,Prop Factory
1542330,Assimilation X
3010480,Shadow Trick
2000950,Call of Duty®: Modern Warfare®
1339000,Aquarium Designer
1460080,Stasis Valley
3381940,Crazy Eyes
3051470,Kaya's Prophecy
3010470,Particle
1530370,Speedy Gun Savage
1398170,Mourning Inc.
3680920,Louis Charles In The Louvre
3858230,Toto à la plage
3381930,Klepto Sauria and the Crystal Knights
3051380,Lofi aquarium
2439980,Glitch Core
2197050,Xmas Apocalypse
2187050,Blackout Football Manager
1731820,DEBIE ZONE
3010460,Backroom Company
1520060,Sheep Love
3680910,Book Travelers II: A Royal Story Collector's Edition
3381880,The Corn Maze
2197030,Big Survivor
3048300,Dual Eclipse
1731730,Snowyland
3010450,EVERCHAINED
3680900,Future War Tactics: SOF vs Alien Invasion – Turn-Based Strategy
1663930,ColorBlend FX: Desaturation Prologue
3858150,Little Aquarium
3595010,Placid Plastic Duck VR
3051280,Haven & Hearth
2439870,Super Archer
2197020,Remote Planets
1731720,FURRY SEX: Cabaret 💋🔞
1883110,小艺的异世界冒险-Xiao Yi's strange world adventure
3858140,Don’t Touch the Bug
3595000,Farkle with Friends
3381780,Caveman hits Giraffe in a Car
2439830,Demon Loop
2197000,DrugRunner
3010320,Warp speed: Infinity
3051270,FPV Worldwide
1731700,Escape The Outbreak
1723530,Stones Keeper
1460070,Is It Wrong To Try To Rescue Monster Girls From The Inquisition?
3680860,Solitary
3858130,DOLJNIK
3381760,Plant poker
2196980,Arcadie: Second-Born
3010300,Color Gungeon
1731690,Night Darkness
1530280,Pixel Game Maker Series Puzzle Pedestrians
3680790,Chroma Blasters
3858120,Chess of Fortune
3594980,Kings of Cratia
3051240,Hungry Meem
2196950,Load Slinging VR Training
2439810,The Adventures of Nerdstan
3010290,Heroes of the Seven Islands
2187030,Blue Funk
1731630,Extrorb
1575060,Ahri and Bear
3680770,Dungeon Star
3051220,Orion Defense
3381650,Super Silent Sensei
2196930,Maintenance Safety (Pipes and Acids) VR Training
1330190,A Town Uncovered
3381510,Nephilim
3051180,The Man in the Fields
2439780,Godzilla Voxel Wars
1731520,Ark Mobius: Censored Edition
1530240,Toodles & Toddlers
3680750,Cats Ritual
1883090,The Symbiant
3857980,Anyone in the house？
3594780,Blackjack 21: Blackjackist
3010250,Whisper Forest
3051170,Orcs like to fuck elfes
1731470,Storms 2
1723490,Fantasy Jigsaw Puzzle
1542280,明星志願2
1252480,Plasticalypse - Submarine Adventures
1460050,Adventure Bit
3857970,You are a Fucking Idiot!
3381430,Siege of Shadows
2439760,要来点百合吗 Love Yuri
3010230,Grand Fantasia : ORIGIN
2196870,Clouds Ahoy!
1731460,LEGO® Brawls
3680640,Living Nightmares - False Familiar
3381420,Dreamcore Retro
3051110,Momentum Mayhem
2196850,Soul Survivor: Trials of the Goddess
3010200,SPACE
1731450,Yarn
1530160,Digimon World: Next Order
1530140,Aventura Copilului Albastru și Urât
1338940,Head AS Code
2000890,MechWarrior 5: Clans
3460920,Void Frontiers
3381330,Sexuality in Ancient Rome
2397120,subpar pool
2439720,WastelandElysium
2196790,Jianghu Survivor
3460910,Whale Flesh
3210840,Ninja Numpties
3381320,Cave Crusade
3010140,Hellfire Rampage VR
2397110,"Finally, in Love Again"
2439710,Skybreakers
2196780,ANXRacers - Drift Space
1731360,中国战疫
3680520,Tring!
1398110,Space Pirate King
3381310,畜神
2397000,No Border
2439700,Multitales Online
2196770,Spartacus: Born to be free
1663870,VALAKAS: Immortal
1731340,YARG
3680510,Sip Fisher
3381300,Steam & Iron. Battle of Port Arthur
3816890,Still It Runs
3460840,Gloamvault
2396990,Fate/hollow ataraxia REMASTERED
1377450,Knell of St. Godhrkar
1960400,SokoChess
3816860,太和的疯狂农场 Taihe's Crazy Farm
2439660,The lost adventure
3460800,Hidden Cats: City
3210790,The Stairway
3010090,Aaero2
3381290,LIBRA: There Are Two
2396980,Fate/stay night REMASTERED
1731270,Global City
2000800,B-17 Flying Fortress : The Mighty 8th Redux
3460790,Hidden Skulls
3381190,I Am Motherfucker
3210750,Unprotected
3010070,Man I Just Wanna Go Home
2396910,吞食天地2：誕生Reborn
1731260,Sketch Crawler
2196700,My Swordsman
3680420,Green Ember: Helmer in the Dragon Tomb
3816820,Backrooms Union
3460780,Hidden Cats: Japan
3381170,Backrooms: What's Next
3210730,101 Cute Dogs: Find & Paint
2396900,Enspell
2439640,Old Boy
2196680,CHARGED: RC Racing
1731240,OnlyFuck 2: Scarlett
1313290,Let Them Trade
3680410,Tears of Vanfell: New Beginning
3381140,XIII - A Final Game of Tarot With Death
3210720,Harvest Village
2396860,～ Innocent Stuck-up Girls! ～ 肉食ギャルは清純派！？
3010030,BlockWorld Ai
2439620,Nun and Light's Unreachable Forest
2196640,Engine Evolution 2023
1663860,The Guardian Stone
3460690,Finding Chuchu
3010020,Puffer Bounce
2396830,Boxed Tower: Actual Tower Defense
2439600,depthminer
1731200,TRATRITLE
1377430,Sword Reverie
3816700,Logic Bombs
3460680,WonderLang Italian
3381120,ZDSimulator
2396800,ボクらの消しゴム落とし3 世界編
2439580,Hawaii Detective: Killing of a Krypto King
2196570,Escape!!
1560480,Huckleberry Fields Forever
1723440,Space X Collector
1542140,Mage Noir - Infinity
3381080,Hentai Aina
3210670,College Gay Sex - Episode 6
2439560,Alice's World
2196560,My Little Sister Fiona
2000780,Mole Maiden
1252400,Discord Rich Me! Engine
3460570,Deck Combo
3816550,BAKU -バク-
3381030,Hungry
3210650,Petrified Pawns
2439550,Cyber Dose
3680230,The Binding Hour
3381010,Catch Me
3009920,Cook For Love
2396740,Morningstar: Book of the Fallen
2439540,Solemn Knights: Entirely Ours Classic Edition
1731120,Cloud Escape
2196490,Lust Element - Season 1
3460530,Forsaken Island
3380980,The Nutcracker of Riepass (Nymph's Tale ep 2)
3210590,Massi vs. José
3009910,Build A Friend
2396690,Just Life: A New Farmer's Story
2439530,Lisle Engle Heavy Distance
2196440,Gray
3460520,Game Room
3380960,Kalnazar
3210570,Level up Everything!
3009900,System Malfunction
2396680,Madness Chambers
2439510,Doomsday: Last Survivors
2196430,Final Age
1807610,Skeleton Scramble Deluxe
1723420,Zombie Hunter
3460500,KeyLess
3380950,DISCOPUP
3210520,Hotel 12th
3009890,Thebes
2396670,Mystic Mischief
2196420,OnlyFap Simulator  4 💦
2124390,Flagi
2000770,Ballance
3816400,Super Carpark Walking Parking Simulator Turbo
3380940,Paw & Hop Jigsaw Quest
3009850,Hard Time III
2396660,Anchored Hearts: A Tale of Destiny
3009820,3D PUZZLE - Hospital 4
3210330,Orbi Universo II
2196390,2022生存指南 2022 SURVIVAL GUIDE
2396630,Unsupervised
1730980,死前30天
3816300,Dungeon Market Simulator
3680080,AI PAINTER: Painting Simulator
3460370,Virgin Simulator
3380860,Drone:Modern Warfare
3210270,Streets of Rageness: Beat 'Em Up Fighter
3009800,3D PUZZLE - OutPost
2396620,A Hint of Purple
2439370,Eco-friendly Car VR Maintenance Training
2196380,Candy Maid
1723400,Infinite Cube Defense
1338840,Death in the Water 2
1807600,Fatal Paws
3460340,디시인사이드 중붕이의 모험(Joongboongi's Adventure)
3380840,Snack Them All
3210260,Dark Descent
3009790,3D PUZZLE - Rusty
3680070,Sparkle Pop
2439350,Lowlander
2000760,Boiling Point: Road to Hell
2124380,Super Lesbian Animal RPG
2196370,Cherry Lady
3816270,EMON
3380830,КВАДРОБЕРЫ
3210180,Halloween: Trick or Treat 3 Collectors Edition
3009780,3D PUZZLE - Underground
2396530,Brainroll
2707310,LustVrStudio
3680040,Clean Freak! Perfect Cook!
3380820,ReSpaced
3210160,16BitSurvivors
3009770,3D PUZZLE - OldHospital
2396510,Castaway Station
1730910,Hero Road Online 
3679940,Flappy Harpy Daddy
3460310,Ocean Otter Climb
3380810,Wild Snap
3009760,OCH NOE -thegame-
2396450,Violent Selection
2196320,Space Yugoslav 2D
1730850,Treasure Girl 3D
3460280,Unique Ladies
3380800,Turbo Balls
3210120,The Elf on the Shelf®: Christmas Heroes
3009750,Dimensional Phobos Threat
2396400,Canvas Menagerie
2439220,Disney Villains Cursed Café
1730840,Fantasy Gardens
1807590,SALVATIONLAND
2196300,GrassGames Hearts 3
1723390,Feline Sweet
3679920,Favela Defender
3210110,Beyond the Marion
2396380,黑暗塔 (The Dark Tower)
2439180,Square Inertia
2196280,查理公馆事件簿
2000750,Jigsaw Puzzle - Swingers Party
3816170,VHS Collection: Buried Alive
3460220,Coin collection challenge
3380760,2024: Mosaic Retrospective
2439120,DROPSOL
2396350,Hentai Beach Memories
2196270,KABENAGURI
2707300,Cosmic Collapse
3460190,Color Madness
3380740,Boo! Are you scared? The Chests Game
3210080,Railroad Manager
2439100,ABEL
2396340,Their Majesties' Pleasure
2196240,Furry Survivals 18+
1730800,Neutron and the Tri-Spark
3679870,CaLLMara
3380730,Dominated By: Sadistic Delinquent
3009640,"Sakura, The Jirai-kei Magical Girl"
2396330,Forbidden Magic
2439020,Hotel Simulator 2024
2196230,SlasherRPG
1663650,Knife To Meet You
1960380,čeke ceké
3816070,Farm and Dishes
3460150,Mighty Wars
3209980,Harpagun
3009600,Crossbow Quest
2396320,2023: Alien Bugs Invade Earth
2439010,Unibat
1730760,Color Connect VR - Puzzle Game
2196210,Orbit
1723320,Girlfight 2024
3460110,Breaker of fatalism
3209970,MudBlood Prologue
2396300,My Life of Repayment
3009570,StreamLove Voyage
2439000,Alien Protection
2196190,Sky Base Venus
3816010,Cat and Shadow and Death's Four Friends
1252330,DEATHLOOP
3460100,Hit and Stand Blackjack
3209960,"WiThu, It's Time To Go"
3009560,Tales of Fearless
2438990,Ark Nova
2196170,Clad in Iron: Chincha Islands 1866
2707280,Wargame Construction Set III: Age of Rifles 1846-1905
1313140,Cult of the Lamb
3679690,Duskmarch
3460060,Bakken - Ski Jumping 2025
3380620,Shoestrings Story
3009540,The JerryMaya Detective Agency
2396240,SteamWorld Heist II
2438980,The Isle of Cats
2196150,Castle Defense Battles
1730700,We Love Katamari REROLL+ Royal Reverie
1745380,UNDER the WATER - an ocean survival game
3815990,Spreadsheets and Nothing More
3460050,A Sexy Tour With : Tanvi
2396220,InfiniPicross 3
3009530,Surgit
2438970,Cascadia
2196140,HellRazor64
1730690,Anxiety Treatment with Relaxation
1663640,The Last Oricru - Final Cut
3815980,火线战争The Warfare
3460040,梦境管理公司：梦魇清洁工
3209920,Bathhouse Creatures
3380580,Psynostic
3009500,Sweep Maidens
2396200,Letalis
2196120,Baker Business 3
1730680,Klonoa Phantasy Reverie Series
1807570,Idle Fields
1560450,the Sequence [2]
1519880,Skullbangers!
1723260,CaseCracker
1338790,Good Mourning
1542010,Mariuccha Alchemy Queen
1730650,REQUISITION VR
2396180,Dragon Wings
3857830,Ball Tag
3009470,More Panda - Slot Creator
2396170,Byte Wars
2593970,Blocky Farm
1663580,Thrice in a row: A new adventure
1730630,The Dawning Clocks Of Time - Director's Cut
3209760,Trigger of Time
3009460,Isles of Silence
2396160,Paper Flight - Relic Hunter
1730590,The Entropy Centre
1807560,Blade Walker
2593960,JKEnterprises
3815750,SEVERANCE
3209750,STARIO: Haven Tower
3051050,100 Aztec Cats
2438780,Mythic Battlegrounds: Demonic Siege
2396150,Paper Flight - Future Battles
2593940,Sushi for Empress Setsuko
1723190,Lenny Loosejocks Goes Walkabout
2000590,Alvo VR
1252300,RetroMania Wrestling
3815730,三國.爭霸
3459930,‌Lexis
3209730,幸运英雄LuckyHero
3009430,zoomies
2438770,Chores of Corruption
2396140,Paper Dash - Ghost Hunt
2593900,[Chilla's Art] The Kidnap | 誘拐事件
1730550,Panta Rhei - Guardian of Time
3857770,Backmooms
3459920,Fractious
3209700,SideQuest Hunters
3009410,Moor Rail
2438760,EOS-503
2593870,Football Heroes League
1730540,Alchemistry
3459910,Evaluate
3009360,The Moments Before Death
2396120,Atom☭grad
2438680,Airborne Empire
2593850,Mech Academy
1745360,Dynacat
1663560,G-MODEアーカイブス15 ちゅら島暮らし
3857740,Laura Lustful Secrets
3009330,Solridge
2396090,Aery - Flow of Time
2593830,Youlogic
1381070,Unyielding
1730500,Object Ward.
1807540,Cat Swap Tiles
3815530,Cockroach!
3050920,Journey of Rune
2396060,Survivor - Castaway Island
3009320,Rectangulong
2593810,Battle of Rebels
1862420,Spryward
1723170,摸金校尉之九幽将军
1338770,Sniper Ghost Warrior Contracts 2
1904320,Animaddicts 2
1541890,Private Agent
2000570,MonGirl Expedition
3815510,Hentai Bae Pinky
3209620,The Ethereal Dream
2396010,Laugh It Up
2438610,BE 忍者
2593790,Sqube Escape
3815470,The door you can never open
3857650,For Zekyll
3459860,Hentai Shop Simulator
2396000,Poly Jigsaw: Dinosaurs
2593780,Re:Lord – Tales of Adventure
1730450,Fira
3815430,Steve
3857590,Wish Upon a Cat
3459850,Monster Girl Saga: Fallen Heroes
3009270,Takeover
2438540,Sci-fi builder
2593770,Project Chimeira
1730390,Your Show Has Been Cancelled
1663450,Code Correction
3857460,Ave Trail
3209480,Last Report
3050800,Pico Pico Dungeon!
2395940,ArchiHexago
2593760,Kudos 2
1730380,World of MiniMonsters
1807500,Invisible Places - Pixel Art Jigsaw Puzzle
3459830,Sweet Glassirl
3209450,Pinball Neon
3050760,Sidereal Dominion: Avalon
2395910,Werewolf Pinball
2438490,FireRun - 逃生門
3009240,Miner Vidis
1730360,I'm on Observation Duty 4
1338730,Paramount Hero
2000560,Shori Conquest
1252240,Aeon Drive
3815310,Monster Mage Maze
3857420,Sasaeng | 사생
3459810,扩张吧王国 Expand the Kingdom
3050700,Storm Cleaner
2395900,Halloween Pinball
2438460,Evil Robots
2593710,Cyberpunk: Red-Light District
1730340,FBG Arcade Machine
3815290,The Sovereign
3857410,Platform Vault
3459760,18th Floor
3209400,100 ANIMALS ON AN ISLAND
3050690,Sweet Neighbor BB
2395890,Mummy Pinball
2438440,Hammer of Pain
2593680,與魔共舞 我的頌歌
1730310,The Lonely Helmet
3815170,Innkeeper VR
3857380,NIGHTRAVEL
3459740,Cemetery Warrior 7 Boss Rush
3009080,Wired Gambit
2593660,Halloween Naughty Girls
1730290,TripSync
3815160,Nexen
3209330,Ribbet
3050640,WhereHurt
3009070,Wurzelnsisters
3459690,Method
3050600,Exorcist: Reviewer of Minds
3009040,Roswell Ranch
2395820,Safari Pinball
2438330,Pale Coins
2593580,Village
1730260,Retro Gadgets
1579380,Shadow Tactics: Aiko's Choice
3459680,Indicate
3050590,Mortal Trap Dungeon
3209300,RETRO ROBOTS 2D
3009010,Bad Cat Good Dog Alien Force
2395810,富豪派对重制版
2438290,Hanctt Origins
2593570,DDS x Narcos
1730250,Pan'orama
3815120,BIT LOST
3459670,Run Jump Climb Disarm
3209280,Asylum of the Forsaken
3008970,click to twelve
3050580,Dras'lia
2593510,Sex Story - Cuckold Life - Episode 7
2438270,LandFall Survival
2395790,Shark Pinball
1730240,Cruise Ship Manager
1663410,Happenlance
3857190,Plant Plots
3209240,Canvas - The Board Game
3050540,Founder of the Final Cult
3008960,Dungeon Reborn
2438260,Tiny Kingdom
2593450,Furi Demake - The Chain
3815050,RESTORER
3857180,Neo - The Rainbow Sorcerer
3459600,TERASLIDE
3050530,Shokudo Underworld
2438240,Demonic Episode
2395760,MagicCraft
2593440,Balling Up
3008950,Twisted Screens
1807460,Crown Delights Deli
1519780,Citor3 Santa's Elf VR Adult XXX Game
1904220,我死后的那些天-After Death
1252210,Guile & Glory: Firstborn
2395730,Spiral Up
3815040,BODYguard: CellWars
3857170,Space Depot
3459590,TETRA's Escape 2
3050520,Landlord and the Tenants (Nymphs)
2438230,桌球大比拼
2593420,Trading Simulator
1730170,Bull3000VRTS
3815000,Geamana Village
3857120,C4 Clicker: First Mint
3459580,Brainwasher™
3050490,TIMEGAL HD-Remaster
2395690,Hentai Casual Jigsaw - Zombies
2438220,Divine Guardian | Vệ Thần
2593410,Cubyte
1730160,MoveUp
1397830,Presidential Running Games
1312960,Epic Chef
3814970,My Sexy Neighbour 2 | Prologue
2438210,Smoots Pinball
3050480,Anomalum
2395680,Unyielding Succubus Princess of Arrogance
2593400,Girl X Island
1730150,Captain Jackson
3814940,Sky City Rush
1663400,Reigns Beyond
3209110,River of Time Yarn
2438200,Lethal Crisis  Proto Sphere リーサルクライシスプロトスフィア
2593390,Protecting the Base
1730140,LIGHT: Black Cat & Amnesia Girl
3814930,Observer Protocol: The Station - Second Shift
3857070,C.U.T.S
3209080,poo poo war
2395630,Uchikano - Living With My Lovers
2438190,LethalCrisis リーサルクライシス
2593380,findgold
1807450,Love with Furry 🐺
1722890,Power Pals
1338620,Troupe
2000490,Legendary Heroes
1252190,Sole Iron Tail
3814860,Shafted
3459500,Zombie Cubes 2
3008860,BANAN'EM UP!
2395620,女神守护者
2593370,The Hungry Lamb: Traveling in the Late Ming Dynasty
1730110,Dinogotchi
3814850,Bloodzap
3459480,The Week With Grugles 2
3209020,cr4ckr
3050220,THE KING OF FIGHTERS XIII GLOBAL MATCH
2438170,SIZIF
1730100,69 Yuki Love
1397820,Sky Mirror · Strolling
3814830,SeaCret 1
3856860,Moth Ma'am
3050210,Exjanitor: Data Cleanup
3008800,Seconds Till Destruction
2395580,三国吞天传 幻想姬武神战记
2438160,World War Armies
1730090,Evil Soul
1663390,Snake Deluxe
1745260,Girls Cairo Papyrus
3459460,Macro Data Refinement Simulator
3208970,New Fief
3050200,Sunset Arena
3008740,Winter Burrow
2395550,Desktop Girlfriend NEO
2593150,FISTAGON
1730080,Beyond the Long Night
1381030,Subject: Relictus
3814730,Raccoon Valley Tycoon
3459420,Y2ROLL
3050180,CHROMA
2395530,Sexual Massage Shop - AKARI -
2593140,Storm's Harvest
1807430,Witching Hour
1722870,Clank!
2000480,The Meaning
1338580,McPixel 3
1252170,InfiniteCorp: Cyberpunk Cards
1904160,Trainz Plus
3814720,Iron Dusk Path of Honor
3208940,ROAM: Wild Horse Simulator
2593130,Stress testing
1730050,Last Minute
3814710,B.Q. - That Time Zombies Attacked Our Cursed Tunnel BBQ
3856690,Climax Cards: Blackjack
2395510,Racing Tanks!
2438090,A Void Hope
1730020,Teamkill
1807410,Scriptur
1722860,Munchkin Digital
3856660,Oppai Daisuki
3050100,Kiwi'n
2438010,Samurai Beat
2196050,Outworld Patrol
2000460,Seven Spirits
1904050,Comrade Quack
3856650,SNEAKALOT
3380360,The Ghost Treasure
3008570,Thalassophobia
2437990,Slayer
1528060,DREAMERS
2592940,Cosmic PANIC
1327440,Flewfie's Adventure
1397800,Please Wake Up
3380340,DragonRoad
3008530,Bump
2592710,The Protean Forest
1528050,Underland
1327430,Pinku Kult Hex Mortis
3380320,Non-Euclidean Minesweeper
3050010,Platform Control
3008520,Perfect World
2592560,Wind Ryder
2437950,Around Us : Zombie Shooter
2195970,O Reino em outro Mundo
1663370,Erotic Jigsaw Puzzle 4
3380310,Regex Game
3594500,Ninja: ShadowBlade
3008470,Tokachi Detective: The Balloon Case
3049990,Phantom Brave: The Lost Hero
2195960,Lamina Island
1528020,Afterlife VR
1807380,Animal Crusaders
1722840,Everdell
3856540,Dominated by: Yandere Goth Doctor
3594470,Mordar Warrior
3380170,Bottomless Pitfall
3049980,Broke Alchemist Emma's Debt Repayment Plan
2195910,Darkenstein 3D
2592470,Bugged Out
1904040,Fantasy Fishing Town
3594450,TowerDefense BlobSmash
3380150,The Pancake Paradox
3049910,Runny Bunny
3008410,Soundsaber
2437910,Reformpunk重組叛客
2592340,Keep the Heroes Out
1528000,Natsuki's Life In Prison
1579300,Birb Café
1787650,Trick or Treat
1397790,Samurai GUNN 2
3856500,Qubx 2
3594430,Hentai World West
3380110,Campus Fantasy
3049900,Desktop Wanwano-
3008390,Dreamcatchers
2592330,Penguin Hatchery
2437890,The Pulse of Evil
1527980,Woman's Prison
3049860,Multiplayer Survivors
3008350,Locust Hunter
2592320,HEARTS OF COLD - REDEMPTION
2437870,Abyssmare
2195790,Class of Heroes 2G: Remaster Edition
1527960,The Help Desk
3380090,Gangs of Neo Tokyo
3594280,AVTale
3049850,Brave and Glory
3008340,Day of the Shell
2437800,Ensol
2195780,Class of Heroes: Anniversary Edition
1527950,Wartales
1807370,Maverta City
1519680,Ultimatum: Casting
1722830,Cattle 101 -  Sample Library
3594210,Yet Another One
3379880,Countermeasure Pioneers: Modern Drone Battlefield
3008320,Sawmill
2437760,The Dead are Not Dead
2195750,Liars Race in Lost Ruins
2592220,CUFFBUST
1904030,Maze Dungeon
2000360,CORGI
3594190,Her Place VR
2437750,Paradise Lust 2
2592190,Goblin Quest
1527920,Biotech Samurai
1397760,Pulse Jumper
3594170,Endor Awakens: Roguelite DRPG
3008300,Scotophobia
2592160,Dispatch
2195720,Lil Baby Poop's NIGHTMARES
1527910,Gladio and Glory
3594120,Brush Burial: Gutter World
3049780,Death row inmates on the run
3008280,Revert
2592070,Roguevive: Prelude
2437710,蜀境传说-回合
1527890,Dysterra
1663320,Wrestling Cardboard Championship
3856320,Liminal Salvation
3594100,College Escape
3379770,Quartermain and the Cult of Cthulhu
3049770,Animal Kingdom 3
3008270,Tree of Sacrifice
2437700,"Let's Study Japanese, A Sexy and Fun Way to Learn Japanese, vol1"
2195690,Tropical Hearts
2592060,Under The Yoke
1527880,Darkness Under My Bed
1597260,BLIND
1807360,Dreadful River
3856300,Color Me Happy
3379750,Manifest369
3008240,How We Die
2437690,Zoo Park Story
2195680,Great Fly Invasion!
2592040,Buddy and Friends on Halloween
1527830,Gate to Site 8
1903990,Elemental Roll
2000320,"Keep it Cool, Man"
1338490,AFTERBLAST
3594050,混乱纷争
2437680,Grand Escape
3008210,We Heist Too
2195670,Epic Princess
2592010,Trash Troopers: Earth Reclaim
2437660,Astrominer
1527710,Earth Elements
2195650,Lucky Island
1663270,Below The Ocean
1380990,Hyper Team Recon
3593990,番言薯语
2437640,Parfum Nostalgique: Full Bloom Edition
3049580,Peachy Derby
2591970,Manus Dei
2195630,circloO
1527670,Goblin Dungeoneer
1597250,Codename: Mystery Babylon
1807330,Tough Love Arena
3856190,Zereoton Hauntings
3593940,出马
3008150,Alerta Roja
3049550,Pug and Seek
2437570,Golden Chambers
1903970,World Championship Boxing Manager™ 2
2000310,6-Mon Adventure
3593920,hgmGame-panda
3008130,Dying Light: The Beast
3379620,MILF's Camp🔥
2437560,Phantom of Zana
3049480,Dexter The Hamster
2195570,Learn Words - Use Syllables
2591950,HE ESCAPED
1326270,Festival Tycoon 🎪
1527640,The Lost Game: Royal Game Of Ur
3856150,Hentai Tales: Slave App - Arrogant Sisters
3008100,666: El día del portal
3379610,Stranded Island
3593910,Hellkeeper
2195560,Hallowed Pumpkins
1527630,重回哩世界
3379590,I found myself in a strange house and I'm scared
3049460,Milking Mira!
3008070,Mortadelo y Filemón: Una aventura de cine - Edición original
2591910,My Furry Protogen 2 🐾
1527620,The Little Trashmaid Puzzletime
1663260,SnowTunes Island
3856100,"Hentai Tales: Master, Your Sex Class Begins Now"
3593860,Fisher Haven
3379580,Lily And Sury - Adventures on Cristya
3049450,Itty Bitty Toilet Kitty
3008050,Masterplan Tycoon: Foundations
2437510,BTD:BTD
2195530,Theocracy
1326110,Killer Ricky
1597240,XCUTE(me)
1807320,Bogdanoff vs. Wojak Simulator
3856090,SCRYBE
3008020,Survivor Company
2591880,Rust Rails
2437490,Reaper's Isle
1527520,Bombing!!: A Graffiti Sandbox
1338430,Isolation Simulator
1903910,Slave Zero X
2000280,I’m going to die if I don’t eat sushi!
3856060,Red Bow: Strange Dream
3593780,Lumberjacked
3379440,Maze Racer Balls
3049410,Queen's Garden : French Splendor
3008010,Blunder The Sea
2437430,Devinica
2591840,Shadows of Rogue: The Sorcerer's Curse
1527510,Romeow: in the cracked world
3856050,Naked Lust and Burning Passions
3379390,Espresso Economics
3049400,Enchantment 2 : Sun's tear Collector's Edition
3007990,Strike Force Commando
2591810,Something In The Well
2437400,Medieval simulators: Tavern
1527500,Pro Strategy Football 2022
2195500,Green Valley
1325970,Ghost of Tomorrow: Chapter 1
3856040,Just Move Fall Dungeon Endless Abyss
3379380,Hidden Cats of Shanghai
3007960,Salacot Jack - Deluxe
3049380,Zaraq
1663250,Hyper Gunsport
3379360,Inhuman Resources: A Literary Machination
3049330,Travel Along 2
3007940,The Power of Doznath
2437360,The Hookmarine
1527460,Shadow of Azrael
1325910,Trainslation
1597220,Tower Ball - Incremental Tower Defense
1807310,Wild Pussies
3856010,Space Travel:Chronicles
3379280,GIRLFRIENDS: OFFICE!
3049320,Medieval Marathon: A Quest for Gold
3007910,SHADOW MANSION
2437330,Novus Orbis
2195410,Songs of Silence
1722780,Witch Stone
1527420,Miss You
1903880,Push the Sheep
2000220,FunnyPizzaLand 2
3855990,Secrets of Salem: The Phantom Cab Collector's Edition
3593610,Desert Cup Air Races
3379270,Aconitum
3007890,RnGesus Slayer
2195400,Shave & Stuff
2591670,ツクモガミーズ！
1527380,引力魔方(Gravity rubik's cube)
1325890,SILT
3855970,小枠内館の祝 KOWAKUNAI CELEBRATION
3593600,Starry Trace
3379220,Poop on RED
3049270,­Into the Deep Dark Green Sleep
3007880,Sir Quest and the Temple of Apollo
2437300,Sojo
2195390,Femdemic - An Idle World Feminization Game
1527350,Dad's Coming
3593580,Deepest Massage
3379210,Symphone
3007870,Etcetera and Otherwise: A Lurid Odyssey
2591610,Slow Rise
2437230,Trim For Your Dream
1527280,Starship Tunnel
1377030,Gunnhildr
3814680,Huntsman
3679540,Evershade The Forgotten Mansion
3379190,Laserboy VR
3208910,The Good Dog: Chasing Shadows
2395470,DungeonSmash
1807300,NewHrdGame
1597210,Fantasy Dungeon VR
3379170,Couple Maker
3593510,Dragon-Dodge
3679520,Fallen Hunter
3208880,Aquilon's Sex Quest
3459320,The Two Thinkers
3049130,The Tunnels
1397650,Jetborne Racing
2395450,Re-Loaded
3814630,CanKendama
3459310,Jameela and the treasure of the Demon Queen
3679500,Rise to King Ortler
3379150,Adventurous Slime
3593500,Strange Shores: Social Desktop Fishing
1459630,Dustland
2395410,Sol: Last Light
3208860,3D Maze
3049110,The Father's Story
3593490,Days Without Incident
3855760,SERPENT AT THE VERNISSAGE
3679470,The Dark Legacy
3459210,Veil of Sanity
2395400,Exolotl : ZIAN
3208780,Exo Wanderers
2437110,Append
3049080,Little Hero Adventure
3814610,FastFly
3679440,Dichotomy Illusion: The Coser Disassembly Incident
3208770,Tiny Pixel Planets
3378960,Lost Soul Aside™
2437080,Stardust Defenders
2395380,DUCKLYTE
1807260,Lazriel: The Demon's Fall
1722760,My Singing Monsters Playground
1597200,ConnecTank
1980530,Kiwi Clicker - Juiced Up
1903840,Jessica Mystery of Courchevel
2000190,SSS222: HyperSpace
3814590,Wasteland Horror Radio: Episode 1 - The Radio
3855690,Hentai Stella
3593430,Golgalian
3459160,Zombie Tower Defense
3679410,CUMBOY IN SPACE 2
3378950,MiDiO!
2395360,Slime Knight
3208740,Pussy Clicker - Adult Idler
2437040,Reigns: Three Kingdoms
3814580,Subway Exit
3679400,UNLOCKERS
3593410,Time Gamers: 12000 Years in One Square Mile
3378830,Occultus Vitae - Hidden Life
3208730,Akizora Memories - Horizon of Fate -
2395310,Presences: Dark Awakening
2591380,Irotoridori No Sekai HD - The Colorful World
3049000,BDSM Sex - Episode 7
3814570,凡人修仙传奇
3679390,MEGADEKA
3855650,Vessel
3459140,Flooded Lands
3593400,Run Chicken Run
3208720,Bereaved: Soldiers of Fate
1745040,History of Football World Cup
3814560,Hentai Summer Swap
3593380,Grim Tales: Light in the Darkness Collector's Edition
3208710,Gore Crush
3679380,Keyboard Simulator
3459130,Beastly Bites
3378650,Zombocalypse
2395260,Midnight Shift
2436940,Sephiria
3048980,Rat Raze / Road to Riches - Tilt Five
3855620,GHOST OF THE DICED STEAK
3459100,BioMenace Remastered
3679350,Trump Trade War
3593370,BeatTown
3208690,Divinity Chess
3378640,Mika's Battle S 2
2195120,Go-Go Town!
1807250,Scroll Of Life
1597170,Endless Furry Killer Infinity
1722750,Halt The Heist!
1980520,Outpost Defender 2-Beta
1903830,Jessica Mysterious Journey
2000180,Office Run
3048930,Duriano
3593360,The Groundskeeper
3459080,Oh Buoy!
3378610,AngelShot - Chapter 1
3679330,Pet Hero vs Zombie
3378600,Confluence: An Of Sense and Soul Soliloquy
2395210,Tony Hawk's™ Pro Skater™ 1 + 2
3378460,困兽TrappedBeast
3208630,With My Little Eye
2395190,UNICYCLIST
1252000,GOAL! The Club Manager
3048820,Raspberry
3814470,Slime Tower
3855550,Celestial Wardens
3593260,Flesh Farm
3378410,Rip & Tear
3048790,Best Mayor
3814430,WEED SHOP SIMULATOR
2395150,Demon Lord Reincarnation
3855540,BLACK SOULS II
3208570,Geyserlands
1597160,SpiderPunks
2395120,Milfvania Ep. 1
1807240,Casual Pixel Warrior
2436680,Crimen - Mercenary Tales
1312480,Ratico Puzzle Adventure
1980510,Lunch Tycoon
1338330,Lemon Cake
3048770,Desert Angels
3814420,HACK.BAK
3593190,Sisyphi
3378340,Endless Vine
2395080,Dream of Echo
3208560,Trainatic
2436660,Splatterbot
3048760,Slay the Alice
3679100,Keine’s Terakoya: A Schoolhouse in Gensokyo
3593180,Launching Over It
3458890,DOOM SPIRAL
3378330,Rekindled Trails
3208550,Who Dies First ?
2436570,DRAGON QUEST BUILDERS
3048670,100 Dogs
3855510,Mango
3593130,One-Liners
3378300,Final Resistance 2
3208470,Magic Sword
2436480,坦克世界：铁甲风暴
1807220,Welcome to Empyreum
1597110,DERE EXE: Rebirth of Horror
1980500,Squarely Blue
1338320,Do Animals Dream?
3048540,Micro Tanks
3678990,Incredible Dracula: License to Relax
3458850,Puppycraft: Maze
3593020,Fruitgeddon
3378260,鸭鸭大冒险 (Duck Duck Adventure)
2394940,Secret Backrooms 2
2436470,Cannon Target
2000150,Banana Drama
3855290,求生者：活着
3593000,Abrez
3378250,motorcycle combat
2394930,Train Games
2436440,Zodiark Reform: Bandage Rewind
1579120,Yupitergrad 🚀: Sneaki Peaki (Virtual Reality Adventure)
3855280,space warrior
3678960,Cibus Odyssey
3592990,Hibridya
3378240,丝路长歌
3208440,Boxel 3D
2394910,Young Hearts
2436420,天书江湖
1722700,Fireside
1251970,Gladiator Manager
3048500,Mr. Rightaway
3814250,Big Theft Valkeala
3678950,Idle Awakening: Mages Path
3458750,Interstellar Escape
2394870,Blood of a Demon
3208410,Playgrounds
2436410,Asfalia: Panic at the Mansion
3048430,彼岸花
3814230,迷滅
3855190,道之战
3678930,Armed Animals RPG
3458720,Cannoneer
3378190,Cartoon Survivor
2436400,Future Theater
1807200,Mirror Forge
1597090,Ressifice
3678920,逆乱西游之西天取经
3592860,Tower of TORI
2394830,Snakedate
2436390,GameDev Trash
1663040,Amber Isle
3048400,CyberWave
3814190,Last Stop Horror Hospital
3678910,Ball Blast
3208360,My Wife Sucked a Futanari's Toes
2394810,ADDRESS1
2436380,FOX ADVENTURE ~HOMEWARD JOURNEY~
1579100,Dungeon and Gravestone
1376910,Super Catboy
3678900,Grim-chan's Soul Fight
3208300,Time's Prison
2436350,18 Levels of Hells
3048340,Mr. Goofer’s Mini Game Arcade Party!
3678880,Swarm Sweeper
3592790,Master Hanzi
3458620,轮回修仙传
2394770,Cabin of Souls
2436340,Yuuna and the Haunted Hot Springs The Thrilling Steamy Maze Kiwami
3678870,Happy Nuclear
3814130,Choco Kiosk Simulator
3592780,Parlay
3458610,I'LL FUCK YOUR GRANDPA!
3378070,엑설런트 러브코미디
2394740,先端恐怖症
2436330,Dickland: Horror Quest
1807190,Thawed Waters
1312420,The United SPACE of America
1980440,Versus.
2194740,1v1 Me
3855020,Dark Sea
3678860,重走西游路（PigUP）
3458600,NINDO Guardian of the Starlit Shadow
3378000,Nigudin really fought against Furong Wangyuan
2394680,Rocket Jump Frenzy
2436280,Bung Ball
2000120,Time Flies
2194730,ServiceIT: You can do IT
3678810,Reflection Of Sin
3814070,Waifu Lust
3855000,Re:Call
3377990,Santa Gamepaper
3208250,The Short Bread Game
2394650,Crypt Custodian
3048280,Realistic Ragdoll Sandbox
3678800,Boxing Machine VR
3814060,The Warp - Cephisso
3854990,TryAngle: Shapes Warfare
3458540,New Meat
3592710,Neon Striker
2394630,Cursed Fables: Twisted Tower
1338220,Forsaken Portals
2436230,Cooking Pix
3048210,Farmer's Shop Simulator: Prologue
3854960,Royal Jest (Director's Cut)
3377940,You reincarnated into the game world and fucked the NPCs!-Animation-
2394610,Destroy All Zombies
3208170,Poly Plaza ULTIMATE
2436190,Survivors Will
3814040,Stump Simulator 2
3854880,Sunrider Legends Tactics
3458490,The Fable of Fairy Glen
3208160,Coffee Extra: Ukuzala
2394600,Last Day of Zombies
1597070,Criminal T
1807150,KeyHero
1312380,Paper Shakespeare: Very Naked Hamlet
1980420,Rounds of Zombies
1903720,With Good Intentions
2000090,The Isle Tide Hotel
3007710,Galactivore
2436160,Europa One
2194670,Naval Battle Online
2590770,Stolen Memories
1729150,Mysterious warrior
1729120,Tank Golfing
2590740,SCOOMART
1251930,My Lovely Wife
3813980,God's Continent
3208110,Luck & Loot
3458340,Atomanta
1729100,Chameleon - DYH
2194600,Jane’s Hotel: New story Collector’s Edition
2590720,Guardians Of Gaia: Guardians 8
1526260,Days of Heroes: D-Day
1597060,Bubbaruka!
1807140,Hot Milf 2
3813970,hgmGame-snail
3007630,Combat Evolved 2D
2436110,KARNAL
2194590,Roads Of Rome: Portals 2 Collector’s Edition
2590710,Play minigames with Reiko
1729090,Chameneon
1980400,Aletta - Visual Novel
1903710,NecroArcher
3458320,Glow of Snowy Night
3208060,Hooked On Speed
2436090,IF: Walls could answer
2194570,Blood Red
1729080,Wavy Trip
1526220,Spacegirl
3458300,シーモンタウンTDふたつの魔法の杖と危険すぎた追跡
3007590,Dog Walking Adventures
2194560,BAT HERO
1729070,Paradise Delight
1526190,Mysteries of Shaola: The Cave
3678490,Oblivio
3007580,Myth Or Reality: Snowbound Secrets Collector's Edition
2590670,Falling Down XR
1729060,Battle Brigade
1526180,Hide and Seek
3458220,Station Master RPG
3007570,Project CUBE
2435990,Gun to the Zone
2194530,Yog-Sothoth’s Yard
1729050,The Fox in the Forest
1526170,Dig Deep: Race To The Core!
1597040,Fossilfuel
1807090,Wantless : Solace at World’s End
3678450,HYPERDRIVE
2435980,Space Odyssey
2194510,Retired Hero Gets Slaves
2590600,Explaining every string
1728980,Astro Battlers TD
1980390,Neighbor Fight
1312290,PengoRoyale
1903690,Princess Pyro
3678440,Up or Fall
3007490,走亲戚大作战
2435960,Hitler Waifu
2590580,3D Chess Online
1728960,Evolution of War
1526120,HARD TAPES
1579000,Super Head Ball
1397390,The Break-In
3678420,Videonauts
3458090,Broadcast Empire
3207920,Angela Is A Bitxx
3007460,Siberian Way
2435920,Heaven's Paws
2194410,Idle Hamburgers Save the World
1728880,CANNON
1526090,Rising Noracam
3207900,City: Battle Ground
2435910,Ghoul Smash
2194400,World Of Mystery
1728840,Beneath the Mountain
1722590,Pilie Pals
1251850,Inferno - Beyond the 7th Circle
1459500,Atlas Architect
3813760,Cat's Showdown
3207880,Universe Horizon
3458030,DescTop
3007390,Duck N Roll
2435900,SharpShooter3D
1728830,Space Docker VR
1526000,folding maze
3813710,Imperfect Garden
1807080,Ghost Exile
3207870,Cryptigma
3007380,Undergoes
2435890,Snotty's Sewer
2194300,G-MODEアーカイブス+ 女神転生外伝 新約ラストバイブルIII 夢幻の英雄
1728740,Angel's Tale : An extraordinary love story
1903670,Peaky Blinders: The King's Ransom Complete Edition
3457950,Warpswap
3207820,Shallow Blue（浅蓝计划）
3007360,Room of Lust - Dirty Conversation With Mom
2194290,SWORD HERO
1728700,Terranova
1525970,Typed82
1578990,Midnight Girl
3813660,春琉ト怪夜
3457940,FUNKYHEART
3007310,Remote Position
3207810,In The Middle
2435870,Blood Rush
1728690,Legendary Tales: Cataclysm Collector's Edition
1525920,SNS
3678160,Dual Shadows
3457930,Scrongly
2435840,Colorlines
3007290,Smol Survivors
1728680,Legendary Tales: Stolen Life Collector's Edition
1525910,Strike Force 3
3813590,Summoners War: RUSH
3678130,Gutfarm
3207780,Love Mansion
3457830,CITYVENTORY
3007270,種付勇者傳
2590370,First Gen
2194190,Ocelot Sunrise
1525900,Infinite Dungeon Crawler
1397360,Shattered Runes
1596990,Asteroid Blasters
3813570,Pixel Combat: Zombie Shooter
3678110,50 Cents Please
3457800,BARABIZNA
3813480,Game Tech Simulator
2435750,Escape From Lighthouse
2590250,The Windows Are Gone
3813470,Silent Residence
3677870,Crayation: The First Sketch
3457740,Cool Kingdom
1525770,The Dark Side of the Moon: An Interactive FMV Thriller
3207670,Road Food Simulator
2435730,Mixed Unit Tactics
2194070,Bloons Bomb Gem 3 Match
2590220,The Blogger: Pumpkins and Witches
1728610,Beyond The Darkness
1525760,Taxi Driver - The Simulation
1338100,Teratopia
1744790,Match Three Pirates II
3813420,Giantess Girls! Job Jigsaw Jamboree
3457730,Area51
3677860,Entering Host
2435720,I want to be buried in slime!
2194050,Summoner'sSurvival
1728590,Detention Club: School's Out
3813380,Touhou Volleyball
1596980,Hentai Hack-Her
3207580,Find Charlie
2435710,I HATE (other) Animals!
2194000,Fates: Determination
1807000,Yui Tui
1728560,致命游戏-Lethal Gamble 1 Werewolf Puzzle
1903630,Evasion from Hell
3813350,Azure Striker Gunvolt Trilogy Enhanced
3457690,Genesis
3207520,SenpaiSurvivor
3007170,green ogre gives you terrible life advice and dies
2435690,Break them all
2193990,Monster Hunters: Frost Giant
2590180,Grind Stormer
1728550,Phantom Thief Sylphy
3677730,Against Twilight
1376790,Pyramid Runner
3457660,WAV OCS Airport Edition v2
3207510,The Tunnel
2193940,The Hidden and Unknown
2590160,The World's Hardest Game 3D Nostalgia 2
1728520,Xuan-Yuan Sword V
1525700,Tavern Master
3813330,Vibe Clicker
3457640,Lane Drifter
3207490,Cursed Toy
2193930,BLOCkCORsair
2435620,B..:EvaSive
2590150,Faaast Penguin
1728500,Kirkileons
1525660,Sunblaze
3207480,Mauri Mursu's Odyssey
3007130,Frostflame
2193920,Homerun Miko
2435610,My Neighbour is a Bunny Demon
1728490,UncleOffice:uncle Dating Simulator
1525650,Solo Fox
1397300,Kyma
3813280,Strange Place
3677620,DuoQ
3207460,Thread the Void VR
3006990,Life of Kanji Island
2193900,Creepy Forest
2590080,Two Climbers
2435600,The Dark Tones: Loss
1728460,阴缘
1903620,Killer Frequency
3457550,Planet Extincter
3006980,Roulette Club
2435590,I commissioned some pigeons
2193870,多比大冒险(Doobi's Adventure)
1525620,The Architect: Paris
1662920,Friend ReQuest - A Playable Teaser
1376760,Life of Delta
3813260,连杀地牢（Dungeon Killing）
3677580,BLEST
3457490,Senet: Households
3207440,Battle Investment Master
3006960,北宋风云
2193770,Our Summer Sports
2435560,The Escort (Special Edition)
2590050,Relight The Dark
1728430,I wanna go home
1525600,Sensual Adventures - The Game
3813240,Eleven
3677530,Pixelogic: Nonograms Unlimited
3457480,Foetality: Fetus Deletus
3006930,10 Second Rule: Infinity Labo
2193760,Desktop Bowling
2590040,Wiblu
1728410,THORN DEMON HUNTER
1525580,Kabaret
3813200,萌宠消消乐
3677520,Goddess Scroll - The Last Starlight
3207400,Silent Still
2435510,Trow's Space
2193750,Desktop Table Tennis
1728390,Phantom Thief Mew's Secret Prima
2590020,Hentai Vivian
1397290,Comet 64
3207390,Sneebles The Half Cat
3006900,Horny Housewives 2
2435490,Unispies - Chapter 1 Havana Cuba
1806960,Mythos: Sudoku
1980260,BEWBEWBEW
1903600,Zombie VS Police
3813150,Lone Labyrinth: Burden of the Just
3677420,Tile Tales Builder
3457410,Zombie Tide Incoming Final Defense
3207370,Freddy Farmer
2435470,Fightcore Forge
2193720,Super Dark Deception
2589990,Forebloomed: Evergreen Edition
1728320,Dirty Fighter: Hollow Point City
1525540,Double world. cave song castle
1662860,Trapper: Drug Dealing RPG
3854870,ShipCrafter
3677400,Brix Infinite
3457390,Little Wings Deliveries
3048160,Xenocrystal TD
2193690,SPEEDRUNNER
1728310,蛛火Spider fire
1722420,Cologne 3D
1338020,Super Glitter Rush
3592520,Math Challenge AR
3457380,Waifu Shop
3377900,Dice Clash World
3048140,Daemonologie
3006780,Deck of Defense
2193670,Cymut X Mutrobo RPG
3377860,OrePlant
3457230,Idle Critter Adventure
3677290,Office Intrigue
3592490,Backrooms: The Scream
1903590,了不起的棋盘
3854780,Squidly's Revenge
1728280,メイジズメイズ　PLAY　～淫魔の洞窟に挑む冒険者～
2193630,The Final Bastion
3677140,Whispers of the Hourglass
3592460,Rapid Fire Girls - Armpit -
3457200,Witch Pachi
3006670,BomberHit™
1662850,Renai Karichaimashita: Koikari - Love For Hire
1578920,CrateTastrophe
3854760,Tentaphage
3677120,3Tower
3592450,Crusaderman
3377790,Action Game Course
3006650,Dino Jump
1728180,Astral Shipwright
2193590,Madzik - Episode 1
1525410,Wulin Chess
1337930,Inkighter
3592440,Project Freefall
3457140,Chicken Brother Guardian
3377770,Haunting Havens
3006630,Loser Simulator
2193580,Cocktail Rush
1728170,Tower Stacker
1525390,Eternity Protectors
3457100,Jumping kitten
3048040,Crushed
2193570,Elixir
1728160,Flipping Beat
1596890,Metal Mars
1980240,Ares Virus2
3677060,"Electoral Empire: Vote to Rule, Lie to Shine"
3592420,Knight Musume
3457080,Four Mini Kingdoms War
3377720,Just a Little Purr suit
3048030,Werner Waffenwerke: Arms Tycoon
3006550,Hell's Underground
2193540,Wizard of Legend 2
1903560,Atomic Picnic
3377690,Phrenetic Shooting Reunion
3457070,TimeParadox
1728130,Alone: Recode
1525320,Dadish 2
3854660,Paint The Snow - idle
3592390,诗意塔罗牌
3677020,Waifu by Myside: Patch Me In
3377680,Atonement
3006510,Senile Zombies
1337920,Serial Cleaners
3854650,Bee Master
3676960,THE LAST TRAIN: Baquedano
3592350,Happy Piggy
3456970,Death Kid
3377640,Oasis Of Lust
2193500,Book Travelers: A Victorian Story Collector's Edition
1728080,Roseblight
1525270,Sports Paradise VR
3854620,Mark of slavery
3592340,The Great Axe
3676930,The Evil Inside
2193490,First Cut: Samurai Duel
3006450,Stickers for You
1727990,13 WOOD ST
1525210,Steel Graves
1596850,Bean
3676870,Qume: Echoes of Sand
3854600,Virago World
3592310,Desktop Pals 2
2193420,Undead World
1903530,Heart attack
3676850,心动恋旅：樱花篇
3854590,Cat With Gun
3592300,Awkward Valley
3377570,Rockoon
3047810,Summer Sex Saga 🏄‍♂️💦
3006430,IMA SURVIVOR
2193410,Undercover - Blood Bonds
1727910,Hope Trigger
3377550,Baskin All-In: The Family
3006420,Slide Faster
2193400,Monsuta
1525060,UNPLUGGED
3854560,Tronix Carnival Games
3592240,Card Streamer Simulator
3047770,Grouls
3377530,Terminal 81R
3006350,Hagalegacy
2193380,Image
1727880,指示厨
1525050,Jerry Wanker and the Quest to get Laid
3592220,Breaking the Grip
3456910,Rush Tactics
3377510,After Dark
3047760,The Candy Adventure
2193370,Creative Continents
1727860,Happy Bones Infernal
1787180,Revenge on the Streets 3
1397180,Three Dimension
1596820,Monstrous Lovers
3854520,Blast Radius
3456880,Pinball Simulator
3377490,Empty World
3047750,Herdling
3006280,Sheepherds!
2193270,Krusenstern: A Stellar Sail
1903510,Technicity: Prologue
3854510,magnat
3377480,Tiles in Time
3047740,Ninja Monkey
3006260,Korean Rail Driving Tour LRT Busan-Gimhae
1727810,Diamond Hands: To The Moon
3676600,Sereno
3854490,FUN HOME
3456830,超探偵シャーロックちゃん　～掟破りのミスディレクション～
3047720,Wakey Wakey
3006240,Polylylyrhythm
3592140,Anima Gate of Memories: I&II Remaster
3456800,Rock Crusher
3006180,CORPSE58
2193130,Chain Detonation
1727780,Arena Warrior
1524810,Carotic - Academic Version
3047680,Utility for the Soul
1596810,ArtPuzzle VR
1312060,Zero-G Gunfight
3676530,JohnJohnson: Remnant
3592090,Late Ming Fly Guy
3377390,Test Subject
3047610,Heirs
3006150,Wet Slits
1980120,Chickens Be Crazy
1903490,Crabby Beach
3676510,hgmGame-wolf
3592070,雀夢麻雀(Mahjong Dream)
3047600,Ultreïa - Night of the Eclipse
2193110,Hive and Seek
1727750,Old Salt
1524750,Dude Simulator 4
1376580,Alien Dawn
3676500,Princess Shall Prevail
3854410,ZahmahreL - Chapter 1
3592060,Dominated By Yandere Goth Girlfriend 2: Valentine's Day
3456730,WonderLang Portuguese
3047580,Containment Breach
3006100,Night Project
2193100,Videopac Collection 1
1524710,Dark Flowers
1519110,ChillaxVR
1722300,Deep Madness
3456720,The Maid
3377320,Arcane Lust 18+
3047570,Sliding Bears
2193090,Witch Rise
1727660,Space Yandere
1524690,Chess Brain: Dark Troops
1251670,Divinoids
3854380,Titanic Rescue
3676460,Body swap story—Aunty Yui & Yuto
3592000,激情麻将
3377310,SEX EXIT 🔞
3006080,Aris Arcanum
2193080,Amabilly
1727650,死寂（Deathly Stillness）
1524650,Sakura Forest Girls
1596750,Buddy and Lucky Solitaire
3006060,Revolver roulette
3676450,Corridor Exit 8
3854340,The Abyssal Descent
3591990,Space Rocks in Space
3377300,theBOLL
3047520,CatTrio
2193070,Returning To Mia
1980010,The Backrooms Deeper
1727620,Neighbor Diana
1903480,Banana Hunter
3854330,My Little Spider
3591970,Bird Coloring
3456550,Beasts Bane
3377290,Life Choices
3047510,Myths are 100% True
3006040,Asha Empire: Exodus
2193050,Bleak Sword DX
1727600,Crazy Invader ShootEm Down
1662790,REVO
1578860,Billionaire Lovers
3676330,NoFlash
3854310,Steventon Street: Deluxe Edition
3456480,魔法幸存者 Magic Survivors
3047500,Sellsword Saga
3006020,East Defense
2193040,Pool Ball Battle Royale
1524580,Dual Cars
1519090,Welcome to ParadiZe
3676320,聊斋.鬼王争霸
3591940,Jump Man
3377220,DEDALO - Escape Room Adventure
3047490,Fantasy Valley - Season 1
3006010,Musician Simulator
2193010,Blue Lightning
1727550,GRANDMA
1524550,Madshot
3676310,Nova Survivors
3854270,Midnight Murder Maze
3047460,Zebulon: A Lost Cat
3005990,ハチバンバスピス
1524530,Fantasy Town Regional Manager
1596730,Dynopunk
3676270,Poly Frenzy
3591890,Hope
3456350,Where the Walls Breathe
3377170,Prop Hunt Rumble
3047440,A Beaver's Tale
2192970,All On Board!
1980000,Made Beaver
1727520,Yamafuda! 2nd station
3676260,Hordelord
3456340,Harold Rabbit - Finder of Lost Things
3047430,Men against Lizards
3005930,BatteryNote
2192920,An Everyday Story
1727490,LOST INSIDE Act 1
1524400,Ragdoll: Fall Simulator
1578760,Ember Knight Solitaire
3854200,Citadel Siege
3591770,Helping Hand
3456300,Tatar Altan vs Shaitan
3047420,Wanted
2192900,Knock'Em Out
1727450,Secrets of the Middle Ages
1524380,Dr. oil
1519070,SGS Halls of Montezuma
1337840,Klondike Solitaire Collection
3591720,NEKOMIN Kittens invasion 
3047380,ThrowDown
3207360,Ascendrix
3016980,Love Quiz Battle: LoveLove Quiz
2435460,Loopsters
2192890,Relaxing Lawnmower Simulator
1727440,Dyflexion
3047370,Net.Attack()
2435450,Azoove
2192840,Terfenstein 3D
2589970,Oh Yeah
1727430,BASIC ROGUE
1596640,Dark Chronicles: The Soul Reaver
1397130,Primateria
1979990,Galactic Escape
3591680,Nursing Back to Pleasure
3207320,战略幻想三国
3047340,赛博杀手 Cyberkiller2049
3016920,Awaken: Hentai Dice
2411980,AMEDAMA
2435410,Trials Of Randoom
2192750,Age of Pyramids
2589910,Timberman: The Big Adventure
1519060,SGS Taipings
1727310,Project: Cow
3207280,A Robot's Tiny Adventure
3591650,Slippy Bear
3047300,CHERNOGRAD
2411950,迷宫坦克大战
3016840,I Am Cat
2192730,Planet Breakout 2
1727270,Murderous Muses
1787120,Sparkling Memories
3591560,《负芒之旅  |Journey of Carrying Light》
3207270,TiME WASTER
3047290,First Person Stapler
3016810,King of Stocks
2435330,Zombiepede
2192680,G-MODEアーカイブス+ 女神転生外伝 新約ラストバイブルII 始まりの福音
2589880,Home Design 3D VR
1727250,The Hero of Bangaona
1596610,Dead Night
1979980,Ultra Sweeper
3591550,Hunter Roulette
3207250,Breed Laboratory
3016780,Fairy Massage: Lite
2435320,Terra Toy
2192670,G-MODEアーカイブス+ 女神転生外伝 新約ラストバイブル
2589840,Saint Gear Force
1727220,Summoner's Mess
1662710,Oldowan
3854060,FlippUp
3047220,Tidy Backpack
3016750,ERO TRAP DUNGEON ROGUELIKE
2411920,Calmed by the Dark Shin Neon
2435310,Stunt Paradise
2192660,Space Ranger: First Meet
2589820,The Forgotten Village of Gondomayit
1727210,MINDHACK
3854050,Case Blind: Stolen Route
3591500,No-good Streamer Mirai-chan! (Now accepting lewd comments)
3207210,Greenhouse
3047180,The Attic
3016730,Memo Blox
2411910,miniBONG
2192650,Super Clown 3: Revenge
2589810,DJLand
1727200,Kittens in Post-Apocalyptic Fantasy San Francisco: Battle School for Only the Most Awesome Monsters
1519050,SGS Heia Safari
1337810,Finger Fortress
3854040,BRUTALISMUS: Dystopia
3591480,Sweet Theme Park
3047100,Hidden Object: Prison Diaries
2411890,Lila's Synthetic Shadows
2192640,The Iron Union
2589730,Sex Story - Cuckold Life - Episode 6
1727180,NeverAwake
3854020,DACHA
3207190,摧毁模拟器 - 街头判官（Smash simulator）
3047090,Drive Out
3016690,JACKPOISON
2192620,ghostpia Season One
2589710,Doma
1727140,CYNOROID FORSAKEN
1596580,SPYCITY
1397060,Little Brother's Turn
1979970,Two Colours
3591440,Liminal Border Part IV
3047070,X-Out: Resurfaced
3016640,Knock
2589670,Love x Debut
1727130,Legends of Dionysos
3591420,割草游戏 mow grass
3047030,Tapple - Idle Clicker
2435240,Sulphur Memories: Alchemist
2589650,Poly Match
2192570,Vosphia
2411850,Ragdoll Destroyer
1727100,69 Summon Succubus
3853980,Town of Honor
3207070,Richest Thief
2435230,Space Mutants
3016610,Bopp File
2589630,Zumba Garden
2192530,Dark Box
2411830,Yunoia
1727090,RX Racing 2021 Pro
1519040,Kombi Travels - Jigsaw Landscapes
1903420,Undeads vs Humans
3207050,Marauder Knight
3046990,Time Re:Quest
3016600,Our Field Trip Adventure
2435220,God's Plan
2589550,Dino
2192520,Senli 307
3853960,Rolling Ball: HD Remaster
1727040,iB Cricket Companion
3591360,Bad Bitch Blasters
3207040,ライバー育成カードゲーム
3046980,Distant Realm
3016580,DeathJack
2192500,Train Operator 377
2411780,Blood On The Dusty Trail
2589540,Spell Slingin' Tower Defense
1596540,TAISHO x ALICE epilogue
3591340,Lost Soul: Escape the Doom Museum
3206980,Secret Agent Puzzle
3046880,Amber of Jinn
2411770,The Twisting Trail of Clues
2435180,Neyasnoe
2192490,Micro
2589510,D.V. Ex Agent (Episode 1)
1727020,爆战联盟
1662690,Twin Stones: The Journey of Bukka
3046850,Candy Golf
3016520,The Jiang Shi 2 ：Curse of  Soul
2192480,Luna & Monsters Tower Defense -The deprived magical kingdom-
2411760,A Collection of Mini-Games
2589500,Whisper of the House
1727000,YuuYuu Jiteki no Yuukarin
3206910,Ducky Runnerz
3016500,Rain and the Wolf
2411730,Lord Privateer
2435090,Talented
2192460,Clockwork Owl
2589490,Diabetor & The Sugar Monsters
1726970,Where's My Lunch?!
1519020,Boom
1337760,Potion Permit
1903400,Bicycle Rider Simulator
3853830,6days
3206900,VELLUM QUEST 〜神の残滓〜
3046800,GLASS Zero
3016480,Eye of the Commando
2411670,Holy Ship
2435060,It is Just A Story - horror game
2192400,Aunewyth
3853780,Just Grandma and Me
3591240,Tomb Offering
3206890,The Doors That Led to Nowhere
1726870,Nebraska
3853710,Panin
3591200,Friends With Traitors
3206870,Claritas - Dungeon Crawler RPG
3046750,PARADISE SHOOTING 2!!
2411620,Hoop City Manager
3016100,Outsanity
2435030,SIRIUS-4
2192330,Red Sea
2589440,PowerWash Adventure VR
1726860,Apocalyptic Adventure: Episode 1
3591190,Mongolian Death Worm Capture Department Activity Record
3206860,"Gummy Bear Idle: No Job, Just Jelly♥."
3016090,Eternal Escape: castle of shadows
2435020,Onka
2192290,さらば劇薬 -encore-
1726850,Droopy Balls Simulator 2021
1519010,Kamikaze Veggies
1903370,daydream 白日夢
3853670,Lucky MATCH
3591130,Furry Master: Slutbunnies
3206830,The Bookman
3046710,Nook
2411590,SWOLLEN TO BURSTING UNTIL I AM DISAPPEARING ON PURPOSE
2435010,XR22-SEAGUARD
2192280,architect
2589410,Stand Your Ground
1726790,Surface: Virtual Detective Collector's Edition
3853660,Futanari & Ladyboy Hotel
3591090,Teach Me Master
3206820,Chibi Reboot 2
3015950,Kun’tewiktuk: A Mi’kmaw Adventure
2411560,Debtors' Club
2192270,PumPum 2
2589400,Math High Speed
1596440,ARKOS
1726760,Curse Crackers: For Whom the Belle Toils
3853640,Berserker Girl
3591080,Spot The Difference 3D
3046680,Chopping Spree
3015940,DyingNoise
2411530,Type King
2434940,废墟：重生之门
2192260,Infinadeck Stonehenge
1726750,Hidden Cats in Santa's Realm
3591010,Sea Drillers
3206790,JustJump!
3046670,Glow up 2
3015930,Monster Lover 2: Ambrosilas
2192240,The Ninja
1726730,You Must
1376360,AVANTI - The Joy of Driving
3590970,Astrohaulers
3853550,Best Hero
1515290,Boodunnit
3015920,Tides of The Endless
2411470,Sigils
2434910,Antipsychotic
2192220,Doughball Descent
2589350,Finding America: New England
1726720,World of Grimm
1337710,Sanae Toumaden X
1519000,Confusing game
1903360,Amazing Girl
3206770,Questboard
3590940,Adventure in Hender´s Castle
3853500,DarkShine
2411430,不和我推谈恋爱就会死？！
2192200,Sherlock Holmes Consulting Detective: The Case of the Banker's Final Debt
2589340,I Love Finding Wild Friends
3015900,Sorting Your Marbles
3590890,GIRL.EXE.EXE
3046600,Onimusha 2: Samurai's Destiny
2411410,Meteorite Miner
2434860,Stoneman's Adventure
2192170,Whackerball
2589320,So Much Stuff 4: Bits & Bobs
1726690,Star Age: Space Combat
1596430,Loop Knight
1311770,Zoo World VR
3853400,Farm Defence
2411390,Top Villain: Total Domination
2192120,Wipe Factor
2589290,American Isekai: Legends of Nipponia
1726660,stopDrop.
1541830,Biphase
2589200,Budget Backrooms
3590840,DOLLMAKER
3046530,JustBox
3015860,BACKROOMS THE COMPANY
2411380,Double Detective
2434810,Next Move
3853350,Lantern of Remembrance
3590830,Blackjack
3046520,DABULARI
3015850,Joe Biden Vs. Jeo Boden - Escape From MAGA Chapter 2
2411370,Mature Comedy Visual Novel
2434760,StarOS
1518990,Degradation(Alpha)
1903340,Clair Obscur: Expedition 33
1251380,Bottle Journey
3590790,Bloodright
3206660,Storage Anomaly
3046510,KiLLPaKu!
3015840,Brainwave Trials
2411360,Food Fighter Clicker Games
2434720,Maces and Dices
1726590,Marble Mage
1397000,Zodiac DX
3813140,This Winter of Ours
3676240,EmyLiveShow: Dungeon & Mistresses Tale
3590780,Nano Neighbors
3377010,カレカノトライアル～時をかけるときめき大作戦♪～
3206640,JeliWave
2394590,Just Survive
2434710,Tank And Roll
2192060,NASCAR Arcade Rush
3813130,BlindSimulator
3376990,Kabuto Park
3590770,Dimwood
2394500,ia scatter city
2434670,Mommy Sensei: Horny Homework
1662570,Rescue Party: Live!
1541790,Punk Wars
1229460,Dice Legacy
3590760,Garden Masters
3206600,Artifact Run
2394460,The Outer Rim
2191920,PESTICIDE
1726530,Toaster Arena
1518940,Conductor: Creative Joy Engine
1721980,Loading Story
2589130,The Stormy Islands
3676110,STARDOM RIICHI MAHJONG
3812990,Crazy Puzzle - Cosplay
2589110,Fishyphus
2394430,Professor Goodboi's Ballistics
2434590,Little Odyssey
2191820,无尽战线 Infinity War
1979850,Eternal Samurai
2589100,Wurmus
3676060,half-a-cado
3812980,Get a cat
1311710,Somber
2191770,Gregory Horror Show: Soul of Roses
1726390,Adventure of Rikka - The Cursed Kingdom
1541750,Toggle
3812970,The Ultimate Box Games
1251360,Hua Mulan: A Chinese Learning Adventure
3376850,Bomb Vehicle Idle Clicker
3206490,Pioneer Clicker
1721960,Mirth Melody
3812940,Shadow Warren
3590620,Baccarat
3206480,Endless Life
2394350,aerofly RC 10 - RC Flight Simulator
1726360,Peter's Adventures in English [Learn English]
1337640,Towers Inc.
2434510,Gravity Waves
2589060,Starheim
3376830,Lovely Anime Puzzle: Christmas
3206470,Domain Master
3590610,Vacation Adventures: Park Ranger 17 Collectors Edition
2394310,Inukari - Fateful detour
2434490,Queen of Moths
2191680,Mistwinter Bay
1596370,Beat Souls
3675930,Heroic Aegisio: Origins
3590590,AnimaCircus
3376760,Panelka
3206460,Apocalypse Carnival
2394300,Monster Run: Downfall of the Empire
2434480,Mystery Case Files: Incident at Pendle Tower
2191670,Nyanco Impact
2588990,Survive It: Frozen
2394260,Rich Dad Simulator Prologue
3675920,RAFT Days
3812840,magical capture
2434450,Skystrider
1726290,The Last Defense
1541730,Candy Fall
2191660,Conquering Married Women through Sex
2588960,BRAIN QUIZ
3376690,THE HOUSE OF THE DEAD 2: Remake
3206420,FUEL & FURY
2434440,King of Silence - Prologue
2191620,铭日记 重书 / Mikoto Remake
1726280,The Babysitter
1518890,Triblock
2588940,Dualikiwi
2394240,Triad Ball
3812820,Pixel Par
3376650,Pochemeow
3206410,The Sinking Forest - 沈んだ森 -
2434420,Arashi: Castles of Sin - Final Cut
2191610,Orbital Cargo Division
1903310,Earth is too small for me
2588890,COLOR BOMB!
3590540,Village Defenders
3376640,Synthwave Tunnel
3206400,Nangong Detective Agency
2394190,Kid Chaos
2434400,Ghost Simulator
1726190,No Straight Roads: Encore Edition
2588860,Virtual AI - KURONYAM
3590530,SauteorFaute
2191570,Magic Boutique of Royal Blue
1979700,Logica Emotica
3675720,Seven Days Until Morning
3376620,Vigaro Runner 2: Return
2394170,Bouncy Motors
2434340,BLACK BOX LSS - The Shining Immortal
2191560,Volleyball Challenge
1726160,If you win...you lose !
2588820,Asteroids Star Fields
3590510,The Awakening of the Bleak Dimension
3206370,Island Treasure Chase
2394130,Let's Make a Potion
2191550,Pleh!
1726130,Pathless Woods
2588800,JACKPOT 3
3376590,Hearth Storm
2394110,Dickland: Tower Defense
2191540,Morkull Ragast's Rage
1337600,Wetware
1726120,Cursed to Golf
2588790,Halloween Defense
1903290,Premortal VR
3590400,Nyanco Channel Engine
3812660,Cladun X3
2394070,Melody Mania
2434300,Barkelona
2191530,IronKnight
1726100,Mammon: Devil Help
1396890,Boss of this gym
2588780,Sinister Nights
3812650,Lyset Core
3376570,"Coffee, Snow, and You"
3206320,Ignisia
2394060,Tiling Towers
1726050,Neon Depth
2588760,Lost Recall
3675600,Hentai Mature Milf
3376550,4X4 PROGRESS
2393920,Angeline Era
2434160,Office Is My Harem🔞
2191490,Pocket Academy 3
1726020,"Never End, Neverland!"
1541710,Wyvern
1518860,Gravel Gang
1903280,Heroes of The Sacred Tree
3590120,Blade of Jinshu
3376510,Cafe Haven
3206240,Platform
2393890,IGNISTONE
2191410,For the Crown
1725950,魔塔地牢
2588690,My new neighbor is a Futa
3812580,Butter Side Down
3675510,龍躍九天 - 情繫江湖
2191400,决斗小爱
1725910,Shards of Chaos
1979640,7Groves
2588610,Last Lesson
3675500,Snake 贪吃蛇
3812560,Aerial Camera Simulator
3206200,Magic Rune Stone
2434090,Death Roads: Tournament Prologue
2191370,A Path to the Princess
1725880,Project SNAQE
1541690,Concealment
1376200,KARMA: The Dark World
2588590,Fleshlight Squad - Fleshlightize -
3675470,The Aquarium does not dance Special Edition
3376470,A Realm of Eternity
2434080,Catcha Snatcha
2191320,Boat Train
1725860,Keng's Little Universe
2588580,Demon's GunPlay
3590020,Roulette Pro Simulator
3376440,Warp Blaster VR
3206170,Food Park Manager
2191310,Project Survivor
1725850,Horny Crush
1721870,Neon Sundown
1523350,Rocket Drift
1337530,Maskmaker
1903270,Sunset World Online
2588560,Try Not To Plummet
3376430,Hunter Moonstrike : Ai NPCs version
3206140,Interstellar Pioneering
2393810,FFFL: Brutalball Manager
2434050,The Sisters 2 - Road to Fame
1725840,MesetaMiner (CodeName)
1786930,Steelborn
2588550,Soulstone of Hope
3812360,Accordion Solitaire
3675320,The Lost Crucible
3376410,Lab Escape: Box Puzzle Game
3206110,Beast Island
2393790,Sweetland Slumber Party
2434020,我是大房东
2191270,Ease Out
1979610,The FED
2588540,Recordbooks
3675300,Brainrot's HAMSTER GAME
3376340,Conchiglia
2393770,"Bang Average Football – Play, Manage, Create"
2434000,The Puppeteer
1541670,Giant Blobs From Mars
2588500,Autocraft
3812320,The Odyssey of Commander Cookie
3675290,Crystal Gaiden Origins
3589940,The Neverending Summer
3206090,Arena of the Titans
2393760,Tall Trails
2433960,Snow Fortress 2
2191230,sunny-place-2
1725680,YouRiding - Surfing and Bodyboarding Game
2588480,Subenishiki
3812310,Dubai Chocolate Simulator
3376250,Nine-Ball Roulette
2433950,Fall of the stick knights
2191220,Magical Kingdom Fantasy
1725660,Opus Castle
1518810,Koi Farm
1337520,Risk of Rain Returns
1903220,Paint To Pixel
2588430,Shadow Rebirth
3675210,Drive And Unwind
2393670,Magic Toenail
2191210,Peach Hills Division
1725640,Sudocats
2588400,Robokid
3675170,Radiant Click
3812280,Fold & Fly
3206040,Runes of Vespera
2433910,Escape The Office
2393630,Frontera
1725620,"Love, Death & Veggies"
2588390,The Hell Inside
3812260,メダルのなる木
3675160,TAIMA MIKO
3853330,LexiRogue
3456260,In Search of Something
3206030,element
2393590,Blockade: A Game of Blocks
1376150,Roadkill
2433860,The Shaman's Ark
2588280,Fire Race
3812250,Bow Down & Eyes Up
3675150,Donut Riders
3376180,Telepath of Evil
3206020,Shrouded Aspect
3005890,Monster Ops 2
2393580,The Dead Await
2433850,Arcane Tower Survivors
1596290,JumpCubox
2588260,Tile Slider
3005850,Click on bells together
3812240,Real Vampires
3675130,Paradise Sea
3456230,Dotu
3376160,おしかけねーちゃん Can I crash at your place?
3206010,Attack Core
2393550,JUMP TO SURVIVE 2
2433830,Spider
2588240,Thunder Jumper
3812230,Mind Echoes: Remnants of the Past Collector's Edition
3675110,地禍駐車場 -The Cursed Underground Parking Lot-
3456220,TechGuardian: Territory Defense
3376150,I`m not spider
2393510,Master of Luna
2433820,SUPRACORE
2588230,Real Drift Multiplayer 2
3675060,Goblin_Gnome_Horn
3456200,The Night Museum
2393470,Edge of Grief
2588210,Restless Voronezh
3812200,Truck City
3674980,Explosive Odds
3456160,Truck Driving Cargo Simulator
3376070,RotorSim: Helicopter Simulator
1518770,Re: LieF ~ Shin'ainaru Anata e~
2588200,Crystalish
3812170,FlipCard
3674970,Colony 19
3455870,Congruence
3376060,S.S.C. Rusted
3205840,荡天下
3005690,GameLib
2433730,Unsorted Horror
1903170,The Quest For Excalibur - Puy Du Fou
2588190,Petty's Adventure: Volcano
3812120,Breadbulls
3853130,Food Fight
3455450,Useless Princess and the Village Renovation
3205820,Limb
2393410,The Rusty Longsword
2433710,Boaty Tanks 2
1396540,Twilight Wars
2588180,Dead Past 8
3812110,Whooshy Dragon
3674930,Prison 69 - 24 Hours In Jail
3376030,SwordSpire
3205800,The Last Dig
3005650,Lady Dracula's Mansion
2393370,Dustgrave: A Sandbox RPG
2433700,Boaty Tanks
1541530,Animal Drop Safari
3812080,不帰上 -Fukiage-
3674920,Markus's Miasma
3455330,科技素
3376020,Kimochii Classroom
3005640,Hungry Noemi
2393340,Runeroots TD
2433690,Deleted
2588160,Super Retro Rec League Racing
3812030,Pookie has a Fantasy 2
3853070,ARONDIGHT  アロンダイト
3455320,Supre-Immune
3375970,Project 1337: The Well
3005620,Drop Pockets
2393330,On The Wind's Breath
1311570,Desecrators
1518690,Nevermore: The Chamber Door
2587980,Don't Fall
3812020,Backrooms: Glitchfield
3674690,Stay
3375950,巅峰之路
3205630,Arcane Ascent
3005540,Astro Wars
2433670,Deep Loop
1903130,HellFull - The Last Hope
2587960,Boing Odyssey
3455140,三国阵
3205610,Bleak
3005530,Reflex on Go!
2433640,JumpCat
2587950,Isekai Hero
3812000,Backrooms: No Level
3852930,Fishplay
3205600,The Libido Enigma
1541520,Bad Guy Adventure
3674270,FALLSTRUKTUR
3375880,Total Defense: Three Kingdoms
2393160,Nice Day for Fishing
1251210,Dungeon No Dungeon
2587930,Topswap
3811980,Paper cut
3674240,Anura
3375870,Babka
3005430,HOME: Mother
2393140,Slave of the Succubus
1518650,Exodition
3455040,Bread & Butter
3205560,JanKenUP!
2393130,Spellarium
1903100,Super Slinger
2587900,Stellario
3811890,This Is Why We Don't Play Golf
3455030,Go-Kart Racing 2
3005360,GunBang
2393100,GoKaDu
1786820,Nonogram Animals
2587890,Poon Puzzle
3811880,Gamer Stop Simulator : Prologue
3674170,Arcane Assault
3454980,Mortal Kombat: Legacy Kollection
3375780,Trails in the Sky 1st Chapter
2393050,Winterland
1541420,The Farmthis Gallery
2587870,Xetanon
3852860,Mobile Buncha
3454930,Shadows Of Memory ll
2393030,Solo Hunt
3811810,Radial Overdrive
3852810,Little H.O.P.E.
3674140,Finding Annie
3454920,Banpo's Bridge Wondrous Worlds
3375730,Alpha Trashman Antoine
3205480,Unique Identy
3005310,Sample Gunpowder
2392990,Trailblazer (C64/CPC/Spectrum)
2433470,Romance Club - Stories I Play
1518640,VR Girls’ Room in Darkness
3811760,Atollo
3454910,Metro Mini Market Simulator
3205470,Mini Monsters: Gravitational Consensus
2433460,Rising snake:The present world
2587840,Pancake Patrol
1903080,Sharing Lights
1541410,One Pixel
2433390,Grim Tales: Echo of the Past
2587790,Anomalous Deception
3811670,Dynasty Game 2
3852740,Mazzy
3674050,Silly's Gameshow
3454830,SurfsUp
3205410,Line Clipper: Tennis Tactics
3005250,Harmless Lies
2433380,YGGDRASILL
2587780,异界战记
3811620,Mahjong Mysteries - Ancient Athena
3454810,Poltergeist Prodigy
3375580,Lustful Dead 🔞
3205400,Hers' Alms
3005240,希尔德救赎 Hilde Redemption
2392810,Wound Man
1596220,Tales of Arcrath
1518630,Pretty Girls Panic! PLUS
2587770,The Stalked
3811580,Devil's Tower
3673980,Quartermaster
3205390,Captain's Call
1903060,Heads Will Roll: Downfall
3811560,Angry Dik
3205380,Omelet You Cook
2433330,Garrison One man army
1396450,最末行程：胜利路19号
3005180,Rotosaurus Adventure
3205360,"City Lights, Old Flames"
2392760,GLASS2
2433320,Mage Mayhem
1541400,Cutthroat Cove
2587670,Your Train 2
3811520,ZeLastTank : Battle Royale
3852580,MEMOLOGY: ITALIAN MEME WAR
3205350,Standoff Beat
3005170,Lost in the Mine
2392740,Cave Digger 2
2433280,Street Thugz
1251090,Wolfie's Break Out
2587630,Blood Knuckle: Rooftop Of The Impossible Skyscraper
3852520,Spread The Love
3673920,Imp And Oaf Kick Off!
3454690,Regotown
3205320,InoLab Trials
3005120,Fear Is In The Mind
2392730,Notes of my silence
1518610,Revertia
3852490,Sex Game - Naughty Couple - Episode 1
3375340,Catchick
3205290,谁偷了我的女朋友
3005110,Lunar Lander Redux
2392690,Medieval simulators: Baker
2433230,Reel Life
1903040,Burning Vengeance
2587590,Iridio
3811470,Give me back my fruit
3852410,Dominated by: Yandere Goth Gamer Girl
3673900,Re: Gals Panic 2
3005100,Alien Outpost
2392660,Mencia. A never was tale.
2433220,Reflector Rhythm Master
1396390,Jump Hero: Beginning
3811440,The Left Eye
3673790,Broom And Boom
3454660,Color Factory: Automation Meets Canvas
3375310,Explore Dreams: Dreamcore
3205190,Alice's Lullaby
2392520,Power & Revolution 2023 Edition
2433170,Ciudad Alfombra
1541370,Ultimate Theater Simulator
3811420,Transit King Tycoon
3852380,Fairies Circus
3673750,Temptation at Sunset Cove
3454650,BitCraft Online
3375300,Dark Shadows
3004990,Sleep Simulator
2392500,Ever 17 - The Out of Infinity
2433160,Luffi: Homebound
3852370,The Journey Never Ends: Leviathan
3004980,Super Hero I.T. Software
3046500,ORDER9
2392480,Monster Memory
2433150,LOOP LOOP ROOM
3852340,The Last Ski Trip
3004950,Naomi Clicker
3852330,Marble Drop
3673660,東方凸凹遊戯
3454610,Poco
3375220,Dogs Contrast
3004940,Five Nights At PT's II
2392430,CARROT: The First Seed
2432990,NightSpawn
3589780,Sound of Summer Thunder: Day 1
3454590,Cornerpond
3205140,Latent Leftovers
3004920,Super Trailblazers
3046460,DevilReversi
2432980,Traffic Racer Highway Online
1251040,Aegis Descent
3454580,KAAZ - Featuring Akilah & Zak
3205130,Regrets
3004880,Just Futanari 2
3046440,ISEKI
2392400,Island Paradise
2432940,Nuke Them All
3673560,The Museum of You
3454570,Schoolboy Escape 2: Village
3375070,Sheep Quest
3205090,Jumping Jack
3004860,Sunchaser
3046430,Hamster
2432930,Monster Souls: Chains of Chimera
2392280,TDS - Tower Defense Strategy
3454520,Death Drive
3374950,Stronghold: Caverns of Sorcery
3004790,Monster Ops
3046290,Tyraels Ascension: Hell Walker - The Video Game
2392230,The Groom of Gallagher Mansion
2432780,Sex Simulator - BDSM
1541280,The Lost Dog
3852180,Hexateria
1998980,Peppa Pig: World Adventures
3589540,Stickman Puzzle
3374920,Games of the Monarch's Eye
3205000,Anomaly Mahjong
3046280,Hentai Tales: The Brave and Demon
2392160,Abscission
2432770,Project Teddy
3673460,Baccarat Online: Baccarist
3374900,Sweet Massage
3004710,NO MORE HUMANS
3046270,Hentai Tales: Uninhabited Island
2392150,"Jump Up, Jerry!"
2432670,Sex Coach: Hot Yoga
3589510,Returns Outlet Simulator
3204960,Bullet Noir
3004690,SkyNuggets
2392140,Eye of Saccharine
2432660,Clan monsters
1639690,Flowering Across 樱下花期
3673410,Screwball
3589480,あみだくじ ~Amidakuji~
3374840,Piss Off
3204940,Futanari's Secret: The Forest
3046190,Wicked Arcana
2392070,Bullet Time Battle
2432630,Mythical Agent
3673400,新宝島トーアの新天地開拓記-TOAisNEWLAND-
3374820,Hockey Pong
3454300,West Escape
3204920,Northern Ireland '74
3004620,Trial of Sacrifice
3046170,Tree Eater
2392060,Idle ShowOff
1541250,Super Raft Boat Classic
1998840,Arcadia
3852000,RedLantern | 赤提灯
3673360,wizbuilder!
3204900,Your Heart
3004600,MASTER OF FRIED RICE
3046150,Murder Is Game Over: The Blackinton Curse
2392040,Antbassador
3851990,Netbreak
3673320,Ticking Together
3204880,Screw Dive
3004590,Level Up: The Playable Rap Album
3046140,Haunted Property
1596110,Sweet Desire
1518440,MakerKing
1902900,The Eternal Battlefields
3851980,Green Soldier
3589350,Hayo and the Emporium
3374720,Tales Beyond The Tomb - The Farm's Secret
2392000,Ultra Foodmess 2
3851960,Walk Along The Shore
3673220,The Joycare
3454250,101 Cats Hidden in Paris
3204840,Time Over
3004570,Fear Calibration
3046120,Cone Flyers Mercenaries
2391990,Highland Panic
2432500,Panchin is Frustrated
3851950,REDSHIFT
3589280,Zafira
3374700,Moldbreaker: Rise of the Loaf
3204780,Bonk It!
3004560,Runeflame
2190130,B.I.G
2391950,A Thug's Ascension
2432490,Broke Signal Badlands: A World of Desert Adventure
1541240,BOOOOOOOOOOOOOOOUNCE
3851930,GSK
3589250,Kutha Stroom Rush
3454220,101 Cats Hidden in New York
3204770,Don't Fall
3004530,Scarlett Steele: Viral Temptation
3046050,Dagger Froggy
3673150,Vegas Casino & Slots: Slottist
3851870,Jiggle Journey
3589210,The Mushroom Of Shadow
3454210,101 Cats Hidden in Vienna
3374670,Super Hot Cube
3004510,Tales of SclObonia
2391910,Gather
2432460,Born to Rise
1518430,Eiyu*Senki Gold – A New Conquest
1902880,Tales of Yore
3454200,101 Cats Hidden in Milan
3204750,Xalos: Collectible Card Game
3004500,Droid Wars
2391900,Champion Shift
2432450,INVICTA: The Next Queen
3851840,Raze Vol. 1
3454190,The Four Money Bears: Berryville
3204740,Lets castle
3004470,Salvor DEEP
3045890,Mystical Mushrooms
2391870,MareQuest: An Interactive Tail
2432310,Connect Lyrical Spectacle Forest
3673090,Dino Rocks
3374610,Christmas Mutilator
3204720,Veilwalkers
2391840,NejicomiSimulator TMA01 
1541220,Bouncy Goat Climb
1998760,The Way of the Badass
1250900,Project Beril / 贝丽尔养成计划
3851750,US Visual Novel
3673060,How to Train Your Cock
3589130,Life Dash
1902870,Vertical Kingdom
3453930,Battow - Mages And Monsters
3374570,Pond Twister
3204590,Sociable Soccer 25
2391780,Hime's Blossom
2432250,Wordsearch Attack
3589010,B.A.N.K.
3374560,Catch the Skunk
3004340,Beware The Ghost
2391750,Tiny Elf
3851650,The Darkest Dusk 
3204510,Friday Fever
3374550,Quad Puzzler
3004330,Dungeon Online
3045660,东方醉游稽传~Touhou Drunken Rebellion
2391690,Blue Maiden
1998710,E-circle
3453870,THE DARUMA CHALLENGE
3374470,Dungeon Destroyer
3204490,Fighting Simulator
3045650,Illumina Defender
2391680,月藍傳奇REMAKE古文明之謎
2432190,Metania
3851630,ToneTrek
3672970,The Haunted Nora Apartment
3588970,Heroic Songs: the Remix!
3453840,Dead Spaceshot
3204480,Wispy Dreams
2391650,Monarchy
2432110,WHITE ALBUM: Memories like Falling Snow
1518370,Theme Park Mystery
3851610,ONLY HARD
3374450,Lawnmower Game Jigsaw
3204470,Driving Simulator
3045560,Gears Of Time
2391640,Binding of Elements
2432100,ONE.
1743850,HYPER DEMON
3672900,The Honours Project
3588950,Tayutama:It's happy days
3453680,Where is my hat?
3204460,A Story About Birds
3004260,Dyebreaker
3045540,Breakthrough
2432060,Sel Mounta-Siege the Demon Castle
3672890,Angry Youth
3588930,Pixel Transit
3453670,DEAD DAYLIGHT
3204450,Dash
3004230,Delta Strike
2432040,NejicomiSimulator TMA02
1998680,Stellar Space
3851570,Lure Of Passion
3453660,Archerry Storm
3374390,FleshBound
3204440,The Cube of Love
3004180,Curse of Dares
2391570,Battle For Cosmos
2432030,City Legends: The Ghost of Misty Hill Collector's Edition
3851560,Boll's Journey
3453650,SlimeIsland
3374360,Dream Kitten
3204430,Arena
3045510,Pixel Flip
2391490,Sorcerer's mid-month exam
2432010,The Stranded Traveler
1518360,UnearthU
1902850,Dreams in the Witch House
1743830,One Military Camp
2587450,Tank Team
3672800,Unknown TD
3588820,Human May Jump
3453610,Hoover Heroes
3004140,LockYourDoor
2391440,Life Saver
2432000,Inside the Labs
2189640,Cannibal Abduction
2587400,BARA Labs
3672790,Delivery Point Simulator
3453600,Supercar Collection Simulator
3045440,Dorf the Dwarf
2391420,Below the Surface:Uncovering the Truth in the Sewers
2431980,Goblin Camp
2189630,Only Sex in the Brothel
2587390,Cuckies & Cream: Maids for Milking
3672780,"Femdom Girlfriend 4: Isabelle, The Facesitting Queen"
3588760,Spacenoids
3453570,Supercar Collection Simulator: Prologue
3045400,Blêktre 2081
3004120,YouthSignal-ユースシグナル
2391400,Grand Tanks: WW2 Tank Games
2431960,擱淺地 - Dream Antique
2189620,Ruins of Istanbul
1998670,Medieval Knight
3588660,Chubby Cats
3453540,Jurard Run
3004110,Remission
2391310,Lies of Astaroth
2431940,Time Knight VS. Zombies
1396150,Sutekina kanojo no tsukurikata
1596030,JETMAN
1518350,Higgs Boson: Minimal Puzzle
2587370,Chick-Chick
3672740,One-In
3588630,PC Building Empire
3045370,Spider Caro
3004100,FREEDOM WARS Remastered
2391300,The Dev: Enter The Blockchain
2189580,The last lover
1743820,Orph - The Lost Boy
2587360,Neon Marble Rust
3453520,Chainward
3672720,Prison Escape Simulator: Dig Out
3004090,Unbodied
2431880,High Sea Saga DX
2189530,Heavenly Beauty × Silver Bubble Ninetales
1459300,Glittering Sword
1375900,Swarm Grinder
2587340,GroOove
3851430,Hentai Elarin
3588590,Doll Parts
3453500,Drone Academy
3004070,Lusófona Games Collection 2024
2391240,Traitorous Trek
2431850,Bumper Arena
2189450,Boba Tea Shop Simulator
1596010,Martin and the Magic Staff
2431820,Secret Shuffle
2587280,The Vorlec
3588540,your cattle
3453460,Touhou Unite Arena
3851370,Home for Friends: Beloved Pets Collector's Edition
3045300,Hentai Senpai: Seieki Akuma-Tachi
3004010,Colorpicker
2391140,Hotel Manibella
1902830,Night Racer
1463080,Snow Survival
1743810,The forgotten phobia
3851340,ScareCrow Hunting VR
2587260,Chill Seekers
3672650,Dfiance
3588530,Orbital Descent
2391120,Amalgamare
2189420,骸心 Mainbody
2587250,MINDFIELD
3851330,CONFRONT
3453440,Reap
3003960,Guns Demons
2431760,Infinite Random Defense
2189370,Feathered Run: Worlds
3672600,LabyrAInth
3588490,Bogos Binted?
3045240,BlastLast
2391100,Button VR Expeditions
2189350,Augmented Introspection: Emel
1998590,Russian Hunter
1541110,Demon Zombie Outpost
2587230,Sapiens Craft Puzzle
3672540,BACKROOM LOOP
3588460,Evel Knievel
3453400,Machinery 3
2391090,ASTRONAVE
2431730,V-Air Traffic Control
2189310,Letters to Arralla
1518320,Minesweeper Versus
3672520,Castle Forbidden
3453390,SQUASER 3
3045200,Beatblock
3003850,Knowledge Keeper
2391080,Zone VX
2431720,Sea Rivals VR
1902820,Virtual AI - Lily
2587190,Click Click Click
3672500,Cyber Pet Oi
3453370,LUST BET - Milf Edition
2391050,Blaster Panic
3003820,Age Of Privateer
2431700,Vampire: The Masquerade - Justice
2189230,Hell O Corn
1459260,Techlie
2587170,Railbreak
3672490,Walk of Fire
3588390,Get'TRUMP`ed Trivia
3453360,Tribute
3003780,Thor's Breakout
3045170,Steel Skirmish: Reloaded
2391040,Teacher Certification Hell
2431690,We Are Lost
2587130,Outbreak The Fedora Files: What Lydia Knows
3672470,Racket Pinball
3588360,No Path Forward
3453330,Cult Leader Simulator
3045150,MareScape
2390940,Pempe
2189160,まなことひとみのばわい
1998580,Breath of Ghosts 2
1541100,蕾米的挑战 Remilia's challenge
1250760,Far Away
2587060,Death Lease
3672440,Mighty Arms
3045140,Mazed Joseon
3453290,My Gambian Boyfriend
3003730,Fantasy Clicker
2431640,gravity
2189150,Conspiracy TD
1518300,Two Guys One Cabin
2587050,在线乞讨
3672420,OneOne
3588330,Finnigan Fox
3003720,Courage: ZaGame
2390900,STIM
2431610,ikuzo
2189120,Villager's Hideout
1902810,Metal Voyager
2587040,JACKPOT 2
3851100,I will be a star
3672410,POGO Stadium
3588310,Coloring Cats: Sports With Friends
3453150,愉快でくだらないゲーム集
3003700,Alister In Wonderland
2431600,wasteland of east
2390860,Mine
2189110,Escape From This Planet
1459250,Temple Hunters
2587030,Hellgineers
2390850,iAlly
1806860,NEW TERRA®
2587010,Road Motorcycle
3588260,Georgie-Yolkie 64 - The Furry Tale
3003680,Adventure Allies
2390840,Zombie Defense: The Last Frontier
2189040,Mean Beans
1998540,Pumpkin head
1541040,Formula Bit Racing
2586970,Raster
3851020,Where Is My Pocket?
3672320,Moving Forward with Cat
3045060,StreamerBeater
3003670,Brick Breaker Infinity
2390820,Save City R
2431570,Fire Breakout
2188960,Vampire Slayer: The Resurrection
3672300,Babbling Brook
3045050,Moorhuhn Jump and Run 'Traps and Treasures 3'
3003660,Galactic Striker
2431560,Feast Manor
2390730,Knight Trail
2431510,BlueSuburbia
2188910,Waifu Museum
1806840,100 hidden frogs
3672250,FloorBreaker
3453000,Spear
3045000,Tile To Tile
3003580,Mineral
2431490,英雄之旅
2188890,Fantasy of War
1998530,Yoiyami Dancers: Twilight Danmaku Dancers
3044970,Vorago
3003570,皇帝
2188880,Evergreen - Mountain Life Simulator: PROLOGUE
1395920,GrappleWell
1595900,Knight Flight
3588050,Valiant Villagers
2586720,Maraka
2390670,ASSASSIN: The First List (Beta)
3003550,Aqua TV
2431410,Grab The Goblins!
1902730,The Pathema 疫途
3850870,Knights College 2
3587990,Car Crash Chaos
3044920,Necuratu
3003530,The Tunnels of Saint Mercy Road
2586710,Futanari Tales 💕🔞
2431390,MagicArchitect
1743710,100 Doors - Escape from Prison
1459210,"L'intrépide, le futur de l'imparfait"
3452940,Prism: Master Tape
3044910,VPN Simulator
2586680,Bug Bash
2188820,The shelter of patient
3003470,The Cesspit
2390650,Boomeraxe
1806830,Deborg Desolation Pre-Born
1518220,Spells & Secrets
3672110,Fracture
3587960,Card Gauntlet
3044810,よりそいデリバリー
3003460,Bang Bang Barrage
2586670,Evil Snowmen 2
2390600,I commissioned some letters
2188790,Unknown Pyramid
1541020,Kakele Online - MMORPG
1998510,BDSM Apocalypse
3672100,The Home County
3452900,Machine Tower 2984
2390590,I commissioned some butterflies
2431360,Doomsday School
2188740,Phantasy Series Reference Opus
1595890,Traxion 3000
3672090,hgmGame-sheep
2586640,Wall ass office simulator
3003390,The Ball
2390580,Hyper Hentai Devil Hell
2431330,Galactic Grinder
1310990,Bishojo Mangekyo Kotowari to Meikyu no Shojo
1902710,Weird RPG
3850630,CODE::LUX
3452840,Primal Fray: Prologue
3044770,Anomalia O Despertar
2586630,Shelter in the Doomsday
3003360,Stronghold Defenders
2390530,Planet of War: The Legend of Fu
2431320,Cat-aclysm
1743670,Axon Hero
1459170,Military Crusaders
3811400,Jojon Wik
3374340,OPA: Super Janken
3204420,Alteratio
2390520,Trans Neuronica
2431310,ANYU
1806700,Monster Girl Manager
1227570,Lotus Reverie: First Nexus
1998470,Canterz Paranormies
3811390,WASD : The Adventure of Tori
3044740,V-LOVER!
2586560,NINJA KAMUI: SHINOBI ORIGINS
2390510,You Have 10 Seconds (2023)
3811350,Real Boxing 2: Remastered
3587780,Plenty of Fish in the Sea
3204390,A THOUSAND MOUTHS TO SCREAM
3044690,Alex: An Adventure Between the Ages
3003300,ZM Desktop Elf
2586540,Filled to the Limit
2390500,There's Always a Madman: Fight or Flight
1722660,Hamster on Rails
1595850,Spider Crisis
1395890,Super Dango
1310970,RussianPunk 2007
1902690,Fate/Samurai Remnant
3374280,P.I.
3044680,Influencer Boxing
3003280,Jaro Adventures
2390490,NeoCars
2431230,Cyber NINJA that Climbs the City
1722620,Toree 2
1743660,心灵迷宫（ Mind maze）
3587760,Sime Is Back 18+
3374270,HERESIS
3044620,Manners Be Damned!
3003270,AnnaRedux
2390480,Beach Invasion 1945 - Pacific
3587750,Psycho Pigs
3374160,CSC
2431210,No One's Escaped
2586500,Pixel of Memory
1806690,Pornocrates: VHS
1540960,Underworld Idle
1998450,Black & White
1250630,Recolit
3587720,Delivery Depot
3374140,The Gears: Factory
3204310,The Gods of the Red Planet
3044550,Eldrea: SEX Saga 🔞
2586430,Undefined Survivors -アンディファインド サバイバーズ-
3204250,Lost But Found
1722520,FIND ALL 2: Middle Ages
1743650,Teravit
2431130,Procrastinaut
3204240,The Tale of Relm
3044540,Riddle Tower
3003050,Robert on Earth
2390310,Deadblast
1722440,Bunch of Games
2431110,Furry Futanari Jigsaw 2
2586330,Degradation: Kyomu's Fury - 劣化：キョムの怒り
3811050,Code L.U.S.T
3204230,Mazer Laser
3044520,Coffee Express: Barista Simulator
3003020,Steam Prison -Beyond the Steam-
2586310,AREA93
2431100,That Which Gave Chase
1806670,Haunted House Escape: A VR Experience
2390290,D96: Kansei
1540920,Neonverse Defenders
1518190,Evil Mansion
3811040,Femboy Streamer
3204140,Novel Rogue
3002930,心动满屋
2586270,自由世界
2431090,FISHGUN
2390260,Topple Tactics
1722410,Perang Laut - Maritime Warfare
3373990,Sprout's Words
3204120,Maestro's Cold War 2
3002920,City Park Play Date
2390230,The Chef's Shift
2431070,98xx
2586250,Horrific Xanatorium
1578020,Rat Race
1722390,Osylla
1395830,Hoplegs
3810990,Row Away
3204110,Death Frame
3044440,Gas Station Manager
3002860,Novivors
2390220,Expel
2586240,Loinkham TD
2431030,Spicier Than Sugar!
1743610,Running Water
1459020,Memories of Tomorrow
3204100,The Genetic Dilemma
3002850,FAIRY TAIL 2
2390170,Birnchen & Friends: Minor Confrontations
2586170,Blob Life
2430990,Their Land
3810920,Glazed Mirror : Myriad Cards
1722310,Spellarium 7 - Match 3 Puzzle
3373960,holo8
3204090,Sexy Memory Puzzle - Kinky Workout
3044400,Duel Hell Purgatory
3002840,荒古战纪
2586160,Paper Planes
1806640,Mushroom Hunter
1540910,City Maker
1998420,Mida's Adventure
3810890,Grit the Dark World
3373950,古き薔薇の館 Old Rose Mansion
3204040,Rugby Tycoon Rugby Rovigo Delta
2586150,The Builder - Season 1
1722140,Hop Step Sing! Happy People
3587280,Puzzled Cube
3204030,TellTale - Casino Murder Case
3044330,Cluminati
3002800,Lust Potions
2390070,Pocket Puzzle
2586140,English Is Hard_
2430900,Among Ashes
1577990,Robo-Worms
1595780,Restland - Inno World
3810870,Asteroid Requiem
3587260,Backrooms: The Deep Dark
3373900,Star Dream Journey
3204020,Juufuutei Raden™'s Guide for Pixel Museum
3002790,Blast-a-bug!
2586110,Defenders Guild
2390060,dEskape
2430860,Sea of Chaos
1722110,CAPTAIN STARONE
1675090,Car Physics Simulator
1743580,Horny Elves and a Moral Orc
1459010,Fallen Leaf
3810860,Crystals of Power
3044220,Liminal Exit
2586090,Enemy Trench
3002780,Shadow of the Orient
2390020,Press Axe
2430830,Strongblade - Puzzle Quest and Match-3 Adventure
1722100,Sky Tale
3587160,Plaything
3373830,The Way of the Tray: Japanese Restaurant Simulator 🍙
3203860,Sewing Stuff
3044210,Necro Negate
2586040,Memory Patches
2430820,Squab
2390000,Alchemist's Fantasy R ~ A Girl's Alchemic Furnace ~
1518140,Dear Mom
1806630,Usagi Health Club
3587140,Ark Re:Code
3373820,BBA Ghost Story: Ward Edition
3044180,Farm Debt Repay Life:Prologue
3002720,Negative Energy
2586000,Endless RPG - Untold Tales
2389940,"Jump, Dodge, Die, Repeat"
1998390,Road Trip
3810820,ScreeIN
3587090,Double It
3373810,On Roads Between
3203620,Bar Night VR
2585970,Mardori
2389930,"Ayase, the Sexy Archer"
1722040,Rabby in the Land of Sweets
1595770,SUFFER 2
1395760,Reshaping Mars
3810810,Cube Ninja
3587080,Suizokukan Project
3373800,Relaxing Fields
3203600, Magic pal and great
3044140,Unsteady
3002650,Death by Deduction
2389900,Unpredictable Star
2430790,Phonk Cats
1722020,Old Coin Pusher Friends
1743570,RFVR
3044120,Melo's cat cafe
3203590,Navicula Meatus
3373730,The Secret Ops 2
3002610,Pebbles Quest
2585840,Kitchen Quest
3044070,"If you touch me, I will marry you. Pt.1"
2430730,My Child Lebensborn Remastered
2389860,H Girl 3
1998380,Crash Forts
3586970,Paladin's Horn: The Destiny of the Holy Lance
3203510,水浒群侠传
2585830,Promise Mascot Agency
2389830,閃攻機人アスラ - ASURA THE STRIKER -
1721930,深渊
1577940,Redaxium
1395750,Dasher
1595760,ScreenSpace
3810620,Survive the Grid
3373670,Dice People
3203470,Jeepney Stories
3044040,Jenga Cat
3002570,Nymphomaniac - Sex Addict
2585720,Sex Apocalypse 2
2430700,Love X Crotch X GYM
1721910,CABOUS
1743470,Dirty Wars: September 11
1458980,Misery Mansion
3373660,Look Outside
3002560,Containment Initiative 2
3044030,Ten Bells
2430690,Clover Day's Plus
2389800,Inferno Quest: Journey Through the Lava Cavern
3586910,The Forgotten Rooms
1721890,Googass
2585700,Quack Attack
2389770,Arobynn: Below The Surface
2430680,Hope is Gone
1806580,Neon Bricks
1336690,ZOMBIE MATHters
3586890,DraftPunk
3043960,Stop Them All
2389710,Rain and Respite
2430660,MiceGard
1998350,The Sand Knight
3586880,Sudoku Pro
3373550,なつ♡カノ SUMMER GIRLFRIEND
3203420,Watch Party
3002510,REPOSE
2389700,My monstrous roommate. (étude)
2430640,Sensual Adventures - Episode 9
1577910,Ghost Cash Collect
1395710,Daisy Flies to the Moon
1310740,MORTARMEN
3586870,Electric Road
3203370,Ala Mobile
3043940,Croc Legend of the Gobbos
3373540,Our War: Firepower Suppression
2585580,Legacy of Sin: Ill-Boding
3002500,Goldenheart
2430630,Sensual Adventures - Episode 8
1721800,八尾
1540840,Sausage Fiesta
3373530,おしかけケモミミついんず FURRY TWINS
3203360,DEADBYTE
3043920,SpaceFire Fury
2585570,War Maze
2430620,Castle of Terror
3373520,Xalos Conquest
3002440,MORSOMNIA:0
2585560,笼中困兽
2430590,True Maze Defiance
1721720,战地指挥官/Battleboom
1806570,OtherSoul
1518090,Freelancer Life Simulator: Prologue
1227320,Shutter Nyan! Enhanced Edition
1998340,Labyrinth of Galleria: The Moon Society
2188690,朱鹭子的奇妙冒险
3672050,CHIMP WAR
3810480,Retro Meadow
2585530,Crawlspace Multiplayer
2389600,Tuya
2430580,ASTROSMASH
1577900,Contact Me
1519900,MASAGORO
3373490,Chasing Cassidy
3452790,黄色猫片
2585490,SpringHell
2389570,Sniper Killer
1519890,Tiny Space Academy
2188660,NONOGRAM - KAWAII CUTIES 2nd
3373480,White Prototype
3452770,CATACOMB
2389560,9 Lives to Defend
2430540,Radix Chronicle
1540830,Conspiracy Girls
1458960,Tip Top
2188640,Lustful Assistant
2585430,Card Collector And Card Girls
2389530,Barrett Foster : Chapter One
2430510,Pyramid Curse
1519850,STOP and MOVE
2188630,Dear Diary
3671980,Job Battle Simulator
3810390,VIVARIUMS
3452740,Oil Refinery - The Simulation
3373430,Somnium Eleven
2585410,Absolute Schafkopf for Windows 11
2389500,Skiing Frenzy
2430500,Delven
1519820,Slime Crown
1227280,Despot's Game: Dystopian Battle Simulator
1998330,Yomawari: Lost in the Dark
2188620,It Returned To The Desert
3810340,PASS
2585390,Absolute Doppelkopf for Windows 11
2389480,Starcade FACTIONS
2430470,Vilde
1519800,Halloween Trouble 2
1577880,LUNAR LICH/月球巫妖
1595640,Tres-Bashers
2188570,The Rings of Powder
3810250,Bot Rush
3373400,Recoil Control: The Adventures of Rico Ché
2585380,BLOKI
2389440,Little Postman
2430440,Time Raiders
1519790,Fast Food Manager
2188510,Breath of the Gods
1806480,RIDLE
1519770,n-body
2585260,I commissioned some cats 2
3452630,OuPaiWar2 Hua's lake hut
2389360,Darwins Trash
2430380,War Gun: Shooting Games Online
1518020,Tales From The Cache
1519730,Wildfire - Ticket to Rock
1336600,Cabin Fever
1998320,Death Bind
2188500,From the Ashes
3671830,Harem Of Three Thousand
3452610,奇趣博物馆
2389340,Phantom Blaze
2430370,Striker Zone: Gun Games Online
1519710,SCHiM
1577860,Code Lab（代码实验室）
2188490,Heavy Lies the Crown
3671800,Rafica and Sealing Wedge
3373280,Undead Rampage
2585180,Smokey's Rescue Team
2389310,Love Sex & Fitness
2430360,Code of War Gun Shooting Games
1519690,STAY
2188480,She Who Rises
3452530,Run-Sprint-Parkour!
2585160,Our Little Secret! Heart-Pounding Idol Sex! Forbidden Lessons with the Manager
1743390,YetiFree
2430310,Mighty Marbles
1540780,灭顶之灾—救赎
2188470,Save the Queen
3810120,Turning The Tide
3452400,Demiurge Sacrifice  - Episode One
3373050,Girl Abducted
2585110,Last Stand Delivery
2389270,Ink Neko Maid
2430300,Hauma - A Detective Noir Story - Prologue
1519670,Super Brain Cube
1806440,Boomerang Woman
2188430,Equinox
3810030,Dark Resolve
3373040,Electronics Supermarket Simulator
3452390,Ancient Ocean: The Fall of Atlantis
2585050,TYRONE SOULZ
2389260,Aldro
2430290,Neon Fantasy: Furries
1519660,Goat over it
1902250,Deadly Rain
2188380,Halcyon
2389250,MailPop
1998310,Max Twist
3452370,AnderKant 3
2585040,GUNVOLT RECORDS Cychronicle
2430280,Who Did It?
1519650,Haunted Nightmares
1577810,ShootOut(SystemD)
3671710,Touhou Kinjoukyou ～ Fossilized Wonders.
3810010,Overdrawn
3452320,东方龙华传 - The Gatekeeper of Scarlet's Mansion
2585020,New Journey to the West
2188300,HookEscaper -High Speed 3D Action Game-
2389240,G.O.P.O.T.A
2430260,Pure Fun VR
1519640,Simulation world
3671660,Dream of Change: Poker
2188260,Portable Ops
3810000,Geargrid Tile Match
3452290,Borrowed Thyme
2584990,Shadowverse: Worlds Beyond
2389230,Necrotic Haze
2430250,VerdantOfWorld:LostWay
1540760,The Death Wizard's Tower
1743380,SCP: Doki Doki Anomaly
1682520,Art of Fury: Virtual Gallery
2188230,Phoenix Nightmare
3671580,Relapse
3452280,The Solitude Project
3372980,Tower Wizard
2584970,Wormhole: Battle for Planet Earth
2430220,CATASS
1519620,X air combat
1806430,Injoku Byoutou
2188220,Across-Stitch
3671550,Painted Echoes
3809950,Printfarm Simulator
3452270,Secret Paws - Cozy Offices
3372960,Christmas Infinity
2430200,Hot Girls Delivery Club
1519610,Assau!t
1517970,Aeterna Noctis
1998300,Where's Oswald
2188180,Maruja Mallo
3452240,Mayday Trials
3809940,Drill Bird
2430190,FlippedDream
1519590,Sentimental Trickster: Yaoi BL Gay Visual Novel
1577750,Hamster All-Stars
2188030,Elemental Adventure
3671520,The Anomaly Protocol
3809920,Wicked Little Witch 小小坏女巫
3452230,Succubus of Aphrodisia Chapter One: Ako's First Embrace
2584850,CHUTNEY: Space Survivor
2430170,Hidden Pass
1519570,Starter Pack
2188010,S.T.A.R Space Typing Action Rangers
3671510,MAIDOMINA VR
3809910,Midnight Shifts with Femboy
3452170,Sky Resort 3
3372890,HUNTED
2389120,战姬军团
2430160,Taimanin Asagi
1519550,Rebellion Gaia
1540740,Dungen
1743350,KOSHMAR
2187920,Iron Marines Invasion
3809900,Habbo Hotel: Origins
3452160,Remnants Of The Witch
2584800,Star Mining Co.
2389100,Z-APE: Tower Defense
2430110,Sapiens Craft
1519490,The Doors of Trithius
1595600,Last Generation: Survival
1806420,Do U Copy?
2187850,Minesweeper Arcade
3671420,Pipeworks Puzzle
3809890,ALASKA - An Endless Night
3372820,Christmas Wonderland 15: Collector's Edition
2389040,ShapeHero Factory
1519470,Endless Furry Killer 3D
1517960,Rebirth:Beware of Mr.Wang
3671400,Dark Fairy Tale
3809870,Scary Game
3372740,Evil Timefall
2584710,Apacies: Creatures of the Old West
2187840,The Legend Of Tiger And Phoenix
2389030,Soul Cliff
1519420,DMN7
1577730,Knight Princess Eris
3671370,MIDNIGHT SNACK
3809740,TOJIBO
3452020,101 Cats Hidden in London
2584650,Girlfriend from Hell
2429960,Forwards
2389000,Dr Wan
2187670,Electrocop
3671060,Screenside Station
3372650,Tangermarine
3452010,101 Cats Hidden in Istanbul
2584630,Legendary Slide 2 - Platinum Edition
2429930,Power Network Tycoon
1806400,Alpha Shark
1519240,Box Ninja
1998260,Ancient Aliens: The Game
1336490,Against the Storm
2187660,Soccer Clubs
3670970,rudeirer.wtf
2388980,SHOVELBOY
2429890,Incubus Quest
1519230,The Last From Mars
1577700,Soul Challenge
2187640,Hero Z TPS
2584590,Fallen
2429870,Quarta Amethyst
1395510,Solar Scion
1432840,Resthedex
2584570,West of the Witchlands
2429860,Living With Sister: Monochrome Fantasy
1519190,Duck Flight Simulator 2021
1250280,Путешествие паладина
1743260,Welcome to Free Will - Episode 1
2187570,MUSHROOMAN
3670920,Smoke Shop Simulator
3809630,Detecti Meow
3451960,101 Cats Hidden in New Delhi
3372590,Fit-Right-In
2584550,Golf Evolution Simulation
2187560,Electrical Safety VR Training
3809620,100 Cats Lost in Thailand Find & Color
3451940,Escape from the Archives
3372570,Peek-A-Mimic Christmas Castle
2388890,Save King
2584530,Mirrorscape
2429760,Johnny Rocketfingers Complete Game Collection!
1806330,Lavender Quartz 境界秤動
1519150,Slavic Winter Simulator
1517870,StalakMiner
1998250,Liminus: The Silent Guard
2187450,Asterism
3670880,Fallen Kunoichi ~Netorare Hidden Village~
3451930,"Tricks, Treats and Mirrors - An EoG Side Story"
2388880,2 Volt
2584520,MetaGraph
1519140,[Neolithic]To the End
1577690,Video Game Fables
1395480,A Midnight Village Story
3850620,The Deathmind
3809600,100 Cats Lost in Italy Find & Color
3203320,PIZZA WESTERN 🍕
3043840,30 Floors of Madness
1540700,Ortheo
1743230,Time of the Clones
3809590,100 Cats Lost in China Find & Color
3372520,Grasshopper Collection
3043810,Eternal
3203310,Desideratum: Blood Bonds
2388850,Wukong Odyssey
1458690,Mango
2187370,Blindsight: War of the Wardens
3670750,Afterglow-The fifth ending
3451810,Staroot
3372510,Car Wash
3203300,Giggle Night: Trixie's Trial
2388820,Eternal Survivor
1227100,Wildemist Isle
2187340,ExoColony: Planet Survival
3670740,Good Boy
3809570,100 Cats Lost in Turkey Find & Color
3586750,猫猫旅行社欢迎你！ Momo's Revitalization Project!
3203290,The Black Vault
3043760,HELLBREAK
2388810,霓幻云端 NeonHClouds
1902180,Plebs
2187320,Ninza
3586740,Ellentis
3203280,Retail Simulator
3043740,Calculate It
2388750,Arm of Satan: Chapter 1
1577680,Neon GraVel
2187300,Active Soccer 2023
3372440,Wizard's Warp
3043710,Diplomacy is Not an Option: Shareware
1743220,Spectrum
2187290,Wall World
3670650,Desktop Succubus
3586670,Mahjong Solitaire Pro
3451670,Quallet 2
3372420,LIBRITOPIA: Librarian Simulator
3203220,Mini Star Math: 3 Hearts
2187230,ALTF42
3850520,Master of 4 Swords
3586660,Word Play
3451620,The Jester
2388690,Forever In The Backrooms
1517830,Miska's Cave
1310410,Alone in the Dark
2187220,Apollo Justice: Ace Attorney Trilogy
3850510,A Sexy Tour With : Elsie
3809460,Scila e il Drago Diamante
3586650,Stellaluna
3451600,Transregnum
3850480,Straif
3586530,【REDACTED】：SexCP-069
3670600,Hexitten
3451580,Sobakan
3043540,Mazzle
1540680,Talking Kiteboards by Flexifoil
3203160,Talk to Me Human
1743190,LOVE! TRUTH! PUZZLE!
2429480,Gotchaball
2187130,Rabat Protocol:Metal Rhapsody
3670590,Waifu Days
3586520,Beek: Familiar Spirit - Remastered
3451570,Rope Guy
3372090,HELL OF FEAR: Mind Breach
3203130,Afterlight Catacombs
2388600,Mythical Mayhem
1458620,Hentai Animation Puzzle
3809380,Beer Runner
3586480,Bling: Fortune Memories
3372080,Mogradiz
3043400,TerminalMaster
1806200,Scientifically Accurate Dinosaur Mating Simulator 2021
3809370,Clubbed
3850370,Veil of Sight
3451550,Robot Problems
3203040,Malpractice
3043370,Dream Warrior
2429450,Woodcutter
1998170,Second Thoughts
3809360,Pirate Skulls and Sails Online
3451540,Planet Hero
3043330,100 Hiddensaurs
2388520,Kessler Syndrome
1661500,Our Mother's house
1577630,Speed
1395420,Human Diaspora
3586440,Gunjutsu
3451530,Magivor
3372010,Darke: Haunting Hours
3202980,Z Diaries
2388510,"Mage Tower, A Tower Defense Card Game"
3043320,Mage Food Truck
2429420,SOLIVAGANT
1743180,Close Quarters Supremacy The Legis
2429410,NightHover
3850320,次元战姬-美少女.策略.卡牌.游戏
3670510,Protect The Hangar : From Zombies
3586420,Iron Core: Mech Survivor
3451520,Kingdom Lands
3202950,Fresh Tracks
2388480,HatLand
2429380,淤積的祈禱（Silted Prayer）
2186980,Deluge: Sermon for the Dead
3451500,Car Guys
3202880,Cult of Persona
1806190,Prince Nikolai and the Vampires
2429360,The Sandwich Making Experience
2186970,The expedition squad
3809280,KS Tank War
3586380,Thief Office Simulator
3451490,FireTruck Rescue
3202870,The Lusty Half-Demon
3371930,Only False
3043290,D.N.A: Do Not Answer
1998130,TOTEMS
2429350,myPOPGOES
3809260,2040World
3850280,Clobber Barons
3586280,夢現しろっぷ - Dreamy Syrup -
3451480,Scallywag's Revenge
3371840,Heritage
1577620,The Signal State
2429340,Valley of The Savage Run
2186940,Dark Sweeper
3850220,OnlyGame
3809220,W.A.PU Space Orderty
3451470,Molten Maze
3586220,Orbital Nexus
3371790,Platform Run
3202810,KAZEKAO
3043210,Vampire Slayer
1540650,Evasive Maneuvers
2429330,VR-太阳系
3809180,Fucked by the Princesses of the Realm
3850200,Dominated by: Yandere Goth Lifeguard
3586200,Life with a Homunculus
3451440,Train Valley Origins
3371770,Funguys Swarm
3043160,青恋
2429310,Noxious Weeds
3850170,Dropkick Rick
3670320,ARVIS Knock Out!
3586180,The Escape: Team Battle Arena
3202770,Casino Box
3043150,Black light wave
1806130,我就是要红
1310330,Goodbye Volcano High
1517770,Astrokicker
2186780,The Heart of the Teddy Bear
3809110,Japan Stigmatized Property -日本事故物件監視協会-
3850130,Health Check with the Blonde College Babe!
3670310,Lost In The Grotto: Thievery
3451380,Game of Grass
3043140,Ghost
1998120,Pirate treasure
2429270,The RPG
2186740,Darkness Reborn
3809060,Dream Tower
3670290,Dragons Frolic!
3586070,Another World Series -Slit Mouth Woman VS AOONI-
3451340,FROST: Bursting with Color and Life
3371710,Rabbit Trail
3202710,The Most Perfect Revenge in the World
3043120,King's Keeper
1661450,The Lost Robot - Jigsaw Puzzle Stories
1395400,The Corruption Within
2429260,Daycare Descent
3586060,Desk Paws
3451330,Lady Knight Quest
3371660,Rochford Reanimated
3043090,Motorbike Simulator MX Driving
1721690,Faircroft's Antiques: The Forbidden Crypt
2429250,Rags to Liches
2186700,Contain
3451300,Boutique Builder Simulator
3371650,Car Mechanic Workshop
3670200,Colossal Kickoff
3371520,Coffee House Simulator
2429220,Haunted Hotel: Personal Nightmare
1336380,Gripper
1998110,Station Osirius
3043020,Deep Down
2186670,System Escape
3808920,Junkyard Universe
3850010,Pentavolt
3202490,Ana's Farm
3371510,Roulette Hero
3043010,Hurricane Abyss
1661390,Duelist
1577590,Pineapple Island
3808890,Holy Carrot Simulator
2186610,Dark City: International Intrigue Collector's Edition
3849960,Zen Forest Brick Breaker VR
3670170,Survival: Hold Your Self
3585860,Timber Wars
3371500,傲世修仙录
3202480,ChessBlaze
3042990,Kharakov
2429190,Amerzone - The Explorer's Legacy
1721680,Pre Dusk
2186580,Shuffle Tactics
3808860,StrangeDream
3670140,Godzilla x Kong: Titan Chasers
3202460,Nerd Space
3371480,蜀汉再临：源起 Restart ShuHan Dynasty:Origin
1743120,Abettor
1250160,Spellbind Tactics
2429160,Doughbee
2186570,TELEFORUM
3849940,InfernaLLC
3451200,Spider Canyon
3042850,Holy Light
1806110,GirlHub - adult puzzle game
1517560,Droplet: States of Matter
2429140,Procambarus fallax
2186530,My Desktop Girlfriend
3585800,Keep Digging
3371430,Unsolved Case: Ash and Secrets Collector's Edition
3202430,Tiny Devils
3042840,Dream City
1998100,Robber Sam
2429100,Homestar Runner: Halloween Hide n' Seek
3808740,Operation: Clean Splash
3670100,The Maze: Treasure Hunters
3585790,Battle Tokens
3451130,Ascend the Dome
3202410,Bad Dream: Afterlife
3042830,Legends of Heropolis DX
1661380,Abandoned Croxon Mansion
1577570,Juno's Journey
1395330,Venture Valley
2429090,Garden Buddies
2186500,Vispo - The Video Spot the Difference game.
3849740,5 Minutes Until Self-Destruction
3808730,Ctesiphon
3585760,HEARTDUST
3371410,赢了嫩模 输了不活 All In Everyday
3202400,Ball Race Party
2387950,Kalevania
1721620,George: A Horror Story
1540490,Lost Harem
1743110,Sidequest
1458540,Velocity Legends - Action Racing Game
2429070,Gentlemen's Puzzle Club
2186490,Refuge
3451060,Health Insurance Claim Denier
3202370,Necropolis Nights
3042800,Biological Incident
3002400,Black Annis
2387840,Residential Evaluation
1518240,PATHFINDER 08
2429050,Fretless - The Wrath of Riffson
2186450,Dear Friend
3849700,Wood for Nobody Else
2387830,People Jumping Tower
3002340,Sunset Solitaire
1806070,畢業生模擬器
1998050,The Swordbearer - Season 1
2429040,Lord Of Terror
3451030,Conveyor
3042720,Cassiculus
3002330,Love 15
2387820,Beach Gas Gas
1720860,Fox Goes Hunting ™
1661360,Leman
3849670,Infinity Tower
3451020,Banker Simulator: Prologue
3202260,15th Prison
3042710,Rodeo Clown
2387780,龙傲天的多元宇宙
1720850,A=B
1518200,Agent Murphy
2428990,Brothers in Hell
3849630,Miner Clicker
3450940,Math Muncher
3042690,Melly the naughty dog
2387770,Pens: The Freeware Collection
1336290,ARTHA
1743080,Night Cascades
2428980,Bye Sweet Carole
2186400,Pirate Fighting Simulator
3849610,Gumball Guesser
3202230,VIOLENT RUSH
3042680,Lightracer: For Judge
3002180,The Town of Downpour
2387750,Rune Bender VR
2428960,The World's Hardest Game 3D Nostalgia
2186380,Teahouse of the Gods
3042660,The Villainess Is Adored by the Prince of the Neighbor Kingdom
1720800,Nino Maze LOFI II
1806050,Exanimate
2428940,Recordance
1226970,Disco Simulator
3849490,Harem Rush! Impish Fantasy
3450890,The Future is Ours
3202110,Deadly Heart Gambit
3002140,Noah and the Sea
2387720,おいでませ、こくりさん - Welcome Kokurisan -
1720790,Door3:Insignia
1577530,Spider-Robots War
2186360,IDUN - Frontline Survival
3202040,NatsumeRyoran - Romance of Hi-Spec Yoko -
2186320,Ages of Conflict: World War Simulator
1458480,Travellers
3849420,Pond
3201990,Creatures and Creations
3002070,A Better World
2387660,ABSURDIKA
3042560,Void: Icarus
2428810,LEGO® Horizon Adventures™
1518030,Run Tank Run
2186300,Tragedy of Medusa
3450810,Sci-Futa
3201950,Hentai OfficeLady Plus
3042520,Wind Jumper
3002060,Brass
2387590,Fairy Biography4 : Affair
1806040,Snake Force
1517510,Horatama
1720750,Kingdom of Assetia: The Clicker Game
2186270,"她毕业了 So Long, My Youth"
3849380,Urban Hunter
3450800,Bloodline
3002040,Dofamine VR
3042480,Age of Defense: Prehistory
3201940,Paper Puzzle
2428790,Des racines et des graines
1720740,WORLD OF PARANOIA
1518000,CooKing: Around the World
1661280,Police Shootout: Prologue
2186240,Saint Kotar: The Crawling Man
2428780,The Last Stand at Camp Zombie
3201910,RailGods of Hysterra
3042470,Dragon Takers
2387480,SOMEWHERE
1577510,The Wickie : Journey of a Lighthouse Keeper
1395270,Haiki
2186210,Traffic Tour
2428750,Saikyo Robots
3201880,Tescaris  -  A Soothing Cute Puzzle Game
3042460,Journey to Kreisia
3002000,Virus Hunter - Adult Only
2387470,MR. ELEVATOR
1720650,Archer's Adventure
1743050,Robo pocket: 3d fighter with rollback
1336210,The ER: Patient Typhon
1540360,Carrier Battles WW2: Admiral of the Fleet
1721550,Core-Blast
1552220,LakeSide
1998030,Bug Dolls: Soviet Project
1458460,Island Raft Survival 2021: Ocean Escape
2428730,SWAT Commander: Prologue
2186140,Early Worm
3450760,Cross Court Tennis 3
3042370,Was God Birthed!?
3201840,The Last Light
3001970,Coloring Game 5
2387460,Aureole - Wings of Hope
1720620,Luck City - monopoly
1517930,Bonkey Trek Quimdung Edition
2186130,Zarlor Mercenary
3849230,Cherry's JOI
3450750,A Whole Wolfrush
3042360,Over Clock
3001930,Dungeon Nights
2387450,Slay The Abyss
1806030,Minimal Dungeon RPG
1720600,I Love Finding Cats
1901970,One Step After Fall
2428690,Neon Parkour 2
3849220,暮雨流花+
2186100,Kaiser
3450710,Forklift Driving Simulator VR
3042340,Car Tycoon
3001920,TOKAI Girl -Block Breaking RPG-
2387430,SKY THE SCRAPER
1517850,Quickie: A Love Hotel Story
1720580,Any Candy
1661270,Car Detailing Simulator: Prologue
2186090,Checkered Flag
3849190,Make Watermelon
3450690,Phonetics‌
3201810,失踪した友人の部屋に残されていたゲーム
3042280,Drop It! Jelly Man
3001900,Manga RPG
2387410,Aleph
1720560,Neko Hentai Girl
2428660,OpenFlower
1577470,Straya
3450680,Etymology
2387400,Commander: World War II
1720540,Unlock Kimono Cuties
1517810,反图灵测试/Anti-TuringTest
1721530,The Captain
1336180,Floodland
1540350,The Fabulous Fear Machine
1743010,One Last Memory
1458390,Rule No. 1
2428640,Net Defender
1997980,出牌吧冒险家 Go Poker
2186010,Shapebreaker - Prologue
3849090,The Mind Snare
3450660,Opus Castle VR
3201790,Pixelmon Arena
3042260,Black Hole
2387380,Bare Witness
2428620,Feeble Light
1517800,Anarkade
2186000,Nautical Dispute
3042250,Her Last Piece
3201780,Steam Veins
2387350,Nebula's Descent
1806000,How To Bathe Your Cat: Drawing
1720470,The VII Enigma
1517470,Daughter of Essence
2428600,Masquerade Kiss
2185990,When the Light Dies
3450600,King's Legacy: A Crown Divided Collector's Edition
3042230,Hentai Nurse
3001830,CrossCraze
2387310,Magic Paper
1517610,Space 'n Lasers
1661260,Animal Shelter: Prologue
3450570,Diabolika
3001810,MOMOCHIYO'S MONONOKETAIJI
3042190,Nomad Idle
1720370,My Life Changed - Jigsaw Puzzle
2185930,Football Club Management 2023
1577460,Gamble Tower
3849010,Chess Commanders
3201720,Ski Patrol
2387290,NBF0
1517530,Sparkles & Gems
1721520,Freon
1458370,Shuzzler: The Word Game
2428480,Irang : the last hope
2185920,The Last Job
3001780,Water: Transformer
2387280,Operation Space Force
1720240,Animation Studio Manager
2428470,"Stars, Stripes, and Subgames"
1517520,Foglight Online
2185900,VR World of Pandas
3201680,HAWA:99 - Cyberhive
2185880,wurdweb
3042060,Legend of the Moon
3201630,Beast Brawl
1577450,Nyaa-kuza!!
1720200,Any Fish
2428440,New Day
3201610,Blind Man's Sun
2185870,Richman 8
3848860,Freedom Bomber
1720180,Mini Island: Autumn
3001730,[Bober Bros] It's Just A Prank
2387150,Hentai Breeding Simulator
1517440,Star Aegis
1721510,Aeternum Quest™
1540330,MUMBA IV: Egypt Jewels
2428420,Umbraclaw
1997940,Adventures of Deliveryman
2185860,SokoChess White
3201580,Falos Chemistry
3001670,Bean To Me!
1720160,旅者 Travelers
1517390,Mars Mission
1349890,The last earth man
3450390,E.T.E
3201570,VR Sailing
3042010,Slap That
3001650,CLOSED GALAXY ～ワタツミより愛をこめて～
2185850,Richman 7
2428410,Light of Coco
1720140,Crash And Run
1805980,Comixxx Jixxaw
3848730,Castle Creampuff
3450370,YinYang Street: Separate Ways
3201560,RENAI BAKUDAN
2185840,Richman 6
2387120,Interstellar Expedition
1517350,Hidden Memory - Neko's Life
1661210,wav ocs game
1742970,Narco Lolita
2185810,Ghost Village
3848700,Punching Storm
3450360,Robot Beekeeper
3201530,巴哈姆特1-REMAKE(BAHAMUT1-REMAKE)
3001620,Gun Crate Raccoon
2387110,Green Reaper
2428370,Ponk's Jam: The Tulip Thief
1577420,Love Sucks: Night One
1720090,Aspire: Ina's Tale
3848660,Perception: Heart and Mind
2185780,Return to abyss 重返深渊
3041960,Pineapple Panic!
3450340,Henshin MyBro!
3001570,Wyrd Waters
2387100,Derpy Dino
2428320,Just Find It 2
1517320,1000 Shards
1720070,Fluffert and Friends
1540250,Red Trains
1997920,Isolania
1249970,Test Drive Unlimited Solar Crown
2428310,天行镖客 (Sky Escort)
2185770,Aonatsu Line
1458340,Legend of Krannia: Cursed Fate
3450310,Europa Universalis V
3001560,Japan Trip
1720060,Earthquake escape
1517290,Battlefield™ 2042
1805970,Comixxx Strip
1309950,Children of the Sun
2185760,Under the Sky World
3041930,Uprising: Kingdom Come
3001460,九州之士
2387030,BRAVE ADVENTURER
1720050,Dodge It!
2428260,Butterfly//Circuit
2185730,Cosplay Fever!!
3041920,Chrono Club - Race Against Time
3001440,journey of reincarnation
2584500,Surveillance
2387020,Winter Stealth
1661180,Signals
1577410,Knights of Grumthorr 2
2387010,Infested Lands
3808670,Keep and Dash Horror
3041890,Infernal Bloodrush
3001370,Meow Path
2584480,Path of Trials
1719990,SnakeLaw Island
1517220,Crazy Factory
1721480,Haunted Game
2386970,Bifröst: Through the Realms
2428190,Town of Dusk
3808630,SRUSH
3041820,Lilia: The Fallen Flower in the Prison City
2584470,Sniper Hunter Shooter
3001340,▼スライム娘は人間と友達になりたいようだ+
1719980,Creepy Mahjong
1540220,Sugar * Style
1997910,Breakyo
2428170,BallBastic!
2185530,VR T72 Battle in Afghanistan
3371240,Beyond Citadel
3041810,Hypnosis of Corruption
3001330,Forest Heroes
2584450,少女与机甲/Girls And Robots
1517180,Mindcop
2386930,Nature is hungry
1805960,Prepare For Warp: Unlimited Edition: Beyond Insanji
2428140,Tachyonest: Rewrite
3371220,jumpo world
3001310,TREEPURY: Farm Tycoon
2584420,Core Defence
1719960,Ada And Cal
1901900,Take Over Body 2
1593280,8089: The Next Action RPG
2386920,Cast Out Colony
2185490,奇克八号盲目发射 Blind No.8 Chick Shoot
3371200,遺品
3808550,Skaldsong
3001280,Make Your Country Great Again
1742940,Poly Puzzle: Furries
1661130,Guardians: Royal Journey
1577380,Maze Workout - Lost Urban Exit Game - Trials2
2428020,The Abyss Within
2185470,Chinese Characters
3041770,Breakout Beyond
3001200,Tails Noir: Rebel Rush
1719890,"Mummy, mummy, mummy!"
1517150,Vedelem: The Golden Horde
1721470,Poppy Playtime
2386880,Snow Queen - a fairy tale for a big boy
2185440,Sacred Constellars: Ruin Raiders
3808460,Bird Game
3001160,真愿交错
3371110,UltraGirl Alters
3041720,Gooing Up!
2584340,Gabenwood 2: 99 Hidden Euros
2427950,Decimate Drive
2386850,Raw Nerve
1517340,From The Darkness
1719790,Lake of Shadows
2386840,数据结构之森
2185290,VTuber Connect
3041700,Transit Loop
2584310,Trapped In Here With Me
3001100,UnHolY JaiL TRPG
1719770,Not It: Spookiest Edition
1517050,The Fun of Asmodius
1458300,The Gap
1577350,The Black Hole
2386800,Space Order Mine
2427910,Neonscape
2185280,Alien on the Radar
3041690,Ambasu
3001070,逐鹿问鼎：君王成长计划/Strive For Power:King Growth Program
2584290,Violet
1719730,METROPOCRE
1721460,Masochistic Elves from Another World
2386790,Nomad Station
3808410,SkinCrawler Ranch
3371060,Keyclash
3001060,Funky Panic Attack
2584280,First Up
1997880,Lawnmower game: Mortal Race
2185240,STARLITE: Defender of Justice Ultimate HD Edition
1516950,"Beyond Horror: Episode One, A Father's Journey"
1395080,The Disaster
2386750,Hentai Pussy 7
2185190,Pumpkin Ripper
3371030,つめたい夏
3001020,Garden Paradise
2584260,"What have you done, Father?"
1719690,MerFight
1516940,Evil Seal
2386720,STRAFTAT
2427820,LongStory 2
2185180,Fantasy Madness: Bloodbath
3370980,Bearplane
3041550,Electronic Market Simulator
3001000,Last Stand: Defense
2584250,Cold Ground
1719680,Songs of Armageddopolis
1577320,Somewhere in the Shadow
1661020,BATTLE STEED : GUNMA (배틀 스티드 : 군마)
2386710,Everlasting Abundance
2427810,垂钓日记 The Sailor’s Guide to Game Design
3041500,A Whore New Ball Game
3000990,Scrabbleman
2584180,My Friend Aki
2386700,Enchanted Voyage
2427800,Mini Drifters: World Racing '89
1719670,Hentai BDSM
2185160,Survivorman VR The Descent
3808180,Maze In Your Mind
2584160,AlphaBit
1721440,DreamWorks Dragons: Legends of The Nine Realms
1719660,My Cute Succubus
1540190,RUSH!!!
2386670,Shooter
3041420,Speed Factor
2584050,Slaughter: The Lost Outpost
1719630,Hentai beautiful girls 5
2427770,Burger Cooking Simulator
2386620,Labyrinth
3808080,Dark SlayeR
3370940,Erotic Fantasy Hentai Photographer
2583970,Ghosts of Oblivion
3000910,Defender's Squad: The Last Ride
1516820,春秋
1226670,Rosewater
2386610,Wandering Skies
2427700,Backpack Battles
3370930,SlimeBrew
3041330,Vythzkel-of-City Dinasty🤗😹​📶​🖥️​
3000860,vTERM ATC Simulator
2583960,Ridevery
2185080,Sex Simulator - Love Room
1516760,Cat Colony Crisis
1577280,Chicken Holmes - The Mystery of Bartolomeu
3000850,Kuiper Belt Survivor
2583950,Zonescape
2185060,Two Point Museum
2386590,Dwarfender
1719550,Platypus Adventures
1516750,Alien Marauder
2185050,Keks Slot Machines
3808010,Non-violent Hero 非暴力系勇者！
2583940,Battlesmiths: Blade and Forge
2386580,Project Hardline
1721410,Rust 'n Dust
1719540,Balloon Azuna
1540150,Crazy Flasher Series 2021
1336070,Ynglet: Prologue
1997830,GUTTER: The Cursed
2386560,Carnage Cuisine
3807970,Bytecollector
2185030,Dealer's Life Legend
3041260,The Mission Exorcist
3000580,Cute Techno Slayer
2427640,Buildy Stacky 2
2583930,Where's My Loot?
1516680,De'Vine: Heavenly Acres
1395030,Kathy Rain: Director's Cut
2184970,Lost Amulets: Four Guardians
2386520,Pixel Tank
3807940,Salvagers
3370730,FalconLander
3000520,Satan Moans
2583920,Ep.家族
1516610,RC Airplane Challenge
1810670,Cat Detective Albert Wilde
2386490,Lands of Shinoah
2427590,Ma3
2184940,Salvando la Isla Perdida
3807930,Voxel Verse
3370710,Rome in a Day
1516600,HyperShot
1458140,Pacific Drive
1721360,Constellation Tango
1719470,Bloopy & Droopy
1540140,Tower of Portal
1997800,Delusional
2427540,Magnir Saga Part 1
2386430,Thunderday
3807810,Ruby and The Lost Crystals
2184870,Neon Noir
3370600,Lost Room: Escape
3041180,Price of Knowledge
2583760,Louma
1719460,My Furry Dictator 🐾
1516550,Vectors
3807790,Vertex
3370580,Runes of Madness
3041160,Cats And Mice
3000420,Snowsquall Grip
1719450,生化迷城
1901780,Routine Feat
1516530,Super Retro World
3807760,Chopping Hour
3041130,BUILD SCRAP
1719420,Slenderman: Unbecoming
2583690,Secret of the Vikings 2 - The World Tree
1458100,Cozy Grove
1660960,Windswept
1577250,The Chant
2427470,Red Moon: Survival
2184770,Broken Lens
3370560,Wizard's quest: Reclaiming the realm
3041110,中传有戏
2583680,Game Collector
1719390,Cards and Castles 2
1516450,Red Mist: Rivers of Blood
2427460,Tattoos and Tulips
2184740,Monster Cube
3807720,Paracom
3041100,Shogi
1721350,Horror Night
1540130,Vaccine Delivery Simulator
1719350,Roy's Rugs
1517230,Visiting a celebrity
1455920,EQI
1336040,Easter Pairs
1997780,Iron Order 1919
2386350,Marauder of Dystopia: The weakest go to the wall
2427450,Flick Shot Rogues
2184720,Survivors: Three Kingdoms
3370520,Blasteroids
3041070,TeleMorpher
2583640,Defendor
1719310,Love Sucks: Night Two
1516400,Gaia Project
2386340,Fish Collector: Aquarium Story
2427430,S.T.A.L.K.E.R.: Call of Prypiat - Enhanced Edition
3807670,Incident X
3370510,Artillery Tycoon
3040970,Sweet Office 2
3000320,BDSM Sex - Episode 6
1719250,Danger Zombies
1516360,Red Galaxy
1309820,Remains
1458090,Hapland Trilogy
2386330,Cat Search in Medieval Times
2184650,AbsentedAge 2: Ghostbound
1660910,Tanks: The Crusades
3585750,Heroes' Call - A Casual MMO Guild Sim
2583620,"I Hate You, Please Suffer - Complete"
1577240,Cions of Vega
2386310,Ultros
2184640,Drive West Coast
3670040,Block Bounce
3848620,渣男游戏
3585740,Quibi
1540100,Shy Eye Labyrinth: The Incredible Mystery
2184630,Hijiri in the Succubus Castle
3807620,Brian's Redemption
3670010,The Others
3585710,Chromatic Odyssey
3848610,The Longed-for Revenge of Undecember
3450220,コインスロット
2583580,Escape The Pyramid
3040910,Hot Wheels Let's Race™: Ultimate Speed
3201360,Miss！Don't Affect my Rank
1559930,Dialogue Box: The Road Less Traveled
2386250,It gets so lonely here
2184620,Never 7 - The End of Infinity
3669990,Apocalypse Rush
3201350,Summer Suki - Chat Messaging Game
1595110,Xuhivan's Autonomous Cube
1309780,MODERN NAVAL COMBAT
2184610,Hentai BodySuit
3807570,Coin Pusher Reloaded
3848590,Word Chain Dungeon
3585680,Grafika66 - The Galleries
2583550,死亡禁地   The Dead Zone
3450180,Sheep Dog
2184600,声灵（The whisper soul）
3669960,Fate And Destiny - The Elonia Chronicles
3848580,Game Shop Simulator
2583540,Aquarium Land
3040870,Dragon's Valkyrie: Wings of Fire
2184590,Memories Off Yubikiri No Kioku
3669940,Changgwi
3807550,Mycopsychosys: Remastered
3848570,Supermarket Billionaire
3585650,Mazer
2583530,Lost Infinity
1517190,The Daunting House
1721300,from view
1540060,Angry Putin
2184580,Memories Off6 T-wave
3807530,Chillout
3848560,Broken Defense
4243930,Blast Grid Battle Grounds
3585640,Lavender Field
2583500,Стены
1997680,REFLEXIA Prototype ver.
2386070,Rebound Gun
3807520,Travel with dinosaurs
2184570,Memories Off #5 Togireta Film
3848540,Save Granny
3585630,this game will end in 205 clicks.
2583460,CubeOS
3040820,Hidden Cat Memories
3449950,A Tale Of Petty Wizard
1660860,The Harem Life of Peerless Swordsmen
2385980,Shadow Saboteur
3807480,Harold Rabbit 2: The Case of the Pastry Pirate
3848510,Clean Minesweeper
2583370,SEMU
3449900,Slime Squisher
3040740,别成英雄
1721270,Farm Kitten - Puzzle Pipes
1335940,Ball-it Hell
1540010,Cumbersome
2184470,South Pole Bebop
3848490,Tales of the Phantom World
3807470,Midnight Yammy | 8-Bit Trickster Show
3669790,Speedrun Simulator
2583340,Hexarium
3449880,Countryside Life
3040690,Lost boat: VR Underwater Discovery
1997670,Treats Please!
1249700,Warspace
2184440,ASU Global
3669780,Quantum Dogfight
2583330,Zlime: Return Of Demon Lord
3449870,Heart Keeper
1394960,Winter Survival
2385920,"Jump, challenge 100 floors"
3848430,Square: Trial And Error
3585480,Soul Gather
4242080,Backrooms Santa
2583320,Warplanes: Air Corp
3449860,Charta Dungeon - Ambidextrous
3040670,Catalina's Horror Adventure
2184420,- Mischief Dungeon Life - 異世界転生した俺のイタズラダンジョンライフ Janice Edition
3807420,Galaxy Defenders (Classic TD)
3669750,Aquanima
2583300,Simulator of Ukraine 1991
3449850,Desktop Kitten Girl
1660850,Flesh
2385850,JACKPOT
3807320,The Rotting Man | 悪臭男
3669740,The You Quiz
2583290,Red Barrels Go Boom
3449840,Fisher Idle
2184410,- Mischief Dungeon Life - 異世界転生した俺のイタズラダンジョンライフ Satsuki Edition
3040590,Astoria: Fate's Kiss
1721250,Infinity war
1540000,Mocap Fusion [ VR ]
3669720,Bakery Cafe Simulator: Prologue
4241890,JAX ATTACKS
3585430,TALPA
3040570,Flowence
2583280,Kill The Topulus
2184400,- Mischief Dungeon Life - 異世界転生した俺のイタズラダンジョンライフ　AshaEdition
1997660,GreedFall II: The Dying World
3669710,hgmGame-pig
3807280,Tales of Aradia: Idle RPG
3585420,Legacy of Ancestors
3040560,Elite Exorcist Miko
2583030,The Last Summer 那年夏末
2184390,- Mischief Dungeon Life - 異世界転生した俺のイタズラダンジョンライフ Dorothy Edition
3200830,Cave Ghost
1577160,HENTAI PRINCESS
1394940,Nak Sim: Fallen Warriors
1358140,Cooking Simulator VR
3585400,Steal The Pig
2583000,Mozzies
3449710,null HEART break
2184380,Halod's adventure times
1742800,break
3669690,Noir Lords
3449700,Vtuber Survivor
3040470,エロゲ会社の禁断のセクハラ事情～狙われた新人イラストレーター～
1660840,Wild Bastards
3669660,Capture Nexus
3848320,WanYaoChao
3585380,ADRENALINE: May The Sun Return
3449690,Malys
2184350,Guild Saga: Vanished Worlds
3200770,Dark Age Asunder
1517160,Under The Ghost Mountain
1721240,Ari's Journey
1539970,The Haunted Tunnel
3669640,Bound by Bones
3848270,Yacht Dice Family
4240940,Gnomophobia
2582900,Scary Maze Game
3449670,Mutant Slime : Survivor Team
3040400,Naive Boy Super Lash
1997630,Ink: Tournament Paintball
2385670,Down Under
3040390,Old Coin Pusher Friends 3
1394930,MAMIYA
1309710,The Stone of Madness
2184270,Traveler
3848230,Little Asteroid Miner
3669610,Desktop Garden
4240280,My Wifey
3585320,炮灰兄弟 Cannon Fodder Brothers
3449640,Idle Farming Business
3040370,Counting Spices
3807080,Ballotoro
3585310,KUNKUN Defender 2
2582810,Hues of the Void
3040350,We Are Locked
1660750,UFO vs Bikini
2385620,Cavera - The Island of Apes
3848210,Desktown
3669570,Alchemy Factory
4240180,Blackhole Survivors
3449610,GCS: Salvage Rat
1226510,Trigon: Space Story
1539950,Slav Dangerous
1595020,Otteretto
3806870,Dominated by: Yandere Goth Sensei
3669530,Treasure Hunters: Prologue
3585230,Pro Basketball Manager 2026
2582730,Black Smith4
3040240,Broken Psyche
1742750,Delta Zero
2385530,PGA TOUR 2K25
3806840,The Sacred Six Crystal: A Hero's Journey
3848150,Habanero
3585220,Monster Mayhem
2184200,Swarmed: Nuts & Bolts - Non-VR
3040220,Captain Blood
1600450,Pride and Prejudice: Blood Ties
2385520,INVERSE
3585210,Your Granny
2184150,Dead Matter
2582660,And the Hero Was Never Seen Again
3040180,Holy Shot
3449460,ARCARG
1517140,BOX THE BEAT VR
1721180,Aberration Analyst
2385510,Infinity Fury
1335830,Len's Island
3585160,From The Top
3669500,Mathbits
2582650,Enishia and the Binding Brand
1997590,RETOOLED
3040170,Arashi Gaiden
3669490,Three Kingdoms: Shu-Han Chronicles
3585150,Good Time To Play
2184130,MareQuest
3040150,Zenith Armada
1200570,AColony
1309680,Fantastic Petty
3848000,Silvercall
3669450,Pantheion
2184110,SURVIVAL IN THE BACKROOMS
2582560,EA SPORTS™ Madden NFL 25
1539890,Avoid!
3806690,PathSketch
3847990,烬世书
3585080,Backrooms: The Others
2184100,Bubbles Swimsuit
2582540,RoGlass
3449390,InspoQuest
3040110,Outsider
2427420,S.T.A.L.K.E.R.: Clear Sky - Enhanced Edition
3847960,Frontier Combat: Beginnings
3669400,A Spooky Item Game
3585060,Barber Shop Simulator
3200460,Greed Stays Home
3000310,Cain × Nica
2582530,Broadsword Warlord Edition
1721170,What Lies in the Multiverse
1997560,Futanari Sex - Unexpected Roomate
2427410,S.T.A.L.K.E.R.: Shadow of Chornobyl - Enhanced Edition
3847950,Hypno Halo
3585040,The 4th Horizon
3200380,Gripshot
3000280,Sexcalibur: Knights of the Pound Table
2582500,Sleepless Night
1718130,SCP: Secret Files
1861880,Air Traffic: Greenlight
2427360,Idle Taoist Mage Warrior
3669370,Dead Oil
3585030,Coin x Union
3449190,Comfort and Warmth
2582480,Ground Wars KDR Alpha
1309620,Bears In Space
2427320,Santa's Monster Shootout
3669360,UMAMI
3585000,BullTales 🦬
2582470,Wacky West
1539870,Cats In Space
1660590,Detective Story: Reporter
2427310,Heróis de Noname - Acesso Antecipado
3847750,Throne of Hearts: Rise from the Nightmare
3669330,My Desktop Sister
3449130,Cat Syndicate: Istanbul
3200260,Little Renters
1718070,EFO: Escape From Outerworld
2427290,Collectamon
3669280,There Will Be Light
3449110,STELA BOSS
3200240,Echoes of Eldoria
3000130,SHIP ON WHEELS
2184010,Star Leaping Story
1721130,Magic defense 2: The Return of the Legend
1517110,After Meeting
1997550,Square Journey
2427280,Block Tower: Prologue
3584940,Forgot To POO
3449100,Take a Walk
3200220,Red Rogue Sea
3000120,FISH FEAR ME
2183960,Christmas Wonderland 7
2582420,Bulletz
1718020,The Last Spark
3847650,Click the Shape
3669190,Outbreak Zero
3449070,Barfbot
3200210,Saga of Guardians
2582410,古诗消消大师-Chinese Ancient Poetry Matching Game
1718000,Trigger
1309610,Line War
3847630,Hexashell
3584910,Terror Call
3200200,Puzzle Checkers: The Rooks
3000030,Gaiadon: Eternal Quest
2183940,Perfect Inventory - Organization Puzzle
1717940,After Light Fades
1539860,The Machines Arena
1742690,Requiem
1660580,Invasion: Neo Earth
1335790,Operation: Tango
2427140,MUSA
3669080,Playomoji
3584720,CyberMaid
2999990,Rogue Tiles
2183900,"Warhammer 40,000: Space Marine 2"
2582350,Magic Force
2427130,The Girl Who Kicked a Rabbit
3847500,Cozy Catch
3669060,Blade & Soul NEO
3584710,Touch the Sky
3448930,Untitled Hand Game: Titled Edition
3200140,Imvi: Echoes of Harmony
1717810,Westwood Shadows: Prologue
2427120,Home Run Batter: vs Fairy Tales
3669050,Void Resurgence
3448870,Necrologium
3200130,Mirrored Phantoms
2999940,Bankshot Launchers
2183870,DIMENSIONLESS
1717800,Gladiator of sparta
1539810,FreeDraw
1249480,Ex-Zodiac
1660560,Chess Valley 2
2427100,Cafe Master Story
3584660,Hex and Chill
3448860,Mountain 78
3200120,Tornado - Caballo del Zorro
2183860,The Witch's House
1717770,The Upturned
2427070,SCHROTT: Roguelike Racer
3448850,Tarot
2999910,Everlasting: Tomorrow
2183830,SU!
2582300,VonGarland Castle : Sacrilege of the Night
1721100,CURSES
1997520,Futanari Sex - The New Boss
2427050,Munch
3847330,Don't Stop In Red Wood
3200090,释梦之祩
2582260,Many Eyed
2427000,3D PrintMaster Simulator Printer
3668990,Legacy - Reawakening
3584610,Primal Frost
3200060,SANAE's Sylphid Breeze
2999880,HART EVEREST 
2183800,Actua Golf
1717640,Mahokenshi - The Samurai Deckbuilder
2426990,Delearnia: Fractions of Hope
2999870,Doodle Hunt: Search Hidden Items
2582240,My Douchey Boss Has a Gentle Twin Brother?! - BL Visual Novel
2183790,Bad-Draw
1717610,Tentacles of Submission
1365800,City Of Thugs
1539800,Baldy Bounce
1249430,Sarawak
1660520,Pirates
2426960,Summoners War
3668950,Star Soraight Fantasy: Magic to reach the sky
3448800,Omega
3200020,Gengu Survival
2999860,While Mom's Away
2183780,ARCADE VS PLAYER
2426900,Call of Zombie
3847210,TANK 2025
3668910,ddz Online
3448760,TRACE Definitive Edition
2999820,Highland Huntress
2183770,KICK MASTER
2582180,Daria: A Kingdom Simulator
1721090,Chicken Defender
1594970,BARBAROS
1516960,Flying Frags World Tour
1335700,Marbleous Blocks
1997490,Two Months of Devil King
2426890,小拾逅 Gathering Our Childhoods
3847190,GoodGod
2999810,The Mythical City 3
3199930,Legends of Boom
3448750,Frog Jump
2582140,Seafarer: The Ship Sim
2183760,PigShip and the Giant Wolf
2426860,VAPOR TANKS
1717510,Time on Frog Island
3847180,SHIATH
3584490,Dominated By: Yandere Goth Landlord
3199910,The Whisper Ghost
2999800,The Mythical City 2
1717420,Branches
1309510,Glaze Cup: Journey to the West
2426840,DRAGOT
3448570,Red Horizon: Mars
3199900,food inc: Home of the Supply
2999790,Just Skill Shooter 4
2183730,The Gravehouse
2582100,Demon Of The Dark
1717410,Prince of Qin
1539780,Winning Love by Daylight [Ep 1 Demo]
1457730,Farmer's Life: Prologue
2426830,How to Tame a Succubus
3584440,7 Keys Saga
3448530,Your mini wife
3199890,Ô
2999780,Skeletos Sword
2183720,Lucky Slots
2581980,Myth or Reality: Mystery of the Lake Collector's Edition
1717400,Bulb Boy 2: Jar of Despair
3847120,5125m
2426800,Pressure Washer
3668840,CAGELING
3584390,your lover
2999770,Flying Tobacco Eggs
2183710,Celebrity Slot Machine
2581960,The Collage Atlas
1717370,The Müll Littoral
1721070,DISHARMONY
1335680,The Kind Camomille
1997480,Liu Shan Maker
3668830,Pieces Left Behind
3584380,Personal Murder Theater: Strangled Roots
3199760,Detective Mikami
2999760,Falco Totem Destroyer
2581950,Tiny Aquarium: Social Fishkeeping
2183700,Tasty Slot Machine
2426770,Runner Roy
3847100,アイアイ喫茶店
3448420,Echoes Of Arcane Realms
1660500,Party Host 85
2426660,Magic Potion Stories
3448380,Keep It Running: Together
2999720,Bump in the Night
2581750,W.A.N.D. Project
2183660,Osminog Adventures - The Lost Island
1717280,Retro Golden Age - Livingstone I Presume
3847040,female swordsman
3668740,Femdom Girlfriend 3: My Sadistic Girlfriend and Her Friend Bully Me In Their Swimsuits
3448360,Brainrot Battle Royale
3199610,Mia and me – Magic Friends
2999710,Unsought
2581700,MotoGP™24
2426640,Kobold Castle
2183650,MEGA MAN X DiVE Offline
1717270,Arkanoid - Eternal Battle
1594950,Overgrown
1721060,Mandragora: Whispers of the Witch Tree
1309460,Blow it up
1226180,Bus Parking 3D
1335630,IMHA
1997470,Parasitic Evil
2426610,Interstellar Sentinel
3448340,Danger Horizon
3199590,Foto Boy: Flashstar
1717260,My Universe - Green Adventures - Farmer Friends
3668630,ちゅーちゅーパンケーキ
3448320,Altar
3199570,Clean that world
2999690,Proyecto infernal
2581630,Battle for Treasure
1717250,Ratten Reich
3668560,Happy Island Fantasy
3199560,Doge Head Attack
2999680,Lost Estate Agent
2183600,Kingdom Under Fire: A War of Heroes (GOLD Edition)
2581620,Rawisland
1717190,Fallen City Brawl
1457690,Dwarves  & Dungeons
1660480,Arausio
3668550,RGB GlitchGazer
3448300,Somnus
2183590,Urban Night Battle Girl
2581610,PIXELS
2426500,2 Minutes 16 Seconds (2分16秒)
3668520,Toilet Battle Hero
3584250,Off the Shelf!
3448270,Twilight Tales ∣ hollow's store
2999540,Pixelitos - Spritle Royale
2183580,OUTSTAND
2581600,PRIMA: First Rogues
1717170,Gentlemen's Club
1594940,Little Witch in the Woods
1721020,Loot Train
1335610,JoY
1997460,Demon Maiden and Slave Summoning
3668480,Path of Master 大師之路
3199490,Twizzle Puzzle: Flowers
2999510,Care Bears: To The Rescue
2385360,EcoMahjong
2426400,Road to Top G
3846800,Vampire Awakening: Elven Sword Chronicles Survival (吸血鬼的起床: 精灵幻剑录幸存者)
2183530,Zabawa Karaoke
2385350,Mahjong Stories: Vampire Romance
2426380,Pact of Joy: Prologue
3668450,Office Sirens Hard at Work
3806570,101 Cats Hidden in Osaka
3584190,Three Sisters
3199440,Security: Stories by the fans
3040000,Welcome Home
1457660,幻想三国志4外传
2385330,Emiline: The Ghost of White Willow
2426370,Long
3806560,101 Cats Hidden in Medina
3846780,The Virtual Buddy
3584170,Turn It Around
3199430,EYES ON THE EXAM
2183430,My Lovey-Dovey Demon
2999280,Mystery Detective Adventure Collector's Edition
3039990,KannaSchool
1594910,Keep Talk Until You Dead
1721010,Master of the Wizards
2999270,Shelley Manor
3806550,101 Cats Hidden in Prague
3846760,Protest Simulator
3668430,Abyss Veil
3584150,Range
3199400,TIMORE NARHELMA
2385320,Virgin Knight is my Onahole Tonight
2426350,Champy the Useless Vampire
2183380,DobbyxEscape: Halloween Adventure
1997440,Sex Change Contract and Molester Girl
3668420,Gomoku
3806540,Drop 9
3199390,INAYAH - Life after Gods
2385310,Wordsock Classic
2183370,Survival Shot
2999260,Low Batt
2426330,Greed and Grind
1660460,Hoples
1576920,Spawn Kings
2385290,SPACEJUMP
3668370,Night Swarm
3846730,Planetris
3584120,Truck Town: Kids and Toddlers Driving Game
3199380,Shadowhand Solitaire
2183360,ROOT
2999250,Katto: Rising Tides
2426310,Arcana: Heat and Cold. Stories
2385280,PALM BLOCKS
3846720,プレイすると死ぬゲーム
3668350,Good Dreams
3806520,SENKOU
3584100,流木缘Driftwood Fate
2183340,Keystone Library
2999240,Tomb nightmares
3039930,Seedborne Soldiers
1742510,Wreckdigger
1457650,幻想三国志4
2385260,Grim Tales: Dual Disposition Collector's Edition
2183320,For Your Tranquility
2999230,Word on the hook
1594890,Starfighter: Eclipse
1516900,RASPBERRY MASH
2385240,Spellstrife
2426260,NextNight
2385210,Tulgey Wood
3806440,I/O
3584020,Texas HoldEm POKER
3199200,RedCloak
3668280,Exploring Friscott
3806380,Courier Life Simulator
3584010,Fastidious
3199190,Magic Cats Pots
2183210,Fairy Card Rogue
3039820,Field of the Dead
1457640,幻想三国志3
2385140,Personal Trainer
3668270,Granvir: Zero Front
3806370,Nasubi Room
3846620,Graveyard404
3584000,Evidence
2183200,CHAQS
3199180,Steel Swarm: APOCALYPSE
2999090,Survivor World
3039780,Finger Flex
1594880,Corsairs Legacy - Pirate Action RPG & Sea Battles
1720980,SILO27: Crashlanded
2426120,Concubine
3583980,NOCTIS
3199170,Blood Strike
2183190,OSAWARI HOCKEY えんこちゃん
2999070,Monster 3
1335530,Alisa
3039720,Sealed
1997420,The city of eyes and the girl in dreamland
2426100,W.T.
2385090,アパシー学校であった怖い話1995特別編
3668150,ThePlaneWar
3806300,Epoch Spire
2183170,The Slothgate Experiment
2999060,Politics The Game
1375480,Bunny's Flowers
1660430,The Wolf's Den
2385050,ドリームランド
2426070,A Steamboat Willie
3806270,Container Terminal Simulator
3846520,Raptor
3583960,Establish
3039640,Dungero
2183120,Dead Trip: Hope
2384990,Kidnapped
2426030,Sector clear: Hryaken destroy
3806260,1931-1945: Their Childhood - Tunnel Warfare/地道战
3668090,Sniffin for Bones
2183110,Paper Needs Inspiration!
1539710,DeadBlitZ
1457630,幻想三国志2
2426020,Indemon Tales
3668080,Reflection
3199040,Veil Transfer
3583930,Esoteric
2999030,Exploding Kittens® 2
3039500,万象群侠传
1594860,GashiShachiNoSachi
1720960,HyperFleet
2384940,Pixel Madness
3846450,Pick 100 Bones
2183090,Corruption Ranch
3583870,Define
3199000,Countdown
2999020,Finger Fury Showdown
1997410,Female Anchor Next Door
2384920,Firefighter Connor
2425970,Minesweeper Madness
3806210,PixelRulers
3583800,海与鱼Ocean and Fish
3198990,诡事其一珍珠剧院
2183080,Princess Dating Sim
1660420,Endless Love
2384900,ShudderStep
2425960,Farting Simulator
3667850,Silk Roads II: Paths of Fortune
3198970,The Demon's Bride
3583790,Virtual Skate
2183070,Tokyo Necro
2998990,Tilemancer Dungeon
2384890,Get Out Joey!
2425950,A Car That Turns
3667840,Journey Quest
3583780,Luna and the Sea
3198960,SorcerialBladeCannon
2998970,Summon: Joint escape
1742470,My Newborn Life In A Harem
1539680,Project Kuragava
1457620,幻想三国志
3667790,Guild Hall Simulator: Prologue
2384860,World Capitals Quizzer
2425920,GanaBlade
3846410,Protocol Aegirum
3198940,Mosquito Simulator
2183030,山谷主
3583760,Earth Space Defenders
3039350,The Mythical City 4
1309290,Shadow of Valhalla
2384850,Bottle
2425890,Crossing Damaged Bridge
3806150,Exploding Judo Federation
2182990,Autumn with the Shiba Inu
3039340,A Whisper in the Twilight: Chapter Two
2384840,CATEGORY CHALLENGE
3583740,Sweet Rock Paper Scissors
2182970,The Sports Trivia Challenge
2998880,Hot & Lewd: Miami
3039320,Eternal Bonds
2425870,Cat's Meow Live Wallpaper
1660370,Wildlife Match
2425790,Road Rampage
3667720,Heroes Against Time
3583710,SPACE FIGHTER:CODE 1999
2384800,Starjet Fights
3039310,Goner In The Town
2182960,Martian Invaders
3806110,Zaxtron EXPLUS
3667690,CUMBOY IN SPACE
2425770,My Unusual Feline Friend
1594830,Quarantine Run
3667660,Bug Off
3846280,"Nirvana, Origin of Fate"
3806090,Command-Ω Omega
2182930,The Music Trivia Challenge
3198760,THE BEST INVESTOR
2384730,Beyond the Ice Palace 2
3039250,Neon Apex: Beyond the Limit
1335500,Hell's High Harmonizers
2425740,The Three Kingdoms Era in China 2000 years ago
2384720,Astebros
3667630,Tunnel
3806080,Bodacious Babes: Fantasy
3583660,Vampire Prison
3198750,Kitter
2182920,Retro Racers
2998750,Vending Machine Business Simulator
1660360,RE:Jump Boy
1375440,Avoidvania
1576850,VR Masturbate
2384710,Midline '85
3846240,"Yes, No, Goodbye"
3667610,SQUASER 8
2425700,Puzzle Adventures
2182910,Video Game Trivia
2998730,Gallery X
2384680,Little Ghosthunter
3806060,Stress Relief
3583620,Carrot Cake
3198680,Puttler
2425680,The Witch In The Woods
2182870,TYKEN
1539640,VR Walking Simulator
1457580,Speed 3: Grand Prix
3583600,Hentai Senpai: Kairaku no Maid Service
2425670,Dread Descent
2182850,Hidden Dungeon Top-Down 3D
3039060,Void Path
2998670,Flying Frogs
1594810,ASMR LIGHTness - Light painting
2384610,Franchise Hockey Manager 10
3667520,Last One Standing
3846190,Empire Game:Pixel Hero
3583570,The Legend of Bubble Boy
2182840,Lie of Caelum
2998650,NEON Squad Tactics
3039040,Arcane Rush
1516730,Zombie Groove
2384600,Monster College
3667510,Rebirth: I Became the Emperor of America by Creating TokTik
3846180,Fantasy Forest
2425620,The Alpine Express
2182820,Cyber Bodies
2998610,BAIA
3039020,Dreamline 404
1394550,Tales From The Under-Realm: Hazel
2384580,DYNASTY WARRIORS: ORIGINS
3369470,Unlock Me
2998600,"Back from the other world, I missed love."
2581590,Super Paul World
2425580,Ex Vitro
1716360,Infinite Stars - The Visual Novel
1539620,MONARK
1878210,Pirate Jam
1457570,Taxi Chaos
3448250,Jumpbound
3038970,weekdays
2998590,MAZEING
2182790,Riff XR
2425570,Roots Need Control 3.0
2581570,封神榜2023
3448240,Who am I?
3369430,For Blood And Glory
2998560,Caïssa Board Dedicated Server
3038940,皇主乾坤 HUANG ZHU QIAN KUN
2182770,Escape From Zombies
2425540,Vikings Hnefatafl: Kings of the Dark Age
1716310,AWAKEN - Astral Blade
2581560,Brownie's Adventure
3448160,REUNION: Autumn Leaf - FINAL RELEASE
1997300,Pretty Girls Escape
3038920,帝奉龙凰 DI FENG LONG HUANG
2998500,Arderico's Journey
2182750,Fallen Arena
2581540,Magic And Dragons : 4X Battle
2384440,Game Master Module
2425500,Project Proxima
1716270,Holiday Mosaics Halloween Puzzles
1514480,Lucid Cycle
2384430,Driving Strikers
3369410,The Fallen Kingdom
3038850,Language Learning Simulator - Alphabet
2182710,Cube Dodge
2581530,ハッピーパパサポート！～Sugar Daddy Support～
1716260,Holiday Jigsaw Thanksgiving Day 2
1394540,Niko and the Cubic Curse
2384390,Coffee Dates
3448120,Car Parking Adventure
3369390,PENGUIN HOTEL 2 -Snake Penguin Ambition-
3038840,Dark Hunter
2998480,传始至终 Transmission from start to end
2581510,Pixel Dash
2182690,Gore Screaming Show
1716250,Holiday Jigsaw Thanksgiving Day
1514460,Perseverance: Part 3
1539600,AstroBike
2384380,Family Farm 2023
3369370,Ship of Love
3038820,戦国ブシドー〜大野望の巻〜
2425420,Starlights / 별빛 아래
2581450,Hotel VIP
1716240,Holiday Jigsaw Halloween 2
1514430,Reek N' Havok
3038790,ScrapDown
3369360,MY LITTLE MILF
2998430,Cyber Freeuse Fantasy
2425410,Alia's Carnival! Flowering Sky
2182630,Mob Factory
1716230,Holiday Jigsaw Halloween
2581410,Stygian: Outer Gods
1594790,Breaking earth
2384350,Penguin Noir
3448010,Kandinhale
3369340,Meowland: Island Farm
3038740,Tea Girls
2998380,Spell Boy
2425400,Birds Aren't Real
1716220,Holiday Jigsaw Easter
2384320,The Goblins are Coming
1660310,Master Boy
3369300,Well Dumb
1539590,Omniblast
3447940,Metal Slugger Ops
3369280,Nightlife
2998300,PERSEVERANCE: Chapter 1
2425360,Datura Time
2182570,Boat Builder
1514360,Laid-Back Camp - Virtual - Lake Motosu
1716190,Fill and Cross Trick or Treat 3
2384290,吞食魏蜀吴
3369250,Loki The Lynx
2998290,Weirdo
2425320,Blind Bullet
2182540,MEKA SIGURAT
2581310,Battle Stations Blockade
1785220,MAGIC CHAOS
1716180,Fill and Cross Trick or Treat 2
2384280,Love Love Joe Biden: The Joe Biden Dating Simulator
3447910,Forged Into History: Speedway Odyssey
3038640,Hero of the Hive
2998260,Mr. Pompy's Extravagant Quiz
2425310,Sweet Hut
2581290,Freaky Trip
2182530,Piranha
1716170,Zoey: My Hentai Sex Doll
1514290,Kazakh 'Jack
1660300,Ultimate Physical Wrestling
2384250,Mystic Blast
2425300,MIND
2998130,Spiritual Clinic Simulator
1716160,Photo Puzzles HD
1375290,Working Zombies Steam Edition
2384240,Never Meet Your Heroes
3447830,TankOre Mining
3369200,KABUKI FIRE
3038590,BigFool
2998060,Mental Math Madness
2581210,Metro PD: Close to You
2425290,Project Third Eye
1716150,Fated Blade
1514250,Freed Soft
1435210,Highlaundry
1539580,Bird
2384230,MEATGUN
3447820,Gimme Space Battle
3038580,Art Shop Simulator
2998050,Abrakajumpa
2581200,Dark Odyssey
1716140,Above the Skies
2384190,Brave Bubble Heart
2998040,BLOODSAINT
3038530,NikNaks
2425270,胡服騎射 Hufu riding and shooting
2182450,Fairy Girl
1785200,Сhick Boy Adventures
1716120,Monster Rancher 1 & 2 DX
1309090,Barold
2384140,Luminous Skies: A Short Adventure
3038520,Cuckold Sex - Episode 3
2998030,狂気の宴 ～禁断の誘惑に溺れる夜～（The Feast of Madness - A Night of Drowning in Forbidden Temptation-）
2581160,雄关漫道，一梦万里
2425260,Roman Conquest: Rise to Power
1716050,Dragon Question
1514190,This rain will never end - noir adventure detective
1660290,Monmusu Gladiator
2384130,Shell of a King
3369120,RockOUT: Only up with Your Head
2182420,Idle Shapes
2581120,Broad Sword
1715980,Bail or Jail(OBAKEIDORO!)
1514170,BIRBOUT!
1375280,CosmoDrive:Infinity
3447690,iDigging
3369110,Bubble girl
3038340,Chaos Faction Legacy Collection
2997980,Natsu no Sagashimono ~What We Found That Summer~
2182400,Laughing to Die
1514160,Doctor Xenophon's Laboratory
1715970,ZEE.END
3447680,Kasperia Arena
3369100,修真幸存者（Immortal Survivor）
3038290,EXPEDITION TO THE BACKROOMS
2425160,Protect the Planet
2182390,Pandamonium
1457510,The Legend of Heroes: Sen no Kiseki IV -THE END OF SAGA-
1940180,PROTOTYPE
2384050,moon0011
3369080,飞机大战 hit a plane
2997930,Reflections of Life: The Shattered Timeline Collector's Edition
2425150,King of Retail 2
2581080,Cats Spotter 猫咪观察员
1715950,Puzzle Box: 10-in-1 Puzzle Collection
1394500,Frontline: World War II
1309080,INFINITE GUITARS
1516560,Ministry of Pandemic
3447640,怪物館(KAIBUTSUKAN)
3369070,Law School - Season 1
3038250,Savanna Sam
2997920,Croak Crusader: Spawn of the Spore Spectre
2182310,Rolling Realms
2581050,KAMITSUBAKI CITY ENSEMBLE
2384020,Bioysque
1715860,Fight.EXE
1660280,H-Isekai Loves
3447620,Christmas Story
3369060,Space Defense Special Force - The Origin of the Union
3038190,Futanari Sex Adventures - Episode 1
2182290,Just Walk
2384010,Grandma's Cheese
1715850,NAIR
1514070,Video Realms
2384000,Molten Horn
3447610,Super Sakura Boom Boom Multiverse Madness Ultra Turbo Remix HD
3038080,HOT TOYS
3369050,Art Detective: Hidden in Gusu
2997890,Beetle Ninja
2182240,Dots in line
2581030,The Adventures of Bunny and Pig
2425090,Lost In The Shadows
1715840,25 Layers of Pain
1878200,Village RPG
1539510,Temptations X: Darkest Fantasy
2383990,Ghostbusters: Spirits Unleashed Ecto Edition
3447600,Fly Rocket Die
2997880,Sunset High
3038070,GYM ORGASM
2182200,UNRUSH
2581020,Virtuar Z
2425080,Idle: Multipliers
1715830,GhostHunter
1514030,HENTAISLAND: Lost Pantsu
1457500,Time Freeze
1581640,Gethaut
2383970,Your World VR
3369010,Error Loop
3038020,Wobbly Heights
2182190,Popcorn Rocket
3368980,Cat Rescue
2182160,LingerToAlive
1715750,Craterbound
1375260,Strike Force 2 - Terrorist Hunt Enhanced Edition
2383920,Full Quiet
3368940,Someone is behind you
3447550,Metamorph
2424910,Red Ops: The First Infection
2182130,Wrapped With a Kiss
2580370,Extermination Overdrive
1715730,Boo Men
1513950,Motor Assailant: Betrayal
2383900,Forbidden Sparks of Passion
1539360,Charlie The Roach
3037960,GT Racing 1980
2424850,Deep Sea Rhapsody
2997780,Pixel Pixie
2182110,Citizens: Far Lands - Prologue
1715720,MouthSimulater: MelonSeedsCracker
1457490,Chuckle Phrase Builder
2383880,Market Warfare
3447510,Village Tale
3368880,Pickscover 2
3037950,Doug The Digger
2997670,Infinite Innocence
2182070,Band Space
2424830,BAMG2023
2580310,SPACE DOGO
1394480,Rocco's Island: Ring to End the Pain
1785150,Friends vs Friends
1594610,Woods of Death 2
1309000,Escape Dungeon 2
2383870,Fate of New Albans
3037940,Chaos Caster
2580290,NudGirls
2424820,The Adventures of LinShanHai - Chapter5:Three Trees
2182020,Assassins Guild
1715690,REKKR: Sunken Land
1513910,I WILL BE THERE
1742330,TARAKAN - Mystery Point & Click Adventure
2383860,Octodad (Student Edition)
3447440,WET VR
3368850,Cards Battle Royale
3037930,[Bober Bros] The Hole
2997600,Devils Run
2424810,Lost at Birth
1715670,Swinario Super Bros. Play
1660240,ATOLL
1375230,Longevity Party
2383850,Vacuum cleaner robot simulator: pile sos edition
3447430,Tale of the Leading star
3037900,WGV: Dreamcatcher
3368820,Edge of Reality: The Legend of Greenbush Collector's Edition
2997580,Cosmic Outpost
2424740,希望之城 The City Of Hope
2181980,Ranger Danger
2580210,SCP: Rulebreaker
1715660,Angelic Waves
1513840,V.O.D.K.A. Open World Survival Shooter
1539270,Yōso Warriors
2383830,Graveyard Sprint
3805970,SpatialErotica
3368800,Jumpers League
3198540,Dungeon Antiqua
1785120,Forsake: Urban horror
1594570,The treasure of civilization
2383820,Super 10 Pin
3583530,Vampire's Best Friend
3368640,JBomb
3198530,Christmas Hustle
2424720,破碎之家
2181950,Zero Division
1516490,CompactO - Idle Game
2383780,Treasure Hunter: History of Monastery Gold
3805930,イツワリの令嬢少年
3037790,StellarDefender
2181940,CivIdle
2383770,I commissioned some mice
3846120,MineMogul
3368550,Panzer Planet
3037780,Alessia's Dollhouse
2424680,I Believe in Capybara Supremacy!
2181930,DR LIVESEY ROM AND DEATH EDITION
2383760,Monopoly Madness
3846050,My Company
3583340,Miniature Painter Simulator
3198470,keycode
3368530,FlockIt
2181890,Breath of Space
2424660,Game Of Evolution - Season 1
1539250,Karakuri-kun: A Japanese Tale
1435010,Succubus★Connect!
2383710,Caveman Ransom
3583330,Robot Anomaly
3805860,DeadShore
3198460,eleMENTAL
2181880,Keeper of the Keys
2424650,Froggy's Battle
1594560,Chrome Switcher
1785100,Stop the Saturnians!
2383700,Fursona Festival
3846030,Forbidden Ground - Lair of Aooni -
3583320,The Little Shelter Demo
3368510,City of Stories: The Professor's Secret Collector's Edition
3037660,Robin Hood: Sherwood Defenders
2424630,Mansion Mystery
2181840,Shaper
2383660,Railed Up
3846020,Egg Finder
3583310,Hellkind
3368480,Pest Control in the Crypt
3198410,Agnition: Ignis
2424510,Versus
2181830,Follow The Crown
1742290,They came from another planet
2383650,Queen of Dark
3667280,Masters of Gaia
3805710,Treasure Tiger
3037620,The Nightmare Chronicles - Horror In Da Hood
2181820,Touch the Balls VR
2424500,The Wind's Path
2383620,Jolly Roger
3845930,R.E.M. Rage
3805690,The Last Chance
3583270,Shipwreck Discovery
3198360,Escape Toon Kingdom
2424490,ENDLING
3037560,TRex Hero
2181800,"Just Dodge, LOL"
3368390,Nyric
3583240,LEO: Low Earth Orbit
3037510,Resonating Worlds
2424470,Speedrunnerz
2181770,The Outer Space Bugs
1516440,ATC Infinite
1225840,BeatBeat
3805580,Daydreams
3845720,Don't Look Behind You
3368360,Potion Seller
3198290,Knuckle Knockout
2424450,Circuit Breakout: Dual Polarity
3037480,Paplion
2181750,Black Emperor
1660200,Neon: Eternal
3667120,Runway 66
3368350,Shogi 3D
3198270,Monster Grid
3037470,Asterisk 2: Next -Now a Days-
2383380,Puzzle Party VR
2579870,Max Capacity
3667100,Candylands Journey
2181730,Illumina Girls
3583170,Rush Ultimate
3368340,Mystic Resistance
3198260,Small Dragon Big Appetite
3037460,Fantasy Trader
2181720,Scarlet Tower
1434950,HighFleet
1539180,Dojo
3845630,The Taming Massage Parlor ~Mari's Story~
3805510,PlanckMan
3583140,Lag Simulator
3037410,Fish Idle 2: Underwater Mystery
2181710,Me With Me
1785020,Hentai Madness
2383220,DETECTIVE - Stella Porta case
3667080,Farlands Journey
3805500,Iron Tangle Breakout
3583120,Versetender
3198240,The Tower of Aether
3037390,Combo all the time
2424310,ReXueLinHun Dynasty
1308940,Misc. A Tiny Tale
2181700,Slime Warrior Sokoban
1225820,Hermitage: Strange Case Files
3667070,Dillo's Dilemma
2383200,PATAPON 1+2 REPLAY
3805490,Strawberry Test
3583110,Midway 1981
3368250,Delicious - The First Course
3037380,Ashunnor's Game
2424300,Grey Heritage: Noble Duty
2181640,人类动物园 Human Zoo
1742240,Hymns of Resurrection
1660150,Redacted Epilogue
2383190,Creeping Deck: Pharaoh's Curse Prologue
3368230,Blue
3845600,Living with a Little Fox Girl
3198220,Kato Pirato
2181620,Monster Knockout
2579740,暗色战争(Dark Conflict)
2383180,Radiant: Guardians of Light
3845590,Dominated by: Yandere Goth Idol Sister
3805450,Legends of Hiro
3583070,Yes Mr. President
3198210,Super Monkey: Time Traversal Chronicles
1434940,GravKitten
2424240,Pudding: Lyre Knight
2181610,Heretic's Fork
1539160,Horny Warp: Hentai Fantasy
3845560,Underdark
3667020,Cryphora
3805420,A Few Quick Matches
3583060,5 NIGHTS AT BOBR KURWA
3037330,Hentai World Sexy
2424230,Locuras en el Banaverso
2181600,RE Encryption
1785000,Mokoko X
2383120,Garten of Banban 4
3845520,Timber Panic
3805410,Night of the Extinct
3583010,My New Roommate Is a Jealous Sadist
3037310,Dessert Storm Girls
2424170,Convolution of Fear
2181550,Flife
2383080,Create Your Own Universe
3666980,Diceball
3583000,2Deez
3368100,VERY BAD DREAMS
3037200,Iltami
2424160,Survivor's End
3198120,Deathblossom
2181480,I Fought the Lawn
1742230,Sandfall
2383050,Nature Escapes 3
3666950,Aim Trainer Bee Pro
3805390,L33na Redpepper
3582990,Desecration
3197950,Gallerie
2424110,Demon Slayer -Kimetsu no Yaiba- Sweep the Board!
2181450,幻境恋人-Fairy tale plan
2579600,unparalleled
3666940,Rebels - Under the Spell of Magic (Chapter 5)
3805360,Build-a-lot: On Vacation
3582980,Milano's Odd Job Collection
2181440,Delivery Man
1434910,Last Visit
1539140,STONKS-9800: Stock Market Simulator
3666920,The Journey East and West
3197930,Street grabbing of territory
2424040,MARONIA
1886630,OnlyFap Simulator 💦
1784990,// OVERDRIVE
2382960,Runic Defenders: Trials of Ascension
3805340,Realms Road
3582920,Forged Desires: A Bara JRPG
3845440,Split Second VR Tactical Shooter
3368050,Mr. Photographer - Into The Light
2424010,Parcel Simulator
2181350,SAVE THE EARTH
1594440,Give the People What They Want
1308880,FORECLOSED
1225790,Heat and Run
2382920,Munchy Mammals
3845430,Dungeon Sapiranga
3582900,Mama Nyah's House of Tarot
3197860,Infinite Idle: Online Clicker RPG
3037130,Magical Monsters
2382870,Elevator
2423940,Broken Minds
1516350,Textreme 2
1248840,Sephonie
1434900,HardPunch: Sex Plague
1539100,Noah's Ark
3805160,Duck Duck Goose
3582830,THE GOLD IS MINE
3197730,Under the blue horizon - Aquarium
3037060,100 Waiting Cats
2181230,CAMPING
2423860,Flock Party
1784980,Limita Luminii
3805150,Finding Dragons
2382780,The Monster War
3197720,"Him, the Smile ＆ bloom"
2423830,Multiplayer Turtles
2181220,UNPLUG - The Game
1594420,Loving You Fully
3845300,Deepfried in Deepspace
3582800,101 Cats Hidden in Kuala Lumpur
3037020,Project Phoenix
3197710,Iwakura Aria
2423780,Strategy game but with a penguin who has a sword
2382770,Yappie! Knockout
2181180,Crib
1742120,Mary Knots - Garden Wedding
1660080,Aloft
3845280,"Tie Me, Bind Me, HIT ME!"
3666670,Signal Intentions
3805100,PLAGUN – The Plague Goes On
3582790,101 Cats Hidden in Cancun
2423770,AUDSDG
2181140,Hope's End
2382730,Axecutioners
3666640,™انتم السابقون
3805050,MOONMAN: THE GAME
3582780,101 Cats Hidden in Shenzhen
2579380,Sex Story - Cuckold Life - Episode 5
3197690,Three Skies Ascension
2382710,Hare 136
3037000,Arthur Owl's Word Block
1516330,Acolyte
1539090,Attack of the Mutant Penguins
3666630,Lonely Girls Who Crave Your Touch
3367780,Mutational Loading
3036970,Pawn Planet: First Sales
2423710,Eldritchvania
2181100,Nevermind This
1594410,Hellevator
3845160,Paddle Together
3367770,SHEOL INFERNO
2382660,The Flying Feathers
2181060,Obscene Mansion
3666590,Hentai Ladyboy Ren
3582670,Resurrection Core
3447410,The Test: Reality Check
3367740,the secret story : classic edition
3197640,RoboSamurai
2382650,I Swear This Hentai Game Was A Gift
2423660,3D PUZZLE - LAST OF CITY
2181000,Primordial Pain
2579110,Last Stand
1660040,Upaon: A Snake's Journey
3447390,WET
2382640,Death Requiem
2423650,3D PUZZLE - PORT
2180980,War Of Gold 2 Mission 99
1516320,Skeleton King
1539080,The Immortal
3666530,Phantom Break
3582640,• Dread Chess ✣
3447360,Requiem of Dread
3197600,Light'Em Up
2382620,The Stoevi Curse
2423620,Space industrial empire
2579020,Idol VS Furries
3582620,Exterminator V Pollinators
3447350,Determine
3367700,ParallHex
2382610,Machine Heart
2423590,Dr. Carlos' Personality Exam
1784950,Kungen
2579000,Knight Speed
1594400,GAI Stops Auto: Right Version Simulator
3666490,Raccoon Cocoon: A Cozy Puzzle Game
3447340,Alacrity
3582590,Deedlee Doo! Carkour!
3367690,Void Sails
3197560,What's On The Menu?
2382600,Nomad
2423480,Pussy Cum with me
2578980,Whispers of an Elven Captor
1742080,Fishing at Lotus Lakes
3666470,BackSlap
3447310,ON money
3197550,Demonophobia Company
2382580,A Game Called Paako
2423470,Suicide Guy: The Lost Dreams
2180920,A Lone Piece
1659950,Paper Enchantress
1375020,Secret Of Dungeon
3666460,Waifu Wave Defenders
3582540,Foxxel Quest
3447300,Cardrunners
3367660,Vamos Rafa
3197540,Cyber Quest
2382570,Xenosis
2423400,Automatic Language Learning
2180890,Bunny Game
1516250,Memories of Fireflies
2578950,Inhibit
1434850,Lumpy
3844930,YOUR ADULT STORE
3197490,Puzzle Milk Tea
2578940,NO Logic
2997240,Coin Eruption
3666320,Connected Fates
3844910,Historic Helix
3582520,Deep in the lab
3447270,Ferral Quest
2423320,Homicipher: Demo
3197480,The House of Voracity | 噬人之屋
2180840,Sitri ~Shadow Walk~
3582500,Medieval Contrast
3367600,Dream Garden
3197370,Evo Born
3447220,Sweet Zodiac 2
2578900,Lucha Masters StickerMania
2180810,Dictator-chan island
2997190,Astro Arena
1659920,Antecrypt
3582490,NEUROZA
3666200,Quantum Resonance
3367590,Hidden Tomatoes
2578880,How to lose one's virginity
2180800,Midnight Margo
2997120,Lustful Butler And Charming Sisters
3844830,Tipsy Cat
1516240,Mitoza
3666180,Solitaire of Stygian Shadows
3197330,Mythos Interactive Game Collection
3447170,Cursedland
2423270,Pilo and the Holobook
2180750,Five Nights At Furry's
2578860,逝去的群星
2997110,Slasher: Origins
1248800,The Rule of Land: Pioneers
3666160,buttonbox
1886600,Trapped in the Forest
3582470,Rage Room: Catharsis
3197230,The SS Destiny Disaster
2578830,VRogue
2180740,Sex Toys
2997060,Hunt the Pale Gods
1594370,No Hope
3666080,Rainbow Cattle
3582460,Misty's Super Golf Solitaire
3367500,Fish Stick Protocol
2382380,Magician's Cat Diary
2578820,Bombabomb!
3844760,Back To Ground Zero : First Contact
3582440,DSS 2: War Industry
3197210,My evil magician boss suddenly loves me?!
2382350,Rainbow Rendezvous
2180710,Hentai Neko
2578810,ReversiBot
1659910,Mystery of Camp Enigma 2: Point & Click Puzzle Adventure
3666020,ASMR Pressure Wash VR
3447090,Digitalink
2382310,The Last Society
2423130,Gun and Girl
2180700,ABI-DOS
2578800,Radio Silent
1516190,A Hole In Space
3844720,Mini Games Retro 90s
3582420,Millennium Runners
3197190,New Year Simulator 2025
2382280,Plumber 3D
2423100,Terrierble Logic
2578790,Stellar Ghosts Settlers
1900720,For The Fatherland
3665970,Drop Adventure - مغامرة قطرة
3582390,Sinisomnia
3447040,Sora no Kiseki the 1st
2382260,Puzzle GO!
2423090,Reincarnated as a Noble - RPG
2180680,Sexual Summer
1784840,Ball Gun Arena
1576490,Dark Sheep
3665930,Dependency Psychological Test
3582360,Snowfall's Mystery
3367420,Voice of the Ocean
3197170,Assemble Ensemble
2382250,Seven Nights Ghost
2423080,Detective Agency Gray Tie 2 - Collector's Edition
2180660,Heimwald
2578750,Full Moon
1742020,Idol Showdown
3844550,Apartment 22
3665900,HougekiShoujo
3582350,SQUASER 6
3447000,米姆米姆哈
3367410,What The Hack!
2382240,Awita: Journey of Hope
2423070,Speakeasy
1659810,Figurine Scene Simulator
1374970,Moonscars
3844530,STOCKWAVE ONLINE
3665880,Capsoul
3582340,Red Spider: Vengeance Remastered donation ver.
3446990,FUBUKI ～zero in on Holoearth～ HOLOLIVE ALTERNATIVE
3367360,3072
3197060,Terminal One
2382230,The Egg
2423050,Root Of Win
2180610,Cabbagers
2578710,Aladdin of the Forsaken Lands
1516150,Dorpie
3582320,Inazuma Eleven Team Builder
3665840,MineSweeper Rush
3367320,Bessie's Milk Delivery
3446980,#holoReversi
3197050,.redruM
2382210,Space Guardian
2423020,Kingdom Flipper
2578700,VADI
2180600,Heartwood Online
1900690,Mystery Solitaire. The Black Raven 2
1539040,MultiDimensional 4-in-a-row
3665830,Sprouting Depths
3446960,Demonfo
3197000,Sweet Ice-cream
3367260,Dungeon Invader
2382200,1001 Jigsaw World Tour South Korea
2423000,Fenrir's fury
2180580,Mystery Solitaire. Dreamcatcher 3
1394240,VirtuaCreature
1784820,Master Of Squad
2578690,Arch Rivals
1594340,Last Village
1552020,Mirrored Pawns
3665820,Cyber Evolution
3446950,Solace Inc. 2
3367190,RAKE IN - Scoring Big With Monster Girls!
2382190,Tasty Jigsaw. Happy Hour 4
3196980,Mystical Sovereign Z
2422990,Weather Dominance
2180570,Detective Solitaire The Ghost Agency 2
3665800,The Communist Manifesto ~ A Visual Novel
3367170,Mystic Watcher
2382180,1001 Jigsaw World Tour Japan
2422910,Love Quest VR: Los Angeles
2180550,Dragon Princess is Hungry
2578670,Stellar Reach
1659800,Sweet House
1374960,SpaceVenture
3582230,Soul of the Dungeon
3446920,Mecharashi
3582130,破环者 LoopBreaker
3367060,Nifty Smashers
2382150,1001 Jigsaw. Castles And Palaces 5
2180410,Dark spell
2422850,The Unknown
1576470,Memento Vivere
1784780,Hero of the Kingdom: The Lost Tales 2
1594320,Captain of Industry
3665740,Hope Town
3196840,Security Guard Sex - Episode 5
2382140,1001 Jigsaw. World Tour Thailand
2422840,A Whisper in the Twilight: Chapter One
2180390,Boing
2578530,AOA Academy
3665680,夢の終わり - Upon the Dream's End -
3196830,Boobs Hidden Los Angeles
1659760,Puzzle Cafe VR
2180350,幻斋阴阳录 Genzai:Serialization
3665670,Zombies and Strangers
3582060,Harvester Arno
3844240,Purrrification
3446850,Skufs VS Quadrobers
3367010,CHASERS
2578480,Portals: Escape the Infinity
2180340,Mirror of Heaven
1516120,Immunity Tales
3844220,Kip 2 : Beyond Boundaries
3582020,EvilSlayer
3665660,Space ScrubLords
3367000,Threads of Karma
2382110,1001 Jigsaw. Castles And Palaces 4
2422720,Blackout Memphis
2180330,Girl's Way to Survive 2: Bloody Museum
1900650,A Night With Gigsjaw VR
2578460,Human Phobia
3665650,Possess War
3844200,破烂系统
3581980,VOID SOUL
3446830,Mouse Shooter
3366990,Anthony
3196800,Barman Simulator
2180310,Basement of Hellish
1594310,Midnight Ohota
1784730,Master Forge
3844180,A Wild Last Boss Appeared! ~Black-Winged Survivor~
3665640,Clicker Climber: Reverse Pachinko
3196780,Skylax! The Lab Runner
2422610,Love Love Candy
2578420,Unnamed Experiment
2996540,THE GOOD OLD DAYS
1702760,In Next Life
1538970,Hammerwatch II
1741900,You VS Drugs
1659710,Devileader
3581940,Deja View - A Spot The Difference Game
3446800,Space Orcs Brawl
2996520,Dummy Guyz
3196770,The Escape Room Chronicles ep1:The Mysterious KumaDonald's
2382070,Evershire
2422590,Ezerath's Last Hope
2578400,Bible Trivia
1512350,As Fast As Possible
3844150,RippleIsland Kyle and Cal’s Restaurant
3366940,Lover Interface
2382060,Dickland: Mini Games
2422570,Wine Hunt: Aim Fidelity
2578360,Kinky Fight Club 2
1516080,That Time I Got Reincarnated as an Orc
3446760,Multi Deck Hero
3366910,Slime Rush : Leshy and the Magic Book
3196740,Phobic Nightmares
2996430,Urban
2382050,Puzzled Runner
2422560,Stack-Making Neighbors
1512300,Quick Race
3844090,Fatebound Cards: Sundering Cities
3366870,Fatal Research
3446750,"To The Top, Mammoth!"
2578340,Race Manager
2422540,Burning Branch
1594290,Abridge
1308700,Wizardry: The Five Ordeals
3844040,Bank
3581880,Hentai Bath
3446740,The Random Game
3366780,Outlaws + Handful of Missions: Remaster
2996320,X Run 3
2382000,World Strategy War
2422450,Checkmate Challenge
1512280,Escape from Darkness
1538920,Starcaller
1659670,Bunny Flush
3844020,Smoots Crazy Wave
2422390,Citizens: On Mars - Prologue
2578280,Cat Palette: Merging Colorful Kittens
1512240,记得我
3581850,Diamond Runway
3446710,サキュバスマリーンの搾活～悪魔は魔性のバナナに魅入られ堕ちる～
3366710,Color-A-Cube
3196620,Enemy on the tail!
2996290,Jigsaw Industry
2381950,Card Age
2422360,The Four Paths
2578270,Treachery in Beatdown City U.N. Trouble
1515990,Dizzy Two
1900540,Calrivar Cluster
3446680,Heartbeat in Thailand
3366700,Ultimate Penalty
2996280,デュエホロ (DUEHOLO)
2381940,Sector One
2422340,Haunted Legends: The Call of Despair Collector's Edition
2578250,HBD-RPG
1576370,REPLIKATOR
1784630,Alice!
2381930,Project: InfoGrid
3843920,DeepBubbles
3366600,2nd Shot
3196570,The Realm of Reincarnation
2996190,ダンジョン人狼
2422310,Trupki
2578240,Resurrection Island: Love and Victory
3581810,Desktop Cat
3366590,Crestfall
3446550,ツクールシリーズ　アルティエクエスト [RTA QUEST]
3196530,Super Waifu Ball
2422170,Anonymous Messages
1512050,World Turtles
1515980,Kill Demons
1900530,La Villa de la Muerte
3843850,The Black Pool: Arena Survivors
3446490,Sixtar Gate: STARGAZER
3196520,Island Robot Farm
2996100,The Hole Town
2422110,Axis Football 2024
2578160,KIPIDON: We Will Always Love You
1511970,最后的守护者之虚幻的梦
3843830,Stomach
1576350,Blair Witch VR
3196510,Dreaming
2996090,源战役
2422090,Treasure Chest Clicker
2578140,I Mother
1784600,Kingdom of Dinza
1594220,Big Dick at the Beach
1394100,S.H.E.L.T.E.R. - An Apocalyptic Tale
3446450,Hidden Cats In White Sand Village
3366270,Attack Of The Dead
2381810,The Paper Arcade
2422080,Ajax’s Trial
1538900,Untamed Tactics
1741670,Hedgie Simulator
1659610,The Midnight Wind
3843730,Infinite Canyon
3581680,Fantasy Car : Car Design Simulator 造车模拟器
3196460,Wukong Monkey King's Journey West
2381800,Dunia: The North Wood - Episode 0
2578110,We're Tethered Together
1511880,Slime Heroes
1374910,Distant Transmission
3366170,Jirai the Red Panda
2996040,Teenage Mutant Ninja Turtles: Splintered Fate
2421950,The Guardian of Nature
1511870,末日竟在我身边 - Zombies Everywhere
1515970,Spin & Roll
1900490,White Mirror
3581660,Black Equation
3366140,CyberCook
3196400,Gisselle's Adventure
2996020,JRoguePG
2381740,Hexguardian
2421910,Ratyrinth
1511860,Swallow the Sea
3581600,Fate War
3446300,Mountain Legends 5
3366130,Towers Heritage
2381730,Airship
2996000,Faun Town
2421880,3 Hit Blunders Bundle
1784580,时间之神的猫
3843570,Combat Mission 3: Afrika Korps
3581590,Santa's Hitlist CEO Edition
3446270,波粒狂潮 Infinity Boli
3366120,Goppy
3196380,Defense Golem
2995990,Project: Nova
2381710,Galactic Gluttony
2578010,Tank Battle Resist
1511830,Shadows Behind the Throne 2
1538890,RUSA Odyssey
1741650,Iron Age
1659600,Teenage Mutant Ninja Turtles: The Cowabunga Collection
3843560,Combat Mission 2: Barbarossa to Berlin
3581570,Godcall Defense Line
3366070,Champi
3446250,Aslimelate
2995970,Body of Mine
2381690,Monkey Business
1374890,Crossword City Chronicles
3843550,Combat Mission: Beyond Overlord
3366060,Dice Making Ending
3196360,Dream Shark - Pt. 1
2995960,Novath
2381670,The Sinking of the Dream Chaser
2421830,Vroom Vroom Valley
2577910,Car Mechanic: City Driving
1515950,Capcom Arcade Stadium
1434540,Zoeti
1900480,Vonbit
3843540,Dungeons & Dragons: Dragonshard
3581510,Deal With The Devil Chapter: 2 - From Tuonela to Hell
3446230,Battery Farm
3366050,Crypt of Light
3196340,The Short Story Of A Riftkeeper
2421820,Cybersex Chronicles [18+]
1511780,Last Call BBS
3843530,Forgotten Realms: Demon Stone
3446210,Tantalus
3366030,Hidden Cats of Mars
3196330,Hentai Girls Nurse
2995920,It Takes Two Friend's Pass
2421800,Lewd Puzzle [18+]
2577890,Alta's Odyssey
3843520,The Temple of Elemental Evil
3446200,Sharks and Minnows
1784570,Trainz Railroad Simulator 2022
3366010,Kitchen Wars: Appetiser
2995880,The Invading Dark
2381620,Steam Engine Simulator
2421780,Orgasm Simulator 2023
2577860,A Night at the Watermill
1559770,Microgravity
1538850,Grotto
1741640,Shadows of Forbidden Gods
1659590,Fallow
3581220,Alien Breakout
3446190,Hatsune Miku Logic Paint S+
3196310,MeiQi 2024
2995830,Hexalert
2381600,Steel Republic Rail Defender
2421770,DEMONIAC WORDS
2577850,Seekers of Eclipse
1511670,Enter The Backrooms
3843500,八つ灯 | Yatsuakari
3581210,你能活到第几集
3446180,EroHPuzzle
3196290,Happy Birthday: With Sergio Spellbound
2995790,Dark Throne
1515920,Tomb Of Pharaohs
1900410,Slav or Not
3581200,The Cursed Deep
3446170,Kono Aozora ni Yakusoku o Refine
3365970,Love Goal
2381460,The Icon Battles: Game
1741620,Spirit and Katana
1659560,Nekoba RocknRoll
2381430,"Coffee, Plis"
1511620,Dark spot
3365910,DREADTOME
3196160,Lost Ground
2995710,Hup Hup The Cupcake
2421640,Retro Rocket Raiders
1511610,Gang wars
3843400,CRABS MUST DIE!
3446120,Kira☆Kano
3365900,"Oh, Bugger!"
2995700,Little Green Frog
2421620,PsyQik
2577660,Spava
2381340,-256
1228880,Crisp Cube
1308550,Speedrun
1515900,Heaven Dust 2
3843370,YaeiJinja
1900400,Mixed Feelings: While You Were Away - Boys Love (BL) Visual Novel
3446110,Village Empires
3581130,TIME ARENA
2995680,Dinosaur Huntress
2421560,Wolf Souls
2577550,Immortal Mantis: Revenge
1511540,DW
3446090,Dragoon Ascension
3365870,Umbra Mortis
3581120,Echo Leap
3196110,Randall the Grape Jelly Cube goes to Soda Valley for some reason
2421540,白猫骑士物语/ White Cat Knight
2577520,Conflict of Lords
1522820,Orcs Must Die! 3
1784470,Tightrope Walking
3843350,Dominated by: Yandere Goth Girlfriend 4
3446070,Zombies Overloaded
3196080,鸭蛋Duck Eggs
3365860,Break-a-Bot
2995650,Dungeons of Dreadrock 2 - The Dead King's Secret
2381310,Genjiro: Samurai Defense
2421520,Cosmula
1511490,Happy Valentine's Day
1538770,Food Comes From Above
1741550,来自女巫森林的法师
1659530,Party Demon
3843330,Limitless Runner
3581090,Arcane Investigations
3365850,Katharsi
3196060,Multiplayer Medieval
2381290,Section Gamma
2421510,Crescent Quest
2577500,Dim
1374840,Dark Deity
1515890,TAISHO x ALICE episode 3
3804990,Slimy Harvest
3665630,The Museum Sentinel
3446040,Chat is Real
2381270,Stickman and the sword of legends
2421480,Poly
2180210,冒险日记  Adventure Diary
2995560,Wildkeepers Rising
1900340,Ten Trials of Babel: The Doppelganger Maze
1714130,Méandres
3581050,FALARMA - Open World
3665620,Through the Lens
2421470,KAGIDOKO : A Deep Learning Horror Game
2180200,Golf with Guns
2995550,Office Dreaming
1714100,Castle Daybreak
1576220,Protoplasm-Mutiny
1394030,CESSPOOL
1784410,Hope Despair Chaos
3804950,FPV Kamikaze Drone Simulator
3446020,The Lost Island
2995530,Escape from Hornhead
2180180,TICKDOWN
2382540,Hit the Bit
3445980,Another World Adventures
2381230,simpliCity
2421440,Chronicles of Vaeltaja: In Search of the Great Wanderer
2180150,ITRP _ Aero Star
2995500,FantasyKingdom
1741520,Air Strike
1538750,Master of Pieces © Jigsaw Puzzle
3580760,Concrete Spaces
3036880,Panic In The Woods
2381170,G.O.M.P!
2421430,War For Galaxy: New Era
2180070,Dead on Arrival: Remastered
2995480,AsiaKingdom
1714070,Run Run Run
3804920,Voracious
3445890,Light 'Em
3580650,ArcanaTris
2381160,Quest for the Golden Candelabra
2421410,Cyber Manhunt 2: New World - The Hacking Simulator
2995460,Runecraft
2180060,Trouble in Tornado Town
1714050,SOKOBOT
3804910,Inexorable
3580630,In The Foundations
3445850,Friday Night Knockout
3036820,Timeout
2180050,Wheels of WAR
2995450,Clutchtime™: Basketball Deckbuilder
1714040,Super Auto Pets
1659520,Invertigo
3804890,Ephemeral
3445830,Return to Ash
3580580,Jacksmith: Weapons and Warriors
2381060,Alnico Smithery
2421370,Cryptis
2180040,Legacy's Allure
2995390,NEKO-NIN exHeart SPIN!
3036800,PRITTO PRISONER
2382520,Erenshor
3665540,Loot Scoot
3445800,FISHTOPIA
3580500,So it's Simple!
3036760,Criminal Archives: Blade of Deceit Collector's Edition
2381050,Hyper Hentai Elf Attendant
2180010,Wheel of Innocence
1741510,Traffic Command: Reborn
1538730,Pirates: Golden tits: Chapter 1
3445760,Grim Pastures
3036710,Holiday Farm
2381040,Cirrus Business
2421350,雙修武林
2995330,Leaf Town
2180000,Elemental Survivors
1713990,Parasomnia
2421310,桃色武林
2179900,The Bunnyman
2995270,Mars Lives !!
1713910,Robo-Boy  Risky Venture
3804520,Furry Delights: Erotic Arcade Lounge
3580370,Beachside Bloodbath
2421300,侠客春秋
2995260,Depth Diver
2179860,Prison City
2380940,The Shape Killer - Sniper Game
2382490,Salah Simulator
2380930,Coral Caper
3036610,AFTER STORY ～Witch ⊂ Dragon～
2421290,Weapons Party
2179850,Cobalt Core
2995230,Sandwalkers - Prologue
1741490,Undying Lantern
1538710,StellaGale: The Trials Of Faith
3665470,Monster Ops 13
3580330,Naughty Chat ❤️
3445670,What The Chuck?
3036600,Speed Climb
2179790,Carpe Diem Project
2995220,Tipsy Woods
3804420,Mana Lab
3665460,Jumpscare Slayer
3580300,Hit Idol
3036580,Dungeon Diver
2421270,Crystal Caverns
2179770,Unboxing
1713810,Lumencraft
1515820,Guns of Succubus
1434350,Celestial Hearts
3804400,Space Hitchhiker Stop
1900300,The Bad Son
3445630,SUPER CAPSULE BOY
3036560,这班上够了 Escapism Ltd.
2380870,PieClicker
2995190,Retale
1713790,Bee Craft
1659490,Gray Death
1576150,JUNK: The Legend of Junichi Kato
1734560,Kingdom of Heroes
3580210,Strangers Lurk
3445620,Hostile Dreams 2
2380860,illum
2382470,Ball Wall
3036530,Tint The Saver
2179720,The Seekers: Survival
3665300,Rogue Ninjas
3580160,Ambrosia Sky: Act One
3036520,Rome Goes Rogue
2380850,Emberwood (Beta)
2179690,Desktop Pet
1741480,Ultimaze
3804330,Loop Fighter
1538680,Blake: The Visual Novel
3665290,Femdom Girlfriend 2: Victoria Loves Teasing Me With Her Boobs
3580130,Deal With The Devil: Chapter 1 - Journey to Tuonela
3445580,Ambidextro
2380840,PlasmaBlast 1.0.2 BETA
2179660,Hot Milf 9
3665270,Cursorcana
3580110,Fuckstone
3445570,The Last Shot: Arcades
3036480,アリスのハニハニクラッシュ！
2380830,Duel Timers
2421110,Animal Kostume
2995100,DeadWire
2179650,SPACE DUDES vs ALIEN DUDES
1515800,Welcome Back
1713720,Wall of insanity
3804190,Kasama: The Awakening
3665250,Beak Force (Early Access) 
3580100,Sokowand
3036470,河神：沉溺之流
2179630,OnlyFap Simulator 3 💦
1713710,Hand with hand
1784220,Chesskoban - Chess Puzzles
1659470,Mouse Hunter
3445550,Hero World 2
2380810,INTERNULL
2421020,Sublime element
2994990,Wool at the Gates
2382450,Rocket!
3804070,勇者大暴走
3445540,SherloCAT Nonogram Rio
3036410,Sound of Slash
2380780,Wyvia: Prologue
2179560,A meeting of dreams
2994970,DOMUS ABSCONDITA
1538670,UAL: Universal AIM League
3804040,Iron Ranger
3445530,Forest of Death Masks
2380760,Lofi Milk Delivery
2994950,Throw Bro
3036390,PSEUDOKU
1713640,Ransack Raccoon
3580010,Lust Odyssey
3445520,100 Sri Lanka Cats
3036380,Turtle Champs
2380720,Sqube Darkness
2420990,Ancient Wonders: Pharaoh's Tomb
2179520,クラブ・スーサイド
2994940,STEM Defense
1713620,Wolf Attack
1434330,Blaze and the Monster Machines: Axle City Racers
1900280,Just Ignore Them: Brea's Story Tape 1
3803990,Our Summer Festival 2
2420980,Cleanup Project
2179490,Ravenous Horde
2994930,Rust Rivalry
1713610,Purrgatory
1659420,UNCHARTED™: Legacy of Thieves Collection
1576130,IdolDays
1784180,Fragment Hunters
3803930,Luckyest
3665120,Hentai Furry Bunny
3579960,Laser Tag Massacre
3445500,Perpetuo
3036350,A Case of Fraud
2380620,Steel Rampart
2420970,Classified: Death in the Alley
2994920,Turbo Live
2382440,BIKI BIKI FLIP
1220840,Retirement Simulator
3803860,Blood Oath
3665110,Hentai Furry Unicorny
3579920,Market Simulator
3445490,Angry Video Game Nerd 8-bit
3036330,Chaos Rush : Tower Defense
2380560,Deserted Island
2179450,Massi
2994880,Gimmick! 2
1713470,Mike the Cat
1515750,Star Squadron: Student Driver
1434320,Fast & Furious: Spy Racers Rise of SH1FT3R
1308420,Sweet Island
1225250,ENCYCLE
1900250,Demonschool
3803780,Lost in the World of Succubi
3665060,Sparkle: Spiny's Awakening
3579880,Isles Above
3036280,Chimp Memory
2380550,CONSORTIUM Remastered
2179440,New Heights: Realistic Climbing and Bouldering
1713410,Metal Golem: First Contact
1659410,Dungeon Lad
1784160,Ilum
3665050,Flying Up
3579720,World War II Armored Recon
3445380,Something Took Her
2380540,FlipTiles: Warp Lines
2420880,WitchHand
2179390,Dyer Expedition
2994850,Poseidon
2382410,Block Gun
3803750,Cyber Dungeon X Monster Girls
3036220,Morningtide Motel
2380520,Parkour Running
2420870,Roober
2179380,Sand:box
2994810,Zoey: Horny Roommates
1713350,Project Castaway
1538640,Void -Dementia-
3445340,Sandwich Simulator
2380490,Pengun
2420860,At the Dream End 2 - Beyond Gods
2179370,Retrace the Light
2994800,Cherophobia
3036170,Straight Up Poker SE
1713340,Arpsic
3036150,Afternoon of Resurrection
2380450,Machine Love 2069
2420820,Vae Victis
2179360,INCUR Survival
2994790,Summer Scent
1713310,League of Felt Tanks: Together
1515740,Super Sports Blast
1900230,Vetrex
1659400,Hideout: Face your fears
3803700,Kiritan Thruster
3843310,Dovengarde Needs Delvers
3664910,Frantic Birdies
3365840,The Final Print
3196040,Airborne Justice
2380410,SEX Tentacles [18+]
2179350,Detective Agency Gray Tie - Collector's Edition
2994780,The Protagonish
1784130,The Undead
3803680,Emoji Random Defence
3843290,Beasts of Fortune
3664890,Moon Tropica
3196030,DOOMSDAY
3365820,Palette Cleanser
2380360,MathLand
2179300,Blades of Jianghu: Ballad of Wind and Dust
2994730,Zooika
1434310,PAW Patrol The Movie: Adventure City Calls
1538620,Zoo Cleaner
1741420,OplitisAV
3843270,Silent Watcher
3365730,Quick coin run away
3196020,Twas The Night
2380340,Hazy Mind
2420780,Hotel Perkkow and the Two Vegetarian Werewolves
2179290,HerrAnwalt: Lawyers Legacy
2577420,The Diner at the End of the Galaxy
2994680,Nobodies: Silent Blood
3803650,Protorogo
3195990,Rhyolite
2380320,Choice of Life: Wild Islands
2179270,Mudoba
2577400,HIND
2994660,RPM - Road Punk Mayhem
1308360,GUN JAM
1515730,Yellowlooper
1225200,NAIRI: Rising Tide
3803620,ROBO OH vs UCHU MEGA FIGHT
3843120,Valiants: Arena
3664820,Sandboxels
3195980,Multiplayer Romans
2380310,Living Cell
2420740,The Last Hero: Journey to the Unknown
2179260,Simple Snooker
1900160,Prodigy Trainer
3843100,The Manor
3664810,FREST
3365630,Heroes & Dice
3195920,Wasteland Kitchen
2380300,Super Cars (Amiga/C64/CPC/Spectrum)
2420710,Volatile Particle
2179220,Around Us
2577380,iM1A2 Abrams
1784100,CubeLines
1576050,Super Pixel World
3843070,Fasthand
2380250,Swinging Over It with Alin Lucian
2577330,Pea Pod Power
1538610,Legacy - Witch Island 3
1741300,"SIT DOWN, PLEASE"
3843020,Forced Entry
3664720,Lords of the Fallen - Free Friend's Pass
3365470,Synthwave Driver
3195790,White Knuckle
2380240,Sparky Marky: Episode 1
2420690,ATNRPG
2179190,Legend Of Nazera: War
2577320,CODEDOOR
2994540,Sweet Slimes Revenge
3803390,Buko Boko
3842980,Tower of Ba*bel
3664710,Drone Simulator: SMASH ZOMBIES
3365450,A Regular Store
2380230,THE JUSOU
2420660,Neva
2577290,The Ultimate Collector
1515710,Anna: The Series Test
3664700,さんよん ～三女？四対！～
3365440,Chromesthesia VR Music Visualizer
3195710,Geometry Shooter Pro
2380220,Materialization of memories
2420640,Angel Tear: Goddess Betrayed
2577250,赛卢比斯传奇
2179170,A Tower Full of Cats
2994430,Sarah's Adventure: Time Travel
1900130,Late photographer 2 free
3842960,Twilight Syndicate
3664690,My Oppai Mommy Makes Me Want To Spill All Of My Company Secrets
3365430,ファンタジーワールド ～魔王の想いと真実と～
3195690,Sexy Memory Puzzle - Gay Gym
2420630,Pixel Town: Akanemachi Sideshow
2179130,Patty Pepperton in The Pumpkin Patch
2380190,Paradise Cleaning!- Sexual Massage shop -AKARI-
2577180,DemonStar - Original Missions
2420590,Sex Simulator - Dirty Doctor
2179060,A hundred kinds of your smile
2577150,SKULLFracture
2994250,Beer Runner
3664630,AFK_GF
2380090,New York Mysteries: Power of Art Collector's Edition
2577140,Dreams of a Geisha
2994240,Gods vs Horrors
1515640,Arcadegeddon
3803230,Beyond the Pitch
3842890,BiColor - Lazy Eye Game Trainer
3365370,Strange Alchemy
3195540,Captain Edward Continues
2179030,BOT.vinnik Chess: Prodigies
3365360,Soul•Apocalypto
3195530,Streamer's Journey 💖
2380050,Star Trucker
2420540,Peraglees - The Ooloufian Resistance
1659340,Be The ONE
1576000,Pain Party
3664560,Escape From Lava
3803080,City of Stories: Stephan's Journey Collector's Edition
2420530,Sexy Memory Puzzle - Spanking Girls
2577020,The Spiral
1434260,Painting Werther
1741260,Faster Than Possible
3842770,The Last Village
3664530,Pyramis
3195450,Crony Corp
2379910,Dystopika
2420520,Office Affairs
2178990,Sodaman
2577010,Gravity Cab
2994150,Konfronto
3842740,You Suck At Football
3365170,Firehawk FPV: Drone Fighter
3803050,Reflections of Life: Dream Box Collector's Edition
2379890,Forgotten War
2420510,HoloCure - Save the Fans!
1515600,Space Station Cargo Simulator
3842700,P1: Anchor Light
3664510,Once Up
3803040,Binary Boss
3365140,BrainRot
3195400,EmyLiveShow: Case of Four Hot Witnesses
2379880,Neon Survivors
2178970,Shanubis
1900070,Battle for the Droid Station
1237170,Qual
3664490,ESA SHIELD
3365130,Air Traffic Control
3195370,PopSlinger Vol. 2 - Loveless
2379850,Super Box Delivery: Beyond the Horizon
2994080,The Cake
1659320,The Last Chimera
3664470,Kindergarten of hell
3365120,Doomsday Tower Defense
2379830,Fortress of the Undead
2420460,Having a HARD Time
2178930,Sexbot
2576710,The Sheriff's Town
2994070,路尼亞戰記
1741220,Forbidden place
1538570,Patron
3842640,Cuisine Master VR
3365090,Alexander
3195350,Doggos in Dungeon
2420450,Abandoned Void
2994050,GladMort
1456570,PixelJunk™ Eden 2
3802930,BlackJack Saloon
3365080,赴生
2379810,Bazaar Simulator
2420400,SacriShot Matrix
2178890,Epi-Derick
1393750,Ocean's Heart
3842580,The Queen Riding Insects
3365050,Atelier Ryza 3: Alchemist of the End & the Secret Key DX
2379800,RUN ON
2420390,CODA
2178860,Building our Futature
2994020,Puck
2576600,Bottle Can Float
1900020,PunjiVR: The Vietnam War
3842550,Veil Stream
3664300,디시인사이드 중붕이의 모험2 (Jungbung's Adventure 2)
3802900,Puzzle Temptation: Anime Reveal
3365040,Atelier Ryza 2: Lost Legends & the Secret Fairy DX
2420350,The Mildew Children
2178840,The Umbridge Estate
2576580,Robospital
2994010,Chains of Freedom
1659300,Hour Night
3842530,Frankenstein RPG
3664280,"Catfighter, In the Lands of Sinners"
3365030,Atelier Ryza: Ever Darkness & the Secret Hideout DX
3195260,Recoil Rush
2178820,Space Adventure
2379780,Balatro
2420330,The Mildew Children: Chapter 1
2993990,I Am Machine
1434200,Always Surrender
1538550,LEGO® Voyagers
3842470,"Simulators, strategies and pigeons"
3664250,AstroPlanet
3365000,Zombies Ate My Femboy
3802820,Big Giant Tanghulu: Tanghulu Legend
2379770,Boobsle
2420300,Rap Attack!
2178800,Teresa Moontyners - In the lair of the beast
2576550,Little Dasher!
2993980,MasterChef: Learn to Cook!
3842430,Orange Life
3802810,Bouncing Missile
3364980,Gameday Mayhem!!
2420290,UniVerso
2993970,Goblin Auto Club Manager
1308220,Orbals
1515580,Dice Of Olympus
3842380,漂流、のち、座礁
3664230,Bounce Cat
1575960,The Exaggerated Epoch of Edward O'Hare
1374490,RuneScape: Dragonwilds
3664160,Who's Hungry?
2379720,Every Letter
3195020,Inventris TD
2420230,Multiplayer Military
2178740,Don't Bow
2576460,Angelstruck
3842340,Third Kind
3664120,ULTRA CORE DIVE
3364880,Moral Dilemma: The Interview
2379700,珍珠梦Pearl Dream
2178670,Disminal
2576440,Posthaste
2420220,No Legs? No Problem!
2993810,Seekers of Darkness
1782860,Community College Hero: Fun and Games
3664100,Hentai Mika
3364870,Knights of Messiah IF: Castle in an Alternate Dimension
3802720,Lone Labyrinth
2379690,Retirement Home Tower Defense
2178650,Fastraq
2420140,Crushing Depths
2576430,Phrank's Photon Pharm
2993780,FANTASY LIFE i: The Girl Who Steals Time
1393690,WAVER: A Typing Adventure
3842300,Hell Builder
1515570,Elsie
3364860,少女地獄カルデア｜Galaxy Express Chaldea
3194970,Tower One
2379680,Genting Party
2420110,Horizon Forbidden West™ Complete Edition
2576410,Disco Samurai
2993770,우리들의 4분 33초
1899980,Monster Island
2379650,Clicks Of Courage
3802650,Snekteks
2420100,Manitas Kitchen
2178620,Final Boss
2993740,five-element Seal: Infinity
3445300,Full Spectrum Gradient
3194950,Colony
3364830,Brave × Junction
2379620,The Unfallens: Awakening
2178590,Coin Pusher Casino
1538480,Redeliver
3842180,MINI Rugby: World Tour
3579490,Monsters' Den: Book of Vengeance
3445290,R/A\W
3664010,Drift Legends 2
3194940,Dreadful Delivery
2178570,Arthas - The Game
2420050,Butterflies
1393680,Supreme Fighters
3663980,Pogo Stick: Ultimate Challenge
3364770,Misty Judgment
3194910,The Icarus Experiment
2420040,Backrooms: Lost Place
2178560,Horde Hunters
1308150,Orb Overload
1899950,Dolmenjord - Viking Islands
3579390,Don't Forget to Smile
2379580,CargoSpace
2576250,WyrmBound
2178550,Black Cycle
1659210,Uninvited Guest
1575940,Sins of a Solar Empire II
2576200,Into The Grid
2178490,Seducing The Devil
3579360,Caveman Jump Jump
3364650,Exorcist
3194890,Birdfull
2379520,VR Fitness
2419970,Pigeon Flight Simulator
1639180,Dance Assembly
2178480,Shiren the Wanderer: The Mystery Dungeon of Serpentcoil Island
3662750,Network Nodes
3364600,The Hunter's Path
2576190,Jump Queen
2419930,KoboldKroniken
1538470,ISDDS - Drone VR Simulator
2576170,花母·序
2178470,Christmas Fever!
3364590,Human-Hunting Hijinks
2379470,Cadence Cuties
2419900,Apartament 1406: Horror
3841980,Compadrone: Land Wars
3579330,Arthur's Sand Castle Contest
3445150,Box #341
3194810,Benchmark Your Skills
2419880,Honey Are You There?
2178440,Bazooka Cat: First Episode
2576160,Echoes
1515490,System Purge
1224840,Frozen Memories
1899830,Grapple Gear
3841970,Battle On! Hero Academy
3579320,Arthur's Pet Chase
3445120,Kingdom of Piss
3364560,PogoPogo
3194800,ALFRED IS A BAD GUY
2379390,Tom Clancy’s Rainbow Six® Extraction
2419870,Where is Mr Cloud
2178430,STRIKER of SKY
2576150,LET IT DIE: INFERNO
1659200,Crossed Wires
3841940,Mutant Fish Lab
3579300,What's Needed
3364520,Scenes from the Heart - Part 1
2419830,Balls and Coins
2576130,CATAST
3579290,Lord of the Wilds
2379360,Melancholy Date
2419800,Harem in Another World
2178410,Last Tour 終末旅行
2576040,Goblin Gangbang 🧟🍆👩
1434040,Slide Stars
1538460,Sword and Fairy 2
3841900,Chessemble
3662210,RuJuWi
3445090,Gigacrab: Getting Over The Meme
3364490,Maid For My Master
3445050,Slug Wars
2379300,Get Those Bugs
2419730,Ultimate Speed Run
2178350,Unhinged
2575960,Disaster Golf
3841750,Campfire Stories: The Giant of Green Peaks
3662140,The Firestorm is Coming
3364220,Ventilate
2419720,Adrenaline Rampage
2178340,Reality
2575940,Home
3662130,Unsung Heroes: Card Wars
3579220,红月
2419710,Saloon Simulator: Prologue
2379230,Blessed Burden
2178330,Glory & Miserable Survivors DX
2575900,Corn Kidz 64
1538420,Missing
3579180,Flip Crystal League
3841720,Under the Table
3445020,Lost Flight: Survival
3364120,The Undergrounders
3194600,Disaster Blaster
2419690,Quadroids
2178310,盗墓密探
2575870,Matrix Bullet
3841660,Box Bunny
3662060,Mushi Mansion
3579100,Supreme War God
3445000,Sky Dreamer
3194550,Bao Bao's™ Cozy Laundromat
2419670,Eclipsium
1515460,Prison Tycoon®: Under New Management
1899810,Dread X Collection 5
3364070,The Jackbox Party Pack 11
2379070,Operation Excision
2419660,GimmickHeart
3194510,Shop Simulator: Pet Shop
2575850,SUNSET OF ATE
1659180,TD Worlds
1575870,UpGun
3841620,Project Lab
3444870,Rogue Bricks
3364060,Ocean Goal
2379060,It Belongs in a Museum
2419640,Elzzup
2178280,Pengreens
2575840,Monster 2
3841600,Swordmancy
3579050,Strawberry Chocolate
3363980,Galaxy Hassle
2379030,Barro T23
1538400,Orbatron
1804450,Kingdom of Maverta
3661930,Vaccine Case
3579020,Nisukka Racing Simulation
2178190,Underwater Diving
2575800,Marcella Moon: Killer at the Cove
3841560,Confidentiality Agreement
3661890,Voidnomicon
3579010,JAIL DICE: Roll to Break
3363890,Vehicle No. 4
2378970,Medusa VR
2419500,Mossroot
2178180,iO Inner Self - The Lava Planet VR
2575790,PROJECT : GENESIS
1515450,Galactic Pick Up Artist
1899800,Raisond'etre
1224710,洞穴探险队 Caver
3363840,Hangman
3194410,魔石
2378910,Settlements Rising
2178170,Scurvy Dogs
1659170,Snowboarding
3841480,My Sweet Summer
3661790,Island Off Outer Darkness
3578960,Wave Leads You...
3444760,Unpuzzle Quest
3363830,Weed Store Simulator
2419430,ZOMBIAX EVIL
2378900,The Coffin of Andy and Leyley
3661740,GAT RAT
3444750,Most Quietly
3363820,Inside The Forest
2419410,Sky Fury
2178130,Bomber Command
1804440,Trails Of Gold Privateers
1433990,NGU INDUSTRIES
1538380,Animal Babysister Fighter : Zombie Coming!
3841380,Fugue of Delights
3444740,Goo Hunter
3363810,Hidden Dogs: In the Dog House
3194380,SIGNAL: Uncharted Lands
2378810,IT Hell
2419380,Ghost Maze
2419370,Universal Flight Simulator
3841370,The Story Of A Game Company's Growth
3444720,The Sultan and his Harem
3194360,Formula Legends
2378720,ROACH INVASION
1899790,MALFUNCTION FPS
1224700,Kingpin: Reloaded
2419360,Music Summoner
3841340,Petmancer
3661670,Hell And Back
3444690,Dying Sun
3363790,Lift/Shift
3194340,We Are Alive
2178090,The Kinky Kitsune and The Tantalizing Tanuki
2378690,倩女幽魂2023
1659150,SUPER 56
3841280,Mechanical Chess: Real-time
3578740,hgmGame-cat
3444650,Mosaic of the Strange
3194310,Pixel Dungeon VR: Prologue
2378640,The Great War 3032
2419330,Familiar - Battle of the Labyrinth
2178070,Towers of Aghasba
2575390,Aegers Borg
2378540,Hentai Dream
2575360,DOLL EYE: CHAPTER ONE
3841250,The Adventure of Ravi 'n' Navi
3363700,Beyond the Bridge
3194160,Escape From Infection Zone
2575350,William's dad's secret
2178010,Runeverse
1307960,Quartet
1899760,Maneater and the Golden Teacher
3841240,AstroRage2049
3578590,这个游戏
3444610,Abandoned Continent
2378490,Two Hands Eggs
2419240,Sushi Ben
2177990,Halloween Stories: Mark on the Bone Collector's Edition
1456290,BoltBreak
3841220,Midnight Crane
3661570,Node RPG
3578580,Pair Master
3363640,Puyo! Sokoban
3194140,Cozy Sudoku
2378480,GallowsHill
2419220,Gnome
2177940,Odania Sports Arena
2575230,INVERT: The Climb
3841160,Not a Dream Job
3363630,Hidden Cats of Atlantis
3194120,Outrun Depression
2378460,Piano at 5 a.m.
2575150,Conquistador Rex
1538350,Unit Down
3802640,Boom Gear
3578530,Finding Ivy
3444570,Super Miners
1711600,The Beast In The Cave
1508980,Cheese Runner
1393580,The Amulet of AmunRun
3802630,Fartal Error
3578520,Gemstone Realm
3444560,Sweet Succubus
2177820,Pantazil
1508960,Warage
3444540,Living with Temptation 2: French Confessions
3035250,Denizen's Den - Deeper Edition
2177810,Once in a Blue Moon
2378390,Little Keepers
1711540,Ghost Sync
1659090,REMEDIUM
1508950,Megacraft Hentai Survival
3578500,Rusty Foodies
3444520,Interactive Sex - Futanari BDSM
3035180,ZombCube
2177800,"Forgive My Sins & Desires, Father - Boys Love (BL) Visual Novel"
1711530,Justice Chronicles
1508920,Coffee flavor of love 咖啡甜恋
1804370,Airball
3802600,Beholgar 2
3578480,攻上凌霄宝殿
2177730,Missing Pictures : Naomi Kawase
1711520,Great Marble Adventure
1538340,Field Survivor
1508900,MahjongSchool
1647440,Idle TD: Heroes vs Zombies
3444480,Nebulock
3035140,WonderLang French
2378310,DIVINE PEARL™: Survivors
2177720,Missing Pictures : Lee Myung Se
1711490,ANDOR Ladies
1508890,Desirable: Dream Hotel
1393570,Superbugs: Awaken
3444430,Horg's Brewery
3578450,Ex vs Ex
3035120,Is This Seat Taken?
2378300,The enemy weapons are better
2177710,Missing Pictures : Catherine Hardwicke
1508860,Minforiga
1302290,Elkabo: Selina's Dark Spirit
1899710,ITRP _ Volatile Vertex
3802400,Sparganator
2378290,Grasshoping
2177700,Missing Pictures : Abel Ferrara
1740990,Lawnmower Game: Space Fight
1711460,Hentai Love
1659080,THE LAST DEFENSE!
1508840,Great Exploration VR: New Colony beyond Viking Raiders
1456260,Flashlight
1575750,ShapeVS
1374350,Tiny Troopers: Global Ops
3444370,ASTRO MAZE
3035090,Popcorn Fever
2382130,Tasty Jigsaw. Happy Hour 3
1711420,Queer Man Peering Into A Rock Pool.jpg
1302240,Labyrinthine
1804360,Slot Idler
3578390,Astral Dusk
3035080,Legions
2177680,Missing Pictures: Tsai Ming-Liang
1711400,排球入门指南
1437890,Mexican Train Dominoes Gold
3802320,Blade And Dragon VR
3035020,One more! 🍺
1508750,Xuan-Yuan Sword: Dance of the Maple Leaves
1302220,The prisoner of the Night
1393560,Self gunsbase 2D History Shooter
3802290,The Hotel
3444230,Abulia
3035010,Deep Cuts
2378160,AUTARKIS
2177640,Rebels - Under the Spell of Magic (Chapter 3)
1711300,Blood Safari
1508740,Xuan-Yuan Sword 2
3802260,Backrooms: Flicker
3444220,NiuMa
3035000,SuperSerpentSnake3D
2378150,Pincrediball
2177630,Henteria Chronicles : The Peacekeepers
1711290,Battle Arena Soccer
1508680,Love n War: Warlord by Chance
1659050,Creatures Docking Station
3578310,Cat Crazy
3034980,GTR - Garage Town Racing
2378140,Blackthorn Winter
2177620,Ruza
2177570,Stone Age: Digital Edition
2378120,咸鱼修仙指南
1711190,BOT.vinnik Chess: Early USSR Championships
1508650,正宗台灣十六張麻將
1575730,Descending I - House of Nightmares
3578240,Passion Rift
3034920,Shadowtime
2177550,Jewel Match Twilight 2
1711160,Jigsaw With Animals
1508640,Leave The Red
3578220,Doors
3034870,VR Kart 360*
2378060,Dino Want To Survive
2177540,Jewel Match Twilight
1711120,Taxi Simulator
1508630,Star Melody Yumemi Dreamer
1456230,Cthulhu: Death Escape / 克苏鲁:死亡逃脱 Prototype
1659040,HITMAN World of Assassination
3801950,Maze of the Lich
1508620,AV Company | AV会社大冒险
1804320,Splash Jumper
3578180,Blitzr Ball
3444080,Bakery Cafe Simulator
2377990,渡灵师-Demon Subduing Master
2177490,Spring X Elixir
1711080,"Go Home, Mr. Fisk!"
1538260,Covid Chaos
1508570,Summer~Life in the Countryside~
1899680,最適解 Saitekikai Spy Simulator
3578130,Stack & Sort Pals
3444050,FIND ALL 6: Netherlands
2177450,Futtony y el Copón Mundial
2377980,Dye The Bunny
1711070,Circe's revenge
1508530,Epiphany City
1447080,SMFly: Ice Age
1575710,AutoChess of Gensokyo
3578120,The Stairwell
3444020,Demonic Mahjong
2377970,Cats Hidden Around the World
1710990,ButtonMash
1508510,Miyu's Cursed Store
3801660,Descent
3444010,The Chroma: from the wasteland
1710970,Vacation Adventures: Park Ranger 12
1456220,Don't Stare
1658970,Overmorrow
3801650,Urban Undergrounds
3578100,smartPLANT
3444000,Firefighters Together
3034720,Tavern Manager Simulator: Prologue
2177320,Cozy Corner
2382090,LaborSurviveManual
1508460,Annalynn
1804290,Circo:Dark Story
3443930,Utopia
2377910,Nautical Dispute
3034710,Pop Art
2177290,Sticky Honey
1538240,Youmu Konpaku & Dungeon of Lewd Creatures
1508450,She Doesn't Walk
1433900,Narrow Escape
1899620,Outdoor Adventures With Marisa Kirisame
3801570,Knight vs Monsters
3443910,in Death we Love
3034680,BattleCards Saga
2377890,Windwalker
2177260,Super Planet Life
1508440,Rage Chicken 2
1710930,Bubble People
1575690,Super Maze Labyrinth
1301930,Traffic Jams
1393490,CheeseCube
3801540,Vector Horizon
3578060,Synthetic Hopes
3034670,Abrasion
2377860,Princess of Mekana
2424440,Lilith Rising - Season 1
1710920,Dwerve: Prologue
1508430,Kemono Mahjong
3801530,Dungeon Fight Tactics
3578040,The victims of lost sunny days: Eclipse
3443870,BUTTON PRISON
2377780,终极功德模拟器 | Zen Simulator
2177210,Mantra
1456200,Initial Drift Online
1301880,Messticulous
1658960,End of Lines
3801520,Store It!
2377720,Super Power Racing
2177200,Mission In Space
2382080,Vivian Carmine
1710890,Let Me Die (inside)
1508410,Pirate of Madagascar Island
1301860,Farlight Commanders
1804270,Swordship
2377700,Ocean Cat
2177170,All of Us Are Dead...
1710880,Seductive Tombs: Beach Love
1538170,A Sleeper's Quest: A Labyrinth to Thee
1508400,Kaiju Wars
3801500,Neffy -Moonlight Labyrinth X-
3443710,RitualRX
3034630,Drum Revolution
2377660,Jane Austen's 8-bit Adventure
2177160,- Mischief Dungeon Life - 異世界転生した俺のイタズラダンジョンライフ　ClaraEdition
1710870,Super Drag Race
1508370,Hisato no Saku
1301840,Maggie the Magnet
1575680,BlasterBeat
3801490,GladiArena
3443700,金鱼症候群 Goldfish Syndrome
3034600,Sandy Planet - Season 1
2177150,SCP - The Sentient Box
1710840,Coins Invaders
1508360,Town Of The Dead Life 死寂之城
3801470,Legendary Tales: Map of Hope Collector's Edition
3577780,advance，fish！
3443680,Final Redoubt: Zombie Apocalypse
3034590,Chapatriste
2377620,Lord O' Pirates
2177060,The Lost Village
1710830,Super Nano Blaster
1508340,Forsaken Universe
1658930,Blazing Aries
3801410,Sex Empire - Episode 1
3443670,赤ずきんちゃんのお見舞い
3577770,BloodBound Knights
3577700,Moto Roader 「モトローダー」
3443650,Spooky Night
3034550,The Oneironaut
2377590,SKELER BOY
2177030,Daddy
1508260,Tortured Hearts - Or How I Saved The Universe. Again.
1575670,SNK VS. CAPCOM: THE MATCH OF THE MILLENNIUM
1710790,Finley's - The Colour of Radiation
1393460,Mythicard
3801360,Zerun
3577680,Hidden Cats - Easter
3443640,Detective Araka
3363610,Lurking Among Shadows
2993720,Cage of Roses
2177020,Kanji RPG
3034530,Zilar: Empire Of The Underground
1658920,Crown Wars: The Black Prince
3801350,Backrooms: Forgotten Floors
3661530,Until The Fire Dies
3443630,Animal Cafe
3577630,Psycutlery
3363600,Bonk the Rat
2419180,Posthaste Emporium
3034520,The Fox's Way Home
2177010,Reclaimers
1710750,Slit Mouthed - 口裂け女
1374230,Flame Keeper
3801340,The DvD idle game
3443620,SamabakeScramble
3363590,Secrets In Green
2419120,Grave Robber
2993680,天缘传说
2176940,Walk While My Grandmother Plays The Piano
3034450,流る星 -a wish star-
1804130,Ghoul Castle 3D: Gold Edition
1433860,The Amazing American Circus
3801330,Backrooms: Final Exam Part II
3443610,ZombieCards
2419090,STAR WARS™: Bounty Hunter™
3363580,Domain of Hallucination
2176930,Trinity Trigger
3034440,Clare's Escape
3801320,Nelli The Seer
2993660,Hentai Tales: Bunny Hole
3577420,Frenzy Islands
3443590,Niskala Sacred Knowledge of Leyak
3363570,Symphorix
2419020,Flawless Darkness
2993650,Hentai Tales: Backyard 33rd
1710720,canVERSE
3034400,Medieval Businessman
1656880,Dungless
1307760,Fisherman Classic
3661380,Krysolov
3801290,"Work Sucks, Let’s Play Dou Dizhu!"
3577380,Another Game About Digging A Hole
3363560,Shard Squad
2419010,Backrooms: Wit's End
2176900,Tales of Fablecraft
3034390,Apocalypse Secrets
1710710,Another Dungeon
1636050,Last Boss -9x9 Action Battle-
1658910,SpellHunter
2418990,Fight for Eden: HEAT
2176880,Road To Devadatta
3034350,Niraya of ■■
1710690,Rebels - Under the Spell of Magic (Chapter 2)
3801190,Touching the Female Swordsman
3577250,Vacation Romance ♥️
3443560,Places To Go
3363530,The Tavern Tales: Medieval Simulator
2418980,Puffer Pop
2176850,Suffer The Night
2993510,mageVScastle
3034340,WorldNeverland - Daily Life in the Elnea Kingdom - Another Life Adventure
1804070,Asteroids Extreme
1899450,Z-Rush Survival
3801180,Fengshui Chess
3363510,Junkyard Rush Racing
2418940,Reconnecting
2993500,SHADOWBOX: Mausoleum of Natural History
2176790,Furry Arena [18+]
3034330,ワールド・ネバーランド～オルルド王国物語～EXPERIENCE OF FICTION LIFE
1710620,Winter Games 2023
3801060,Slumbering Mirage Grove
3661300,Celldom Classic
3577140,Escape from Mental Hospital
3443520,陰陽師絵巻
3363480,Void Point
2993460,Hentai Senpai: Apocalypse Girls
3034300,Brendon's Water Polo
1710600,Jelly 2
1575640,SOL CRESTA
3801030,One Last Journey
3661290,Whispers of Wings Jigsaw Puzzles
3577120,超能力麻将
2418890,Docking Ships
2993440,Arbor
2176760,Maid for Loving You
1710590,Overheat
1636030,Crossfire: Sierra Squad
1456020,Lovely Warriors
1658880,汉字大冒险
3661280,Desert Dino Run
3577110,仙灵图录
3363450,3 Days in Another World
2176730,Escape From Ithara
2993430,GMU Blastmaster Battle
1710580,MotoGP™22
3661230,Emotitron
3577080,Aokigahara :The death forest
3443450,帕斯的餐厅Pas's restaurant
2176710,M.E.A.T. II: Absolute Zero
2845220,Altushka +
3034180,Witch Way
1224420,Smashroom
3800900,Simple Zombie Survival
3661160,Darkest Descent
3443440,Dungeon Battles
3363420,"Xmas, Super Puzzles Dream"
2418820,August Walk
2176670,Blobek
2993370,Red Thread
1710550,World of bombs
3800880,Guac & Load
3660900,Rogue Scum
3577060,World War Legion
3443430,Rotschwert
3363410,Lumi Trek
2418780,Your Spaceport!
2176640,Gloomy Tales: Horrific Show Collector's Edition
2993320,Silly Tanks
3034160,Split Spirit
1710540,Fall of Porcupine
1575590,Alder Forge
1393420,TOKOYO: The Tower of Perpetuity
3443420,PRONG
3363390,PASSIONERS
2418740,Tits and Shadows
2176580,FlipScapes
3443400,Anomaly Evolution
3363280,Harvester's Shrine
2176560,Dreamland
2418720,Tap Craft
2993180,Hentai Puzzle : Girls
3034120,I am Sorry
1804020,HERO'S PARTY R
3800840,Phoenyx: Breaking The Cycle
3660800,3D PUZZLE - Race Track
3576960,I wanna fuck my daughter’s besties
3443380,Kindaichi Mystery Series: The Honjin Murders
3363270,Fischer's Fishing Journey
2176540,Daemonum
2993140,For Whom the Stars Shine
3034070,Spy Drops
1899430,VEREDA - Mystery Escape Room Adventure
3660790,Sad Virus Foodland
3443350,Sketch Magician
2418680,Revenguard
2176510,Jrago The Demon Hunter
3034050,Astra Moment:DIMENSION
1575580,The Royal Game of Ur 3D
1307710,GRID Legends
3800800,The First Scene
3363250,Anomaly Corridor
2418630,The haunted hospice
2993080,Survive In Ankara
1710460,Crash Cleaner
1635980,Kubinashi Recollection
3033970,黑暗战纪：魔王复苏
3800680,My Sadistic Yandere Goth Girlfriend is My Boss
3363240,かいがらの夢
2993070,Candy Roller
1710400,Cavegirl Adventures
1658770,Grandmaster Chess
3033960,Bounce Ball
3800670,Waking Dreams
3660700,Train Driver 2
2418600,Los Pingheros
2176460,The Lies We Tell Ourselves
1710390,INNO VATION! 2007
1804010,Labyrinth Of The Demon King
1433570,Car Detailing Simulator
3033950,Slalomancers
3660690,Chainsaw Dodge
3576880,Dreadline: Net Quota
3363200,Midnight Snack
2418530,Kofoin - Swarm Defense
2176450,Mr. Hopp's Playhouse 3
1899400,Rolling in the Maze
3033930,Zombie Dolls
3800640,G-MODEアーカイブス+ 探偵・癸生川凌介事件譚 Vol.17「御堂丸邸事件」
3443190,S.X.E. Slider: Swole Mates
3363180,Maze Master
2418520,Farm Together 2
2176430,Testament: The Order of High Human
1710310,Route Me Mail and Delivery Co
1575540,Symbiotic Love - Yuri Visual Novel
1393380,Reverse Defenders
1307690,The Darkest Tales
3033900,Metamorphosis
3800580,Chick Game
3443160,3 bullets
2418500,Clutter RefleXIVe: The Diceman Cometh - Collector's Edition
2176400,Baby Storm
2992980,The Heavens
1710290,Helper Cat
1635950,Circular
3660600,ЗУМЕРЫ
3576750,It was beautiful
2176340,Haramase!semen transport project
1710260,Catsploration
1658750,Revelation
2992920,Cats Clicker
3033880,Quescaper
3443080,Auridia
3363030,TDP4: Team Battle
2418480,One Life: Parkour Project 
2176320,Magical Drop VI
2992810,COS-249
1710250,Alice Trapped Beyond Wonderland
1804000,MergeTD
3033820,Eternal Vampire
3800390,Bridge to Another World Remastered: Burnt Dreams Collector's Edition
3576700,Barcha
3363000,1000 Princes: Born to Love You
2176310,Axiom
1899370,3D将棋
3033810,Bazaar Simulator Prologue
3660540,Rotem
3576690,Last Laugh
3443030,"CLASS 3, THIRD GRADE"
3362990,The Three Kingdoms: The Tales of Jian An
1710200,DRK-Story - Black Book -
1656870,Eastwind Adventures: Chapter 1
1575520,Fruit Ninja VR 2
1393370,Actraiser Renaissance
3800340,ScootX
3660520,五行乱斗
3443020,Push³
2418380,Finding Fate
2176240,Pedra Crystal Caves
2992740,Towerheart
1710180,Skye: The Misty Isle
1635920,A Dog Named Mato
3576630,Girlfriend Saves the City
3362960,Twinkleby
2992730,Laruaville 15
1710170,Blade of Darkness
3576610,비행? 청춘!
3660440,Chiba
3442980,A Slight Chance of Sawblades
2176200,Now you are the persecuted
2992700,Reflex Unit : Strike Ops
1803960,Demon Sword: Incubus
3033740,Valourglade
2418290,Sparky Marky: Episode 2
2176190,Escape First Alchemist: Prologue
2992650,Hyperchannel
1899350,Trade Bots: A Technical Analysis Simulation
3033730,Nine Lives Ninja: Survive!
3800230,Blood Bear
1455900,Plunder Panic
1658650,Space Drone: Rescue Mission
3033660,My Sudoku
3660330,Mythic Ascendancy
3841140,Sudoku online with friends
3800140,Whispering Fog
3442910,Steampunks 1869
3194110,Doujin Fever!! Night Assault!
2377530,Sweet Office
2418120,Saviour of the Wasteland
1803920,TownOfDestruction
2176140,云城异闻录
3033600,Rogue Rollout
3660320,SkullX: Aibohphobia
3442890,Can No One Hear Me?
3362830,Rolling Toss
2377520,2D Dogfight
2176130,Tower! Simulator 3
1307660,Ravenbound
1899300,Combat Complex
3033560,Bajka
3841040,Lilialette's Hustle: Getting My Hands Dirty to Save My Guild
3442880,Touhou Farming ~ Minoriko's Homestead Harvest
3362790,PETS
2377490,Psychiatric Hospital
2176090,Cursed Angel: Time Paradox
1575480,Once Upon a Sea
3033540,Fast Running
3660270,Corrupted World
3194070,全网公敌：诡村
3362780,Outlaws vs Aliens
2418020,弈人寻梦
2176070,Transliminal: Beyond The Backrooms
3033520,OYASUMII
3841000,Dominated by Yandere Goth Girlfriend 3: On the Beach
3194000,Lezdom CEO Fantasy
2418000,Combat Mission: Red Thunder
2176060,Paradise Cleaning!- sex-loving family -
1373990,The Majesti
1455840,Dorfromantik
3033510,Vectic: Boosted
3840970,Casey Noir and Carved Pumpkin's Latte
3660220,Syberia - Remastered
3442770,"Fire Me, I Insist"
2417990,War and Peace
2176040,The Extraterrestrials Museum of Earth Exploration
3033500,HUDDAM 2 BERZAH
1803870,The Knight of Turn
3799900,Peter's Apostles
3362670,Crypt Robbery
3442760,Apocalypse ? No !
3193980,Place Icebergs Apart
2377420,Eris Dysnomia
1433500,Hotel Transylvania: Scary-Tale Adventures
1899290,Gems of Destiny: Homeless Dwarf
3033490,Hotel Tome ws
3660140,Rush Rush Red Shoes
3799840,Tawa : Lost in Time
3442740,Hollow Memories
3362660,World War Z VR
2377410,Forsaken Quartet
2417960,Reaktorhallen R1 - Zombie Shooter
1575470,Frogun
3033470,From The Mystery Zone
2377380,Dark Desire Mute 4
3660130,Rat's Contracts
3442720,Tilebound
3193840,OUTLAWED
2574870,Extreme Bike Racing
1879040,Mycosis
1454540,LAPIN
3660110,血姬：双生 (Vampiress: Eternal Duet)
2377360,Horror Maze 2
3840890,Lunera
3442710,Sex Casino
3362480,Sex Apartment 💫
3193830,HiHi
2417940,Hero Emblems II
2574850,Extreme Offroad Racing
1635810,Planes Journey
2377340,SwarmsurgE
3660100,Holiday in Europe: Czech Adventure Collector's Edition
3799620,Super Cauldron
3193800,VHScape
2417930,RuneShroom
2574840,Go For A Punch! Saki Sanobashi
1803850,Lock & Key: A Magical Girl Mystery
3033410,그랑 엠파이어 : 그래픽 리마스터
2377320,Berry Hunt Survivors
3660090,PARADISE LOVE
3442660,Love Letters: First Bloom
3362370,帝国烽烟
3193780,Paragone Bomb
2574820,BENDERMAN VR
1433490,Pristiq: Tash's Trilogy
1899270,Battle of Finland: Winter War
3033340,SVA
3840810,Microwave Yourself
3660080,SEXY GLASSES
3442580,MONSTER MERCHANT
3362350,Dankenstoned’s Bongster’s Gram Smoker’s Stankula
3193770,The Exit 8 VR
2377300,Rest House III - Chlorophilia
2417890,Floral Gate
1575450,Dark Siren
3033310,Diving Focus
3660060,Cal & Bomba
3442470,Photographer's Life Simulator
3362340,Survive Society
2377280,Eriksholm: The Stolen Dream
3193760,Mecha Force VR
2417850,Yolk Heroes: A Long Tamago
3033230,Bookworm
3840740,Oblation: Prince of Corruption
3442450,In The Dark
2377270,Hivefall
2417840,이세계메이드
1635800,Dungeon Warriors
1455780,Big Larry
3033220,The Last Hollow
3799510,The Starlit Oasis
3442440,Technology Market Simulation
3362320,Tap Derby: Horse Racing
3193730,Seek
2417790,Clear Mosaic
2175800,LONGEYED PROJ
1803840,Lucky's Tale
3033200,The Soul Inside Us
2175780,Dominance
1373960,INDIKA
1575430,The Bounty Huntress
3033180,Ancient Demon Shadow
3659980,Tease and Please: Charlotte Edition
3362260,The Ninth Forset
3193670,Sorry! I surrounded beauty!
2377230,Claws & Chaos
2417700,The Malice Kingdom
2175770,Furry Love & Sex
3033130,QuickCalculation
3799320,The Loop Below
3442380,Summer Waifu
3362250,NOT TACTICAL VR
3193650,三国幸存者
2377210,Little Turrets
2417660,Cotton Tale
2175750,Hotdog Samurai
1635790,ChessCraft
3033120,Sombra
3799310,Silent Reel
3840600,TileGuesser
3362210,sea fight
3193640,HOTEL WAZUMA
2417650,Carrom Slam!
3033090,Secret Enemy : Cosmic fighting
3840590,Agents of Shadow
3659940,Cats Visiting Fairy Tales
3362190,料理乱斗
3193630,Super Destroyer
2377140,Axolotl Kingdom
2175700,Odd Woods
1307580,TOEM: A Photo Adventure
1433470,Outpost Engineer
1899180,Night Of Disturbance
3799290,S.R.A
3659920,Dream on
3442280,Phantomancer
3362180,Solomon's Boneyard: Hideous Retro Edition
3193620,Lost Connection
2377120,Elena's Journal: To Atlantis
2417620,Pogglewash
2175690,Player Non Player
1373950,The Divine Speaker
1575380,In the Wild
3033050,Iron Apartment Guardian
3799280,Backrooms: Noise
3840490,Cursed Castle
3362170,Uciana
3193560,Yokai Landlord: Monster Mystery!
2377110,Pocket Waifu Rekindled
2417610,METAL GEAR SOLID Δ: SNAKE EATER
3799260,Pixie Pleasures 🧚‍♀️
3362160,ARKA KRAYA
3193540,Diamond Board
2377100,Lawless Confessions: Fight for the west!
2417600,BrickLike
2175650,Polda 3
1635780,芯之迷城
1248450,Totemlands
3032980,Anomalous Crossing ~Shibuya~
3799200,Postal Strike
3362140,Mirage Episode：1
3193520,Fraudster
2377090,Willow Guard
2175640,Chibi Ninja Shino-kun: Treasure of Demon Tower
3840360,Warp Commander
3659810,Zombie Chef
3442240,Red Guest Biography
3193510,The Ghost of Redstone Manor
2417580,Bonnie's Bakery
1899170,Dirty Girls
3032950,海鳥野ガクの精神鑑定録
3799100,SIDE EFFECTS
3442220,BOOBS
3362120,Youxing continent
3193500,Bunker
2377020,Unbroken: The Awakening
2175610,The Last Solver
1373930,Dino Nest
1575330,Friendly Fire: Arena
3799010,LYNCH
3032940,Monster Ops 3
3659780,Bus Simulator Offroad
3840320,Pochard Jamie
3362100,Sticks Aim Trainer
2376990,Meduziak
2175570,EternaMine
3032930,Adrift
3840290,SoulFeast(灵魂盛宴)
3659750,"If Letters Had Pants, Would They Wear Them Like This? What About Numbers? What If They Had Small Shovels And They Dug Stuff Up To Put In A Museum?"
3442170,SwooshCat
3193470,规则怪谈：欢迎来到森林马戏团
2376980,Panic
2417520,火山噴火で隕石を破壊するゲーム
1719240,Illuminaria
2574260,Brain Overload: Calculate
1635770,The Looking Stone
1248420,Hexahedra
3032830,Katanaut
2175530,MY NEEDY NEIGHBOUR GIRLS
3442160,Ancible Online
3362070,PizzaDefense
3193390,Just Platformer 100
2376970,My Horse: Bonded Spirits
2417510,RouRox
2417490,HOLEHOLE
3659560,Bob's Crystals
3442140,Lord of the Click 5
3362040,Cell Command
2376930,Cuthbert in the Jungle
2574120,PPA Pickleball Tour 2025
1803810,Warmonger: Sins of the Naga
1899160,Puzzle Mix
3032810,TEN SHOT
3442110,Scav
2376870,MechCrisis
2574040,Spookermarket
1575320,Curiosity
3361910,Stan
2376780,Battery Samurai
2574030,Snake Crush
1393210,Dashie's Puh-ranormal Activity
2417400,Defiled Survivors: Prologue
2376760,Mondrian 99
2175450,Rhythm Stones
1803760,Windmills
1224030,Erra: Exordium
3840150,Liminal Horror
3193280,Mortanum
3032650,Pizza Boy Z
2992550,Dull Acres
2376750,Ancient Mind
2417340,Nobody's Dilemma
2175400,IPO TOWER
2574000,Femboy Burgers
1899150,灵异爱情.冷
1709260,Dice Tourney
3193270,CAMP Z: THE AWAKENING
3032640,Gravitational Phenomenon
2992520,Galaxy Flavored Heroes
2417310,ForeVR Cornhole VR
2376740,200 DAYS Zombie Apocalypse
2175390,Going Rogue
1575300,No Parachute
3840090,"Survive, Resist, Collaborate - a World War 2 Choice-Based Story"
3193060,Dark Flame -Nam's Quest-
3032630,Accident Liquidator
2417300,Sybil is Haunted
2175250,Volley Court
1709240,Strange Investigations: Becoming Collector's Edition
1719220,Chimeras: What Wishes May Come Collector's Edition
1433420,Love n War: Hero by Chance
1635720,Homebound
3193010,Christmas Is Coming
3032620,Knight of Justice
2992500,Coin Factory
2417270,Endless Apocalypse
2175200,"i love me, i love me not"
2573960,Follow the Leader
1709210,Love Duction! The Guide for Galactic Lovers
3032610,Space Gray X
2992490,Epic Quest - Definitive Edition
2376690,Highrise Guardian
2417260,Deceived by the Host
2175190,Forgotten Souls
2573950,Sun Breed
1507420,WanderLust
1803720,Escape From Eternity
3839930,三国.群英录
3192970,Star Freight
3032600,Raceborn
2992470,Rustwing
2376620,殺陣物語
2417250,Mr.T Survival
1709180,Solitaire Expeditions
3192960,Parcel Master
2175170,MetaMorphic Rippers
3032590,Pixel Golf Club
2992460,SOUL PARK
2417240,The Isolated Town
2573930,Skolly's Adventure
1709170,Paradise Marsh
1507400,Soobmarinno
1575290,Haunting At Cliffhouse
1373890,Fight N' Fall
1271310,The Forest Cathedral
3192950,The Pane Puzzle
2992360,Bloom Echo
3032580,LEVEL UP 80
2376600,Ptero Pursuit
2417180,Backroom: Constructions
2175150,ARGH!
2573910,Eight Balls
1709150,ELEC
1507390,Hentai  ヘンタイ -  C-GUM VACCINATION
1719210,Calculator and monsters
3839850,Crystal of Atlan
1635710,Bossfight Tactics
3032560,Jam Jump
2376580,TRIBE NINE
2417160,Just Skill Shooter
2175120,Nemesis Island
1709090,Candy gun
1507310,To The Snowland Platformer Game
1455650,Facing
2992240,Banebush
2417150,Smiling Girls
2175110,D.H.M.
1709080,Dating Simulator
1507280,Rowfall
1803700,Castle in the Sky - Clash of Sky Palace
3839810,ShellMobile: Titan Rampart
3032530,Grocery Simulator
2992230,Greedy Goose
2376550,Haunted Heye Apartment
2417140,Girls Divers
2175100,Sensual Adventures - Episode 7
2573770,Chez Croggy
1899110,Octo Vinctum: Revenge of the Czar
1709070,Car Tehc
3839740,Number Crush
3192880,Nettle
3032520,BLUMA
2992220,I Did It ALL for the COOKIE!
2376540,The Haunted Building
2417130,Neoclip
2175090,Knights & Guns
2573670,Fragment: A Story in Growing
1709060,Secrets of the Lost Tomb
1507260,Cannon Lab 13
1575260,Pandemic Heart
3032460,PinDrop: Escape The Room
2992210,Beyond The Walls
2376510,Floating Coffin
2417100,Just Date
2175080,Banana Quest
1709050,Nitro Kid
1507220,My Lust Wish
1719200,Tar Alterra Adventure Game
1433340,Happy's Humble Burger Farm
3192840,Onto Maizilind Unto Infinity
3032450,Escape From Castle Frankenstein
2992200,Airport Antiterror
2376470,Enid
2417090,Memoryland Prelude
2573640,Dashbounce
1996450,Psychedelia: The Psychonaut
1709040,The Endless Adventure
2992190,Blue Hunter
3032430,Fangs & Faith Solitaire
2376450,Lighthouse Of The Souls (LOTS)
1709000,Heavenly Hammer
2573620,Mow VR: Challenge Your Limits
1507180,Math Hero - Minimalist Puzzle
1803690,Ping Pong Pufferfish
3192800,Ikode: Legacy of the Elements
3839660,Hekaba
2992180,Apocalypse Delivery Service
2376430,A Rocket's Intensity
2417000,Hunter: The Reckoning — The Beast of Glenkildove
2175040,Loser's Romance
2573610,ImpossiBowl
1899080,Terra Forma: Tower Combat
1708990,Bingus: My Beloved
3839620,重生挖矿
3032350,Project Unknown Designation
1719180,Gobby McGobblenutz Presents - The Questionably Quirky Quiz Show
3192680,1989 After the War
3839590,逃离狮门外语学校 / Escape the School
3032250,Compu-Tron x3000
2991990,嗨喵乐园(HiPurrLand)
2174930,Slippery Richard! ~ He's Taller Than My Husband ~
2573490,Tongue Tale
1996430,Dicefolk
3839580,FlexibleJigsaw: Journey
3192670,Downcave
3032240,Warhawk
2991980,러브크레센도
2376370,Xenocide
2416940,Space Crab VS
2174900,The Secret of Varonis
2573470,Dice Assassin
1708870,第七号列车 - Train No. 7
1506980,Lay a Beauty to Rest: The Darkness Peach Blossom Spring
1803640,ONE WAY
3839550,飘渺西游
3192660,Galactic Seals Survivors
3032230,Mushiverse - Online Boardgame
2991970,Space Light
2376340,DomiNOo
1708850,Drug Dealer Simulator 2
1899060,Pocket Mirror ~ GoldenerTraum
3032210,Detective NEKKO - ディテクティブネッコ -
2991910,Lilly and the murder in a dream
2416920,Groob
2174840,Pressure Within
2573420,Visual novel for the kids: Lumi And Baby - Hamster And Baby Dragon
1708820,Guardian Force - Saturn Tribute
1575230,Paid Trade
1506960,Beat Biome
3192640,Curse the Cursor
3032190,Just Date Vegan
2991890,Cauldron Caution
2376310,Castle War
2416880,Duck Life 9: The Flock
2573350,Vampire's Kiss
1708810,COTTOn Boomerang - Saturn Tribute
1506940,Muffin Fight
3032160,Puzzle Scenery
2376300,Cash Dash
2416860,All is Fair in Love and Vore: The Tavorion Collection
2174790,Farmistic
2573320,Beyond Hanwell Teaser: The Royal Hallamshire
1996420,I commissioned some bees
1708800,COTTOn 2 - Saturn Tribute
2376290,Derf Party
2174780,Fire of Life: New Day
2573260,古代风流传
1708770,30 Birds
1506900,The Epic of Inanna
1392960,STORY OF SEASONS: Pioneers of Olive Town
1803630,She Hates Unicorns
3192600,No Food No Drink
2376280,Whisker Witchery
2416790,Old School RPG
2573240,Sex Simulator - CamGirl Audition 2
1708750,Magic Stone Guardians
1506850,Cards & Tankards
1899010,The Sych story: Human Being
1223870,Sakura Hime 2
3839350,LCF1
2991820,SuperHyperHappyGame
2416780,The Sleep Experiment
2376270,Lunar Lander Beyond
2174720,The Will of Arthur Flabbington
2573230,Suicide Runners
1708730,Traffic Chase
1506830,FIFA 22
1575160,One4
1486950,The Underground Man 2
3839320,Twisted Toys
3192560,Phantom Thief Angels: Twin Angel - Labyrinth of Time and World - Re:light
2416770,绛河之上 Under Supernova
2174710,Broken In Time
2573200,Squeaky Squad
1708710,Food Delivery Battle
1506820,Kiki & Ana - The Child
2174690,Sanguine 3
3839300,Dogpile
3032110,Fiesta Animal
2991740,Z Rush
2416760,How To Build Your Igloo
2573190,Battle zombie
1635650,Chromatic Fantasy
1708690,The adventures of Sisharpic
1674590,Histera
3839260,烈焰屠龙·神兵觉醒
3192540,Deep Sea Pursuit
2991730,Insert Item Apocalypse
2416740,Dark Desire Mute 5
1708610,Pretty Girls Breakout!
1506770,Crawler
1307370,Rain City
1803620,The Monstrous Frontier
2174620,Agelast
3192510,Star Runaway
3032080,Sound Horizons
2573150,Neon Dash Tales
2376190,Water Buddy
2416720,Quadrium 2
1708570,Those Who Came: Healing Solarus
1506760,A House of Thieves
3839240,Poppy Sanctum Prologue: Aquance Isle
3192490,What Happens After Midnight?
3032020,Cast & Spell
2376170,Hamster Combat
2416710,Mother Ghoul - The Curse of Unborns
2174600,Fairyside
2573100,Unreal Lust Theory
1575100,Ziode Shadow
3839230,Golf Of America
3032010,The Supper: New Blood
2991630,Box Dog
2416650,Night Stroll
2174560,Bus Flipper: Renovator Simulator
1708550,Cassiodora
1719140,Bloody Layne
3192390,Mirage: Ignis Fatuus
3031980,AWAKE
2573050,Zero End: Chapter One
2416630,Murder At The House
2376140,Space Captain McCallery - Episode 4: The Turquoise Temple
1996380,End of Night
1455540,Smash Track Drifters
3192360,Rainy Day
1506680,Horror Tycoon
1898990,Jigsaw Pink
1575070,Ticklish Tessa
3839130,Dominated by: Yandere Goth Bunny 2
3659410,"Your Big, Cute Monster Farm"
2376030,Minor Scale
2416510,Gundroid
2174440,Jump'n'Brawl
3839110,Peachy Pillow Fight : Cat
3659280,Off The Grid
3576540,SU42: Hired Gun
3361820,Beware Behind You
2376020,Castlewatch
2991500,Hotelnomaly
2416500,Legends of Savvarah: Time of Pariah
1719130,The Ghost Cage
1635630,Are You a Boat?
1996360,Paws for Adventure
1248130,Farming Simulator 22
1455510,Dragon's Hoard
3798600,Emi's Solo Ghost Hunting
3839060,Children's Sandbox
3659270,Wumball
3361810,JR's Christmas Adventure
2376000,Angels vs Angels
2416490,Legends of Savvarah: Children of the Sun
2174420,Lucky Goal
3798590,Pat Pat Cat
3441820,Titanium Raiders
2375990,Coralina: a Memory Tale
2416480,缘起
1803600,Gone Rogue
3576460,Stellar Infestation
3441790,Berty the Giraffe
3361780,Celestia's Light
2991400,Himegashima Island
2375960,Entogious
2174370,Slugmania
3838900,Prism
3798550,Hentai Merge Dice
3659180,?? Movie Theater
3576430,Word Blitz
3361770,Escape from Castle Claymount
2991390,Kozue's Strange Journey 2
2375940,Deadly Delivery
2416460,Unknown Memoirs: The Rental
2174330,Together With Me
3798540,Chirax's Fortress
3659170,再构镜像Reconstructing
3441750,Cyber Storm Edge
3361760,Metabrawl
2375930,Simple Multipliers
2174320,A Foreign World
1719100,Ruins of Albion
1433140,The Texas Chain Saw Massacre
1635620,Pathfinders: Mini Words
1248120,Higher Critters - 1v4
3659160,hgmGame-horse
3576390,Real Roulette
3361730,Bouncing Buds
2375870,The Revolt Fire Rising
3659150,出張2 Next Business Trip
2174300,Piczle World of Puzzles
3441720,Epimutation
3361720,Saucepanhead I - Pangalactic Panic
2991320,Master Level Maker
1803590,Cyclone
1878710,Crowd Sign: Emission
1898970,HYDE
3798420,Paint by Words
3576370,William The Best Shooter
3361700,One Million Stars
3441670,NotFunGolf
2416370,Cruel Reality: A horrible dream
2375810,Rise of Robots
3838740,Lost Letter
1455490,Deadzone: Exodus
3798400,BirdQuest  Find the Difference
3361660,Slashboy
2991290,Supernatural Rules Suppress Ghosts
2174220,DoTeam
2375760,Aery - Calm Mind 4
1575040,Starlight X-2: Space Sudoku
3838710,H2My Park Game
3659120,Why Jump
2991250,Frog 'n' Roll
2375740,5 Minute Climb
2416350,Yard Sale Simulator
2174210,Sun's Edge
1719080,Kate Don't Wait
1635600,PJ MASKS: HEROES OF THE NIGHT
1433130,Ravished Realms
1996230,Forest of Tails: Arena
2375730,Mercenaries of the Kingdom: First Blood
2416290,PLONG
2174190,元境VR
3659080,Unbound
3798310,Misty Onsen
3838670,Master Lander
2375710,Hunt Hide Run
2416260,Sujeto 124: El hombre de traje
2174160,Sands of Slumber: The RPG
2991150,Project Kinesis
1392780,The Companion
1803580,Bard Idle
1307270,Demon Keeper 2+
1878670,No Way Up
1223720,Light Fingers
1898950,O.D.T.: Escape... Or Die Trying
3838660,BPROOF
3659050,SoulPactum
3576250,Cargo Shop Simulator
3798300,Wettop
3441600,Battle Mayhem
3361510,Coal LLC
2375650,BOLD
2991110,Wilderless: Meadowfell
2416250,Chronautical
2174080,PAL
3838620,Escape from Tung Tung Sahur
3798290,BAD SECTOR ³
3659020,Idle Guy: Life Simulator games
3441580,MiniGolf Showdown
3361500,ThaumSmith
2990990,Brawlers of Duality
2173930,NTRaholic Remix
3798210,Hentai Cafe
3576110,Memories with You
3441540,Takara Cards: Academy
3361470,Digseum
2990930,Casino Heist: Escape Room
2375600,Restaurant Battle
2572330,BlooDooMooN SurViVoR
2416100,Goodnight Universe
2173920,Demon's Wrath
3658970,Antibored Evolution
3798190,Fluffy Tower Defense
3838470,The Black Knight Chronicles - The Quest Beyond Destiny
1392770,Practical Shooting Simulator
1878660,Ink and Paper: Wandering
2572320,3D Survivors
2173910,Project: WATERFALL
3838460,Lore of Luvarith: The Hollow Crown
3576060,Project Origin
3361380,Leas: City of the Sun
1455450,To Hell With The Ugly
3838440,Gun Dealer Simulator
3576000,Behind The Curtain
3361360,Red Pill Cola
2375570,Champion's Chalice
2416050,Cento
2173900,SEX with HITLER 3D
1574990,Pushing the limit
3658850,Banana Loco
3441460,Fuel Harvest Together
3361340,Shop Simulator: Waifu Pillows
3575990,Gun Paradise
2375560,Poly Jigsaw: Butterflies
2416030,Roboden
2173890,I commissioned some bees 10
1803570,青鳥樂園 Blue Bird Land EP.2 下篇
1719030,Terraform Inc
1248060,Realpolitiks II
3658820,Corporate Slave Succubus
3575980,Fantasy Maiden Wars - DREAM OF THE STRAY DREAMER -
3441450,叛逆の守護者
3361330,Turret Titans
2990860,Tale of Souls
2375550,Like a Dragon Gaiden: The Man Who Erased His Name
2416000,Blind Fishes
2173880,I commissioned some bees 9
3797930,Curtainfall
3658800,Realm Runner
3441430,Polycar Blitz
3361320,Amarela
2375540,Hentai Casual Jigsaw - Witches
2415980,Dream Job : Delivery Simulator
2173870,I commissioned some bees 8
1878620,鳥獣妖怪戯画　(Choju Yokai Giga)
3838310,Deckout
3658780,Bonds of Zeniarai
3575960,하츠카 (Hatsuka)
2990840,Lost Resolve
3361280,Sattelite
2375530,Descenders Next
2415960,Femboy Aim Trainer
2173860,Paradise Tomb
3797840,America VS America 美国反对美国
3575940,Brigands
3441380,Albatross program
3361220,Watermelon Simulator
2990800,Intergalacto-1
2375480,Space Saga
2173850,ASSAULT SHELL 2
2415950,Pegafuerte el terrible
1574910,The Bart Bonte collection
3838290,Refate: Echoes of Desire
3797830,Egglings
3658680,The Gurgling
3575930,出将入相
3361210,"BROK - Natal Tail, A New Christmas"
2990760,Balkan Bloodbath
2173810,Listen Me
1803560,Through the world
1719000,My Best Nightmare
1433070,Into the Pyramid
1635520,Dust Devil
3838280,极乐妹土！3
3658670,Palette: Cards & Chaos
3361200,Time Management
3441360,Screaming In The Basement (2025)
2990730,Oedipus/Antigone
2375430,Laruaville Match 3 Puzzle
2415770,Flyto
2173800,Projekt: Passion - Season 1
3658650,Flowrate
3838270,Awurda First Wave
3441350,Heart: Future Whispers
3575880,Fernandez Big Mystery
3361190,ZOPHARION
2990710,Orbit
2375420,Cursed House Match 3 Puzzle
1878580,Infinite Construction
3658630,Scrap Wars: TD
3797720,謎解き二十部屋
3838260,거울 너머
3361180,DOOMED Detective Game
2375410,Luminite Era: Expedition
2990680,Corporate Beatdown
2415670,Tutenstone
2173760,Super Video Golf
1898880,The Silent Swan
3658600,Foxy Trouble
3797700,The Nightmare
3575840,Backrooms Escape Protocol
3441330,Liber 777 Without Tears
2990670,Risk & Riches
2375400,Mystery in the Office
2415660,Raventure
2173750,A Potion For Chamomile
1574900,Salt 2: Shores of Gold
1373680,Small Iron
3838210,Bone March
3797690,WordScoop With Gelato the Otter
3575810,Pick Your Poison
3441320,Hyperdrive Horizon
3361090,FeedMe. Puzzle
2375380,Eraser Advent
2415650,Mages of Osmea
2173740,DYNAMIC
1803550,MegaFactory Titan
1515420,The Vampire Regent
1718910,Prose & Codes
1433040,Dragon Fury VR
3838170,Toyland Tussle
3797670,Latin Shadows - The Visitor
3575790,Desk Garden
3361070,Hedge Fund Manager Simulator MMO
2990640,Endoparasitic 2
3575730,MERRY BUNNY GARDEN
2990600,Fireside Feelings
2375280,I Had a Plan!
2173680,ArenaMania
1898870,From the Town of Gleming
1455390,UBOAT: The Silent Wolf VR
3797390,IlhaZ
3361030,Orbital Cascade
2990580,Medieval Chaos
2375260,Tattoo Tycoon
2173670,Aery VR - Calm Mind
1574870,USC: Counterforce
1592810,LSDriver 1+2 (Remastered Collection)
1373670,The Roy Game
1803530,经典象棋
1515400,A Kiss from Death
1718900,King of the Raft - A LitRPG Visual Novel Apocalypse Adventure
3468160,Soccer Field Pro 3D
3797340,Anomalous Coffee Machine 2
2990570,Color Splash: Fairies
2375220,Rainy Day
2173660,Aery VR - Dreamscape
1707690,Star Fisher
1996010,Crow Country
3360990,Cook or Be Cooked: Your next meal could be your last—or your true love
2990560,Abnormal1999:Hyperspace
2375190,Queen of the Otaku: THERE CAN ONLY BE ONE
2173650,Aery VR - A Journey Beyond Time
1505790,Edifice of Fiends
1392690,Gravitational
3467770,Malpractice Hospital
3192310,Amelia and the Erotic Tentacle Trap Dungeon
3360950,Run the Rings
3031870,Emiko's Pledge 4
2990550,Formula Racing Manager
2375180,Hypno-Mart
2173640,Aery VR - Broken Memories
1878530,升级打怪换装备
1707670,Square Word: Summer Edition☀️
1898860,whale.
3797300,Dicey Words
3360930,Super Jagger Bomb 2: Go East
3031780,R-Space
2990510,SkyBrew: Entropic Strategist
2375160,I Am Sakuya VR: Touhou FPS Game
2173620,Eagle Hunting Journey
1707650,Swords and Sandals Immortals
1505750,Astro Zip VR
1574850,Music95
3360890,Project Thea
2990500,Necromancer's Revenge
2375100,Run Penguin Run
2173600,Beer Factory - Prologue
1505740,Lunar Base Camp 2030+
1803510,Curses of Tarot
3360880,Spirit Driver
3467710,Wall World 2
3192210,HalfMoon Adventures
2375090,Busy Bee
2173580,Clausum
1718870,Spaceflight Simulator
1707630,Dungeon Conqueror
1635480,Spaceships
1996000,Grid Words
3467700,Yeonkyung
3360860,SneakBit
3192160,Global Shipping Simulator
2375080,Sakura Bunny Girls
2173570,Breadsticks
1707620,GAZZLERS
1505700,Berzerk Flashback
3360850,Harmony in the Wild
2990460,THOKO
3031700,NINJA KATO 4
2173550,冒险与魔法
1878490,Gales of Nayeli
1307180,"Operation: Harsh Doorstop ""Closed Beta"""
1707610,Imperium BCE
1898790,A Crown of Sorcery and Steel
3192140,Lore Restore
3031660,FUTURE SWASHBUCKLER
2990450,Turn Based Boxing: Tactics - Legends Edition
2375050,simple shapes
2173530,LOCOSOCCER 2
1740130,Loco-Sort
1455300,Glory of Rome
3797020,Roulette Simulator 2026
3467620,No throwing
1574830,Full Pawer
3360810,Sweet Tavern
3031650,Times Tables Games
2990400,Aberrant Nights
2375040,Dangerous Fellows: Otome Game
1505670,Crafty
1515330,Monster Tribe
3467590,Tiny Tots
3360780,Bloodmoon Rush
3192120,Hedgehog's Dilemma
2990390,RAGE: Anger Management
2375020,HexBat
2173480,Non-Euclidean
1718860,Mayflower Reflections
1707570,Merchant's Game
1433010,Tennis Manager 2021
1995980,Desktop Pachinko Idle
3796960,Elemental: Reforged
3467540,Fruit Mountain Party
3192110,Match3Tower
2990370,CLAWPUNK
2173460,Echoes of the Living
1707560,Lost Alone Ep.1 - Sorellina
1505620,Waifu Secret
3796830,Phantom Playhouse
3467390,DON'T GET GOT
3192100,MOOZ
3031590,13F
2374820,I’ll KILL HER
2173420,Bugs and Bullets
1878460,Protocol: Children of War
1707550,Granny 3
3796760,Stock Fighter
3467310,BBQ Master
3192080,KEEP MOVING
3031580,Devil and Pitfall
2990340,Omega Knockout: Punch Boxing
2173380,JaDa Fishin'
1707540,Escape From Monster
1505570,labyrinth 3
3796750,Glitch
1635450,Longvinter
1433000,Chronicles of cyberpunk - Deep sleep
1995940,Jelly Forest
3796690,One of Those Games
3467040,Bookshop Simulator
3192010,Voxel Eras
2990250,Emo Quest XD
2173300,Skull Survivor
2374620,Superbot Arena
1707470,Zombie Quest
1505520,Defender of Kuiper Belt
1392650,BLASTRONAUT
3466690,Mikoto and the Succubus Island
3360660,ORBITAL BATTLE
3192000,Neon Colony
3031390,My Future Wife (InsanErotica)
2990240,E-TECH SIMULATOR
2173270,FORTUNE the FATED
2374610,Memeside
1707450,地獄廚房RPG
1878450,灵魂交响乐【Soul Symphony】
3796630,Metawork - Antique Shop Simulator
3466680,Magical Girl Opal
3191990,Tiny House Simulator
3031360,WraithRun
2173200,Age of Heroes: The Beginning
1707410,Aspect
2374590,Sugar Sweet Temptation
3796610,Lil' Snot: Moon Escape
3466670,Ichigo's Study Sessions
3191970,Amazing Weekend 2 - Search and Relax Collector's Edition
2990220,Up Down All-a-Round
2374580,Phrixothrix
1707400,Larcin Lazer
1505470,Arnold
1803470,World Tree
3466660,Isekai Revitalizer
3360580,ODEN
3191960,Office Overloaded
2990210,Reberryon
2374570,Car Parkour
2173170,Bob's Journey
1718700,inAntrum - Prototype
1635440,Operation F.A.T.E.
1995930,Count Pumpcula
1247870,Spectrum
3360420,Evil World HOPSCA
3191950,Robot Rampage
2990200,Tower of hanoi
2374560,Eliminator: The Encapsuled Nemesis
1505450,Oscar & Gems: Puzzle Quest
3466580,Blade of One
3360390,PURSUED
3191940,Zly.ii: The Hacked Station
2173000,The Happies - Amber Falcon
1707320,Lovely Girls Puzzle
3466570,Italian Brainrot: In Prison
3360380,おしゃべりキング！コミュ力診断ゲーム
3191930,Zombie Overdrive
3031150,Secret Hot Springs Girl
2990180,Lady's Escape
2374480,Naked Hero
2172980,Fading Light VR: Antiworld
1707310,Rue
1505430,Inversion
1455220,Succubus Farm
1373560,Super Chopper
3360340,Water of M
3191920,Veil Play
3031140,VBR Clash
2990120,InstaTok Tycoon
1707280,ShiroKuro's Adventure
1505420,Run Ralph Run
1803460,Christmas Wonderland 3
3796320,Cheems Bonk
3466500,Putrika 1st.cut:The Reason She Must Perish
3191880,Parkour Chief: Chapter Secret Agent
3360330,灵魂重生 Reborn the Soul
3031130,Ninja 1987
2990090,Avaricity: New Shadows
2374430,Pickup Artist Trouble
2172950,TheCube
1635410,It's Harvest Time!
1515280,Detective Story
1432970,ASSAULT SHELL
1995890,Aerofly FS 4 Flight Simulator
3796280,Sweet Vampire
1247860,藏梦 Hidden Dream
3466470,Nuts For You
3360320,Silent Signals
3191860,Cult -Vein-
2990080,The Lost Gallery
3031110,Fingun Forever!
2374420,100 Steps
2172940,Aconite
1505390,Librarian
3796230,A Pinball Game That Makes You Mad
3466460,100 Singapore Cats
3360300,Water game simulator
3191800,Lamentations
3031100,Wizard Blaster
2374410,My Hero After the Fall
2172920,Christmas Wonderland 4
1707170,Sumo Tatami Prologue
1505380,A hermit crab is finding a house
1878350,Prayer of the Faithless
3466450,100 India Cats
3191770,Slitherise
3031080,Burning Sky
2990050,Meta Match
2374360,Fantasy Love
2172900,Little Friends: Puppy Island
1707150,Virtual Game
3466440,100 Greece Cats
3031070,Mother Bunker VR
3191740,Aldo: Memory of the Kingdom
2374340,Gobyworld
2172870,PIP 5
1707120,Cepheus Protocol Anthology Season 1
1505270,荣光的见证 Glory's Witness
1928710,Cooking Festival
1803450,Zombie Fooker: Starring Doug Fooker
3796160,Mole Digging
3466430,100 Berlin Cats
3191720,Sea Of Radiation 2
3031060,Worldseekers - Deckbuilding RPG
2990020,Enosis
2374320,Heroes Of  Loot: Gauntlet Of Power
1718660,Shinobi Shift
1707100,VAZIAL SAGA XX
1515260,Circle Empires Tactics
1635350,Leave No One Behind: Ia Drang
1995880,Afterdream
3796060,Area Zero
3466420,100 Miami Cats
3360250,My Cute Egg Diary
3191710,Our Ascent
2989980,三國幻想戰記
2172780,Poly Puzzle: Dinosaurs
1707090,EscapeThisBigMaze!
2172750,Demolition Party
1707050,Geo-Duck
1740050,Hidden Objects - Sleeping Beauty - Puzzle Fairy Tales
1455140,Super Donald World 2024 🦅
3466320,Vinyls
3360190,九州纪之烽烟四起
3191630,Right Turn
2374210,Situation TARFU
2172630,Joy Flight
1707040,OctoQuest
1504910,Sakura Mochi
1803440,Unnamed Arcade Engine
2374190,Nikoderiko: The Magical World — Director’s Cut
3795950,Purrates
3466310,PathUp!
3360170,Maker Arena: Path of Vaiolet
3191620,Restock
2989870,WAIFU IMPACT 2
2172620,Wojak This Game
1718650,Nuremberg: VRdict of Nations
1707030,Axial Drift
1600020,Eddie Hill in the Curse of the Skull Medallion
1515230,LOLLIPOP!
1995870,Pixel Survivors : Roguelike
1247740,Your Story
2989860,Ells Tales: Egg
3030930,Conquest Reforged
3795920,Ani Idle
3441200,Ruby Journey
3191610,Rampage Rowing
2571730,Halchemist
1392560,Serious Fun Football
1878290,Project Utgardr
3441190,Dead of Night: Supermarket
3191600,Pollution
2374090,Asterix & Obelix: Heroes
2989830,Park It!
3030870,Conspiracy Crew
3658230,MAGEYE
3795850,MEAT ROOM
3441160,Fey
3191580,Harem Dungeon
2374040,Pixel Driver
2571670,Wild West Saloon
2989820,Pocket Waifu: Desktop Pet
3030860,Minesweeper 99
3658220,Island of Corruption
3575640,This Ship Goes Brrr
3441140,Trashcan Simulator
3191550,For the Greater Good
2374030,Five Nights: No Escape
2571650,Mutation Madness
1803420,They Look Like People
1718570,ASTLIBRA Revision
1432910,Godlike Burger
3837990,シノビザムライ／Shinobi Samurai
3795800,Motel Nightmares
3575610,Bolsheviktion 3D
3441130,Day Zero
3191540,Smack Monkey
2374010,Tenders Fight
1995840,Shadow Angel
2989770,Kurage Life
3837970,Don't Let Me Fade
3658160,Puzzledom
3795760,Burger Bots Inc.
3575600,Shatter Point
2374000,Insects Awaken
2571600,Meurtre Au Florian
1878280,Push the Box
2989760,Busty Idol Manor
3030820,Goo Go
3658150,Femdom Girlfriend: My Neighbor Is a Narcissistic Spoiled Brat Bully
3795750,Maze: Path of Light
2373990,Solo Leveling: ARISE OVERDRIVE
3441060,Stone Age
1635290,Detective Bureau Simulator
2989730,POOBO
3837930,Reincarnation Dungeon
3030810,ARVIS Punch
3795720,The Night Is Long
3575520,Hogen
3441000,Ardena
3191500,Aerial Aces
3030760,Horror Manor
3837890,The Sad Story of The Little Mouse Who Wanted to Become Somebody
3658060,Rest Point
3795690,Seasons of Chiba
3440980,It's Raining Acorn!
2373960,Borderline Homicide
1278760,TinyShot
1803410,Checkmate Showdown
1515210,The Past Within
1718560,10th Corpse
1432890,NinjaGirlArune
3030740,The Awakening - Femboy Saga
3658000,Meaning Of Flower
3795670,Mine Safety
3191470,DON'T MOVE
2373950,BiaoTianJi
2571540,Obesity Simulator
1995830,天若有情
2989680,Twizzle Puzzle: Dinosaurs
3030730,Jasper Redds vs The Ares Belt
3657540,Cursed station
3191420,Tetradome
2571500,Speedollama
1392520,Life of trophy
1306970,Diluvian Ultra
2989670,Phoenix Contract
3030720,FATE: Reawakened
3657530,BACKROOMS LIMINAL ESCAPE
3575430,Mystery Case Files: The Riddle of Mrs. Bishop Collector's Edition
3191400,GwenBlade: Halloween
2373920,Deep Blue Odyssey
2571490,Castle Of Void
1635250,Legend of Chilli Tree
3795560,Jimmy's No. 44 House
3575420,Netoria Tactics 2
3440890,A Difficult Game About Letters
3191390,Slimper
2373910,Fusionist
2571420,猫咪黑帮
1373470,Magical Strings
2373900,Strato Supremacy
2989500,Aerial Cleaner
1995800,Zodiac fantasy
3191340,Cake
1898570,Square Knight
2571350,Soul of War: Legions
2989450,tranceWave NEO
3030610,90s MY DEAR
3795490,Don't Get Your Hopes Up
3837650,Nightmare
3657460,Lost : Taboo Forest
3440830,New Year Home
3575380,Dungeon Escape
3191320,Lovely NGO
2373860,Jessica's Uncomfortable Hanukkah Adventure
1878220,TV Thief
2571330,Celbugs
3030590,Number Fields
3657450,Gorilla Vs 100 Men
3837620,Arcana: Heat and Cold. Season 3🔞
3191310,Galactic Slice
2373850,Bullet Hell Monday: Black
1635220,A Circle Among Squares
2989400,Starstream
3030580,Click Click Dig: Prologue
3795410,Zombie Jazz
3837530,Magical Greenhouse
3440790,Night of the Wendigo
2373830,Hyper Hentai Sister Nun
2571290,Golf Odyssey 2 DX
2989390,Puzzle Garden
3575350,Nature Picross
3191280,"Brother, Get The Oats"
2373810,Luckie Ball
1515170,Maze Escape
1818010,Return Alive
1803390,Bounty: Drag Racing
2571280,梦染深秋
1432860,Sun Haven
3030550,Farm Chores
3795370,Pintern
3837460,Motorcycle Girl
3657290,100 Hidden Pandas: Village
3440750,Beats&Boss
1995780,Aliens After Ava
2373800,Conclave Virtual Tabletop
2571270,MicroSStep
2989270,A Tithe in Blood
3030530,Cracker
3575300,Climb The Backrooms
3191230,Zombies ruined my day
1306910,DICHOTOMY
2571240,房间的秘密3：女团回归夜
2989230,Space intruders alliance
3030490,Direction!LevelUP!
3795270,荧惑焚心录Yinghuo
3837430,팔괘골목 (Bagua Alley)
3657230,Backrooms: Final Exam
3575290,Malice Within
3440710,Dreamtopia
1635210,Broken Blades
2373760,Multiverser
2571200,DJ Clicker - World Tour
2989200,Shattered Melodies
3030470,You Belong in the Stars
3795260,Love and Sex: Second Base - Shawn's story
3657210,Amanda the Adventurer 3
3440610,Draft Day Sports: College Basketball 2025
1455080,Minesweeper NG
3837410,Nudity Beach Simulator 2025
3657180,Skigill
3575260,Only Sliding
3440580,Agony Increment
1593390,Lies Under Ice
1803380,PinballAdventure
1223220,Ragamuffins: Feline Fencers
1718430,Mainly at Rest
1432850,Farewell North
2571170,Tiny Balls
3795200,Ultimate Pro Football Coach
3837390,Pikabuu: STOP!
1995760,Dream magic will
2571160,This is my place
2989140,Forest Construction VR
3030360,Puppet Team
3657100,Petmate
3837380,Majogami
3440490,Circus Saboteur
2373630,Moonring
3191140,Remonstrator
2571140,Escape Z
2373600,Knowledge Fever
3030290,Submarine Survivor
3575090,Mr. Brick Adventures
3440430,ZeroFactory
3191110,Time Snatcher Handy
1635150,Protect the Earth
2571120,只有向下 Only Down
3030260,Familiar Friends: What's Your Familiar?
3795170,Burning Out
3657030,Star Legion
3440410,HorrorCore: Maze and Pools of Horror
2373590,Tinker Tanks
1455070,Countess in Crimson
1247580,The Dark Heart of Balor
3030250,Aunt Fatima - خالة فاطمة
3795140,Railroad crossing play
3837330,Power Grid Panic
3575030,Neon Overdrive
3440390,Drunkard Simulator
3191050,BRAZILIAN DRUG DEALER 3: I OPENED A PORTAL TO HELL IN THE FAVELA TRYING TO REVIVE MIT AIA I NEED TO CLOSE IT
1593370,Stickforge
1803360,Ostera : The curse of...
1718400,Makber
1515140,Huntfeast
2570950,NURTOPU
3795110,灰烬军团 命运协奏曲
3657000,Fields of Malice
3030240,CuckTales 🐓
3575020,Couch Racers
3191030,Nubby's Number Factory
1995710,Trade Post Forest
2570900,S.A.B.A.H. (Sun As Biased As Harmony)
2988880,Who is the Defendant: Deliberately Rough
3030230,The Hellgate Club
3837300,Against Tribulation
3656990,工廈 Warehouse
3574950,Univocity
3440360,Digipunks 2069
2373550,Cosmantic Cluster
2373500,Horst - Der Ultimatives Rollenspiel
1247570,Expedition Zero
2988780,Rocket Poker
2570850,Heart Cage
3837230,Codename: Black Crow
3574900,Sex Bot Corp
3656850,Dwarf Brew Master
3440320,Anomaly Zero:Twelve
3190950,Idle Towers
2373490,Freak Crossing
1593350,Increlution
1515040,Bloks
2570830,Floralgraphic Memory
2988640,HAPPY RUNNER
3030160,Neon Fantasy: Mushrooms
3794930,Born as a Pirate
3837210,The PipeTuber's Guide to the Solar System
3656840,RollBot
3574890,Deadly rails
3440310,Hexcavator
3190910,OVER ROAD
2373460,Chess!
1995700,Champ's Nightmare
2570810,Ys X: Nordics
2988620,I Hate My Waifu Streamer
2373450,Watermelon
3030130,Known as Puca
3574870,Kreuzwort++
3656800,Train Sim World® 6
3190870,Knights Shadow
1878180,Space Warden
2570740,Deadly Contagion
2373440,Miners Settlement
3656780,Cypher Override
3794910,100 Dogs in Brazil
3574850,Hentai Clicker: Nina is streaming
3837110,Backshot Brothel
2172610,이별 끝에 만난다면
1503920,Aery - A Journey Beyond Time
1635030,Charming Girls
1455040,MINDMIST
2570720,Infinite Country
2373390,VVAV ONE
2172600,My Universe - My Baby Dragon
3837100,The CodFather
1593310,NEKOPARA - Catboys Paradise
2570710,Let Him Cook
2373380,Kennedy Approach
3794810,Pieceful Gallery
3837090,Samurai Frog
3360110,Dice Eater: A Supernatural Mystery Card Game
2172580,Spirit Mancer
1803310,Incubus - A ghost-hunters tale
1718340,极简地牢 Simple Killer
1515000,Wild Country
1306850,Sea War
1223150,DSS war party
1432760,A Comfortable Burden
1995680,Twilight bride :VORMSLEGEND
2373360,Witchcraft: Candy Hunt
3837080,Lightcore Guardians
3360070,天鶴之戀
2172520,Run Blob Run 2
1503850,中年失业模拟器When a man lose his job
2570640,Idle Space Navy
3837030,Wukong 2088
3656690,Arc’s Glitch Defender
3574800,Theden
3360010,Tsukuyomi: The Divine Hunter
2373340,Monster Line of Defense
2172510,Fairy Biography2：Confidante
1503820,Ballfrog
2570630,20 Small Mazes
3836990,Slave Secretary
3656680,Gold and Graves
3574770,Pre-Odyssey: Love at First Quack
2373290,The Game of Annie 安妮的游戏
2172500,Arcanima: Mist of Oblivion -  Prologue
1503790,Nordicandia
1635020,Untitled Marble Game
1455020,Tormenta do Tempo
3836980,Silent Tales‌: Vermilion Embers
3656660,Deep Space Exploitation
3359990,Skullhunter A Worm's Tale
2373280,The Pellar
2172490,Detective Ridelle
1503750,Inglorious Aztecs
2570450,Solomon's Link
3794730,Zombie Survivor
3836970,Kunoichi's Cadence
2172470,姬恋~缚羽的欠片 纯净中文版
1803290,Lemon vs. Teddy
1718300,Fallen Relics
1995600,Anime Armpits
2570430,Dojo Masters Editor
3794710,Finding Cool Sticks
3836960,ENCOUNTER BAR
3359920,King for a Knight
2373220,"Spriters, Hopes Blooming Dawn"
2172420,Wolfskin's Curse
1503670,[Chilla's Art] The Caregiver | 終焉介護
1657350,Cyberflight
2570410,The Nascent Necromancer
3836910,The Observatory
3574730,The Long Fall Home
3359910,KIZUNA ENCOUNTER: SUPER TAG BATTLE
2373200,Unhinged 2
2172410,100animalease
1503630,Arm of Revenge Re-Edition
1878110,Victorian Debutante
2570390,Dave's Fun Algebra Class: Remastered
3359900,REAL BOUT FATAL FURY 2: THE NEWCOMERS
2373180,Fabled Style
2172380,Lunch Box
1503590,Range is HOT!
1634990,Mark Out! The Wrestling Card Game
2570380,The Attic
3656550,Claustromania
3574690,Tong
2172370,Short Staffed
1503580,Epic City Builder 4
3574680,Gallery Theft
2373100,Bum Ball Bears
1803230,Late for Class: Variety King
1593230,Beneath
1718290,Guardians Of Gaia
1514950,Neodash
1432710,新魔剑（New Magic Sword）
1392390,REINCARNATION ASURA ZALANDARA Journey of carnage and redemption
1878070,Roma Invicta
3794590,Sivar Race El Salvador
3836710,Blind Box
3574610,Cats Visiting Cozy Art Studios
2373050,Pandamander's Projector Platformer
3359710,Rogue Protocol
2172190,Stickman's Arena
1503480,Paradigm Shift
1634980,Escape Room: The Sorcerer's Curse
1454970,New Tales from the Borderlands
3794570,Memory Showdown
3359690,1-Bit Explorer
3656480,Tracking Killer
2373030,Simply Survive
2172180,Howl
2570150,Psychopath Hunt Chapter two
3794560,一意孤行 The blood's way
3836570,Coaster Clash 2k99 - Roller Coaster Defense
3656460,Become Deity
2172150,ANGEL DROID
1803220,Koala Kids Golf
1718240,Beaver Clicker
1593220,Jessie 'Boom' James - a jigsaw chess tale
1514930,Erica
1995580,Hypnosis Prison
1432680,Mechanic 8230: Escape from Ilgrot
2570140,Sensory Deprivation Pitfall
3836520,Digging Dogs
3656420,DETECTIVE - Scene Crime
2373000,Shh! This is a mystery game! But watch out for spoilers
2172120,Rift Rangers
1657290,The Elysian Field
1503430,Groov
1373390,Kapow Pets
2570130,Honey's Sweet Revenge
3794460,The Bigback Room
3574510,Serre
3656400,Dragon's Chronicles~暗黒大魔王と北斗の剣(つるぎ)~
3359610,Herreshoff's Legacy
2372980,Space Shark Wrangle Fest
2172110,Sex Adventures - GangBang Surprise
1503410,Children's Jigsaw Puzzles
1392340,Shop Tycoon: Prepare your wallet
1878050,TNTODION
3794450,SUSHI vs BURGER Race
3656380,Heroic Saga
3574320,Make Capybara Happy
3359580,Cats Contrast
2172090,Battle Billiards
1503400,Temporal Purge: Z
1634970,Idle Master Hunter Steam Edition
1454960,Dark Sky
2372950,Meteorfall: Rustbowl Rumble
3794440,Chinese Chess Way
3574300,Enchanted Stories: Mystic Woods Collector's Edition
3359560,Fateful Destiny
1503390,Drunk Soccer is the Best Soccer
3836480,Dominated by: Yandere Goth Bunny
3656360,Melody Ball
3359540,Sex Supermarket
2172050,Tincho Aventuras a la Carta
2570040,OA Family
1593210,Shinobi's Way - a jigsaw chess tale
1514920,Base Jump
1306770,Revival: Recolonization
2569980,The Fading Worlds
2372910,FolcDark
3794410,Zeppelin Rush
3836440,HEAVENSHATTER
3574280,Pocket Thief
2172030,Elong Plug
1607740,Mecha Tactics
1503350,Cyberpunch
1657280,Super Shield Dash
2372890,Shadow of the Treasure
3574220,For Aerolite
3359510,Ordinary World the Video Game
2172010,Until Dawn™
1503280,Octarina
1878020,THE KNIGHT OF NEPHIART
2569910,JAPP: Just Another Precise Platformer
3794370,Mind Control: Eve of the Battle
3656320,PUP BOY COWBOY: Infinite Desert Edition
3359480,Model Casting
2372880,As Crônicas de Mar Céu
1503270,PePiBo: Peregrino Pinata Bowling
2171980,Romancing The Kingdom
1634950,Voronica Cleans House: a Vore Adventure
1247360,Grand Mountain Adventure: Wonderlands
1739680,Tales of a Rabbit: The Story of Willie Hop
2569890,Le corps-glitch (multitudes)
3794350,On Call
3836350,Tainted ground
2372870,The Black Within
2171970,Unified
1503250,Muslim 3D
3836220,LetDeco
3794320,(RPG) The Legends of Power Volume 1
3574160,Shimagami
3359450,Gravity Matters
2372860,Coaching Simulator
2171930,DEATHWATCH - PRELUDE
1803190,SimRail - The Railway Simulator: Prologue
1593190,Lost Islands
1514900,True Virus
1223020,Minnano Gensokyo Single
1432650,Max's Big Bust 2 - Max's Bigger Bust
1995530,CATACLYSM: Even Angels Sin
2569850,BlindSpell
3794300,My Money Grows On Trees
3359440,Soko Spectacle
2171920,Light & Shadow
1503180,Elementite
3794290,Chess Empire
2569840,Good fruit
3656260,Nora & Magic that does not turn back time
2372770,Secret of a Dream
3359430,Shadow Baptism
2062130,Fracture: City of Destruction
1503170,Liegecraft
1878010,Land of Zympaia The New Light
2569830,Vaccine Rebirth VR
3794280,Book of Myko
3836170,Tommy and the Monster Prison
3656220,NHR Nitro Hyper Racing
3359420,Celestial Front - Galactic War Sim
2372760,Eternal Roadster
2171880,Albatroz
1503110,Don't Be A Baby!
1718160,Crimzon Clover World EXplosion
1634940,The Altered Lands
3794270,Divine's Howl
2569820,Manic Mechanics
3836140,Yggdrasil Defenders
3574090,Void Guard Outpost
3794220,Idle Time Slime
3836070,Cursed House 2
3656140,彼德海姆之影
2372610,City Defence Artillery
3359370,Lands of Rumour
2171750,Editor's Hell
1503000,The Chaos Gene
1657210,AFTER
1373320,I'a I'a Cofflhu Fhtagnyaa
2569710,都市物语 city story
3836060,Save Daddy Gump Mission Middle East
3656100,ShootX
2372580,Dominoes Colors
2171720,Mikos Wish
2062110,Under The Stars
3359360,RANDungeon
1502990,Atelier Lydie & Suelle: The Alchemists and the Mysterious Paintings DX
1878000,Elven Warmaiden
2569680,Charles Haunted Mansion
3836030,MiM: Meditation Interactive Matrix
3656090,Hentai Night Milf
3574000,Twiwood Tales
1502980,Atelier Firis: The Alchemist and the Mysterious Journey DX
3835980,Lythia: Sigil of Lust
3573990,Red Land
3190840,Aggi's Tiny Friends
3030020,KOKORONULL
2988580,Yakuza 0 Director's Cut
2415480,Dungeon And Darkness
2372550,NonFullControl
2171690,Handshakes
1593170,Veil of Dust: A Homesteading Game
1803160,CARROT
1514880,Zigglox
1306630,Lost Ruins
2569660,Interballistic Symphony
3835960,Stay&Stack: Hotel Operation
3573980,"曇りのちにぼし : Cloudy, then Dried Sardines"
3190810,Forgotten spirit
3030010,召唤师崛起  summoner rises
2372520,Cat Rescue
2415470,Thirty Days
2171680,Satanislas
1995470,Space Turbo 2
3573920,Clutchtime™: Tournament Edition
3440240,101 Cats Hidden in Bangkok
3030000,Halmaverse
2988520,The Hell in I
2372510,Ａクラス
2415450,FIGHT FOR YOUR RESURRECTION VR
1657200,Star Chaser in Sea World
2062100,Paper Nebula
2569610,Turbo Chicken Simulator
3029990,"Girls on Campus, from Freshmen to Faculty, All Fall for Me!"
2372500,Trolley Delayma
2415430,DRAFTYCAR
2171650,Walking In The Abyss - Definitive Edition
1877980,LAST GARY 最后的盖里
3190720,つばめの世代
3029960,Frame Breaker
2372490,Mutant Crisis
2415340,Elf World Adventure
2171640,Code Reactors
1634870,Open Brush
3573770,VOW
3029910,Feline Survivor
2988470,Fool's Gambit
2372480,Project Otherside
2171630,Return from Core
1593160,Warp Tango
1803150,Void Slayer
1514850,FURTIVE
2569580,Dreams: Unlimited links
3835890,Delia: The Traveling Witch
3573760,Verify: Please prove that you are human
3029880,Irresistible Love
2988460,Light de deux
2372450,Rootin' Tootin' Lootin' & Shootin'
2415280,Agency 13
2171610,Mini Star Bakery
1898210,Eros Fantasy
1995460,FIRE HEAT
2569570,FLIGHTMARE
3835880,Phantom Feline
3440140,Do Not Disturb
3190620,Byte The Dust
3029870,TOLD GOD - The legacy of cthulhu
2372440,Aphelion Headhunters
2415240,Leaving DNA
2171600,Enemy at the Gates:Commander
1657170,Suspicious Downpour
2569560,Hyper Mirror Run
3190610,Door4:Ultimatum
3029840,New Yankee: Through the History Mirror
2988440,Agora Project
2415180,Cute Puzzles!!!
2171570,Whisker Waters
2569520,Naturpark Lillebælt VR
1877970,Swinging-Man
3573700,Dragon Maiden: Blossoms of the Past
3440120, Knights of the Crusades
3190590,POGOMAN
3029830,Monster Commanders
2988420,Fantasy Quest
2372400,Mushroots
2415130,Land of Crystals
2171560,Morbid: The Lords of Ire
1634860,Minishoot' Adventures
1454730,Chenso Club
2569510,MLB Rivals
3440100,fluXis
3029810,Last Command: Prologue
2988400,Temple of Shadows
2372370,Blood Moon Horror
2415120,Abstract Driver
2171550,Iron Roads
1593100,Earth Marines
1514840,All-In-One Sports VR
2569500,Office Life
3573490,Insect Control
3029800,Groovy Labs
2988390,Second Room
2372350,"Bahamut2-Come on,Fight"
2171530,Step By Step Hero
2569470,Dead Humanity
3190560,Acid Web
3029750,TurretGirls
2988360,IsoMetro
2171500,Great Ambition of the SLIMES
3029680,You Want to Watch the World Burn
2988330,Me & My Friend Pippa!
2372320,Portable VR
2415010,A Date with Death
2171450,Bizarr Adventure
1739560,Spirittracker
1634830,Keep Trying! Zombie Apocalypse
1247160,WarDogs: Red's Return
2569430,Sex Goddess Punishment
3573430,Cargo Simulator
3440000,Merchant 64
3190510,Ankhway: The Interplanetary Legacy
3029610,Dark Prison 7th
2372300,Steel Thunder
2988300,Bugtopia
2171440,Fear & Hunger 2: Termina
1782960,Laboratory of Nightmares
1593080,Romance of Raskya
1306570,Fadeout: Underground
1514780,Battle for Esturia
2569410,War Of Castles
3835610,Enshrined: Sword of Fates
3190480,A Few Nights With : Margaret
2988290,Endless Tentacle Cave
2171420,Platonically Mauled by a Magic Cougar
2372250,Run a Café
2414950,Bus Simulator 23
2171350,骑士与工匠 Knights and Craftsmen
1657100,Tower of Guardian
1373250,Lonely Birds
2569330,Pixel Descent
3573260,Lucky Hero Wanted
3439970,Elsewhere Electric
3190430,Terror Diversion
2414920,No zombie land: Lucy
2171310,Lost Cartridge - Cold Read
1877930,Total CATastrophe
1718040,Clarence Goes to the F&#%ING Store
2569320,Tiny Candy Guardian 御菓子島の魔法使い
3835530,Fenrir Banquet
3439950,Mask of Dead 2: Shadow of Pelagius
3029540,Gunship Battle Total Warfare
2988130,Croquettes Gang
2372220,Wonderway
2414900,Soulknight Survivor
2171270,Legend of Feather
1739530,EXCALIBURIAN!!
1634750,Sweety Little Witch
1454700,Cube Conflict
3573180,8th Avenue
3439940,Xargon Remake Ep.1
3190380,I Only Magic Bullet
3029520,Synaxarion: Great Martyr Theodore the Tyro
2414850,Umbra: Veins of Vengeance
2569280,Below Nowhere
3835500,Old Thiess: The Werewolf’s Trial
3190350,次元探索簿
3029500,Wind Story
2414810,VT Harmony
2569240,王侯将相-充一返三（三倍返利版）
3573110,Bussy Master: Ropeshooter Ranch
3190340,One Pass
2988090,Soul of Savarog
2171240,ChaosWorld
1657090,Mini Royale
2061980,Flying Ruckus - Multiplayer
1617270,The Faraway Land
2569220,LineMaze
3835410,Eyes Behind
3573070,Toy Smash Kaboom!
3439820,Back rooms: The old Watcher
3029480,multi-Path
2988080,siMarket Supermarket Simulator
2372170,NIDUS
2414750,风岬-The Everlasting lovestory at the Windcap
2171100,Sword&Magic
2569170,Widow in the Endless Labyrinth
3573060,The Home Way
3439800,Between Invisible Walls
3189930,KULOSHIRUMU
3029470,Pillars Of Fog
2372150,Escape from Norwood
2414740,SUNSET SURVIVAL STATION
2171060,Starway: BaRaider
1634740,Nanoscape VR
1247100,SpellMaster: The Saga
3835290,Bread Adventure
3573040,Squad 22: ZOV
3439790,Cuckold Husband
3189900,Brave Village
3029450,Neon Fever
2414730,Elf of Era! Idols Project
1782940,Cyndefense 2
1593040,Belle-de-Nuit
3573030,Hide In Dummy
3439740,Lithium
3029440,Bull Looney
2372110,Toon Tumble
2414710,Bee-Man
1514740,Chaos Road
1222830,Goalienator
2569060,Delineation
3573020,Goosthetic
3439730,Endless Nightmare: Never Awaken
2372090,RollerBall
2414680,Task Force 9
2171010,The secret pyramid VR
1657080,Soulfire : Weapon Master
1373230,Portals World
2569030,Depthdrops
3189870,Clash of the Kings
2372080,Deep Dark Dungeon of Anglaus
2170960,Boot Camp Endless Runner
1877850,Project Cartaphilus
2568990,Champion of Andia
3573000,Milo's Tiny Fish Pond
3439700,HoloCall - Send Your Cheers!
3029340,The Photographer (Nymphs)
2372070,Bone Boy
2170920,Divine Dawn
2414650,Tower of the Mad Wizard
1739500,CAGE-FACE | Case 2: The Sewer
3029260,Number Stomper
2987860,Rock the Islands
2170890,Missing Pieces
2414630,Hollow Cocoon
1514730,The Dream of Shadowlands Episode 2
1898050,Buried
2568910,After University: Doner Simulator
3572930,PiQuests
3439620,RunPunk: The parkour game
2987850,Starving Cat
2414600,Drum Roll
2061850,Aria and the Crystal Kingdom
3439600,AlphaFurry
3029230,Epstein 2
3189790,Trailer Park Tycoon: Raccoon Ranch
2987830,The Nameless City
2372030,Aurendor
2414580,Power Champions
1877830,I Am Gangster
2170860,Homaysa
2568880,The Hardest Game Ever
3835040,Pawn.OS()
3572870,Rescue Team: Attack of the Atom
3189780,Garden Rivals
3029190,Prison Puzzle
1634540,Children's Jigsaw Puzzles - Beautifully Illustrated
1454650,Kanso
2568870,homebound
3835010,Eternal Hunt
3572850,Slime Guy
3439580,翻滚外星人 Rollover Alien
3029180,Kingdomino
2987800,Madoka Magica Magia Exedra
2371920,Plasma Drone
2414550,MADiSON VR
2170790,Intra
1782880,Spacious Snake
1803020,AgriLife
1514660,Battle Ball
1222750,FutaDomWorld
2568860,Taxi Simulator in City
3794030,INFLAMED
3359320,SchoolBoy Runaway
2371910,Demon Command Token   御妖令
2170760,Saturn Quest: R. U. N. E. 3000
1222480,Slotracers VR
2568810,Friends Play Pool
1657020,Word Escape
2987750,Chorus of Carcosa
3794020,The ball
3834980,The Pet Whisperer
3572830,西游降魔
3359310,Castle Dark
3189680,Dungeon CEO Demo
2170700,Arcade Classics
2061820,Charging Out Dead Zone
1877820,A Moustache in the House 2
2568800,Astral Outcast
2987740,The Orange
3656050,Aleato
3572820,Crimson Theory
2371890,Chronicles of the Wolf
3359280,Coolmath Games: The Game
1634450,B-17 Flying Fortress: World War II Bombers in Action
1454640,A Tale of Paper: Refolded
2987730,Irang
3793990,Runaway Mole
3834940,Tree Party!
3359260,Strawberry
3189660,SUPER MARKET
2371880,AlterSpace
2170680,Astonishing Basketball Manager
2987720,Shadowed Descent
3834930,Liar Zoo Game
3359210,The Dreamscape | Open Beta
2371850,Abuga Warp Zone
2170650,Mobilization
1802980,Yihongyuan
1592990,Raccoon Arrival
1392060,Erzurum
1514650,Waifu's Spooky Space Station
2568730,Void Climber
2987680,JosPlays' Escape - GameJam April 2024
3793960,Botanic Bits
3655960,Tales Beyond The Tomb - White Silence
3572770,Port Shipping Tycoon
3359200,All Aboard! The Train Defense Express
3189580,Galactic Garrison
2371820,My Best Friend Kouta
2170590,Naomi's Exhibition
1840940,HELL BOUND MONSTERS
2987670,FURRY ORGY
2568710,Boing Bang Adventure
3793950,Qu Zone
3655930,Greed's Grub
3359190,Wolley's Dungeon Adventure
3189570,Craig 12: Craig's Escape
2170580,Glass Hearts
2568700,Turbo Tails
2170520,"Inescapable: No Rules, No Rescue"
2987660,CYBERCUM 2069
3793930,重生之我亲爱的妹妹复仇计划
3834900,Ark of Trisolar (三体方舟)
3655910,Shining In Mind
3572720,MUDBIRD
3359160,Couch Cup
2371750,That Rocket Game
1717880,Flappy Shooter
1634430,Equilibrium
2568690,Super Mega Awesome Typing
2170500,Voxella
3834890,punk girl
3655890,The Saint Wife's Newlywed Trials
3572690,Aqua Corner
3189470,OG Streamer Beats
2987640,Emerald Dreams: Sanity -  Platformer Quest
2371720,Connect LegendofAutumn
1928690,Bionic Bay
2568650,Carnival Survivors The Parade
2170490,Kind Heart Defenders
2987620,Horatio: Connector 13
3793910,Branch Collector
3572660,SOLSTORM
3189460,9 Years of Dreaming
2371710,Omnigon
1802930,Nailed It
1592980,The Guardian
1877800,ARMS DOLL
1514640,Scrapshoot
2568640,孤高之人
2987610,Puzzlemazed
2170450,"Cult, Chapter One"
3793900,THE TEMPLE: CH 1
1373100,VR Museum
2568610,Invaders 360
2987560,Rockthesea
3793840,Polygon War
3834820,Uncommon App
3655820,Possession
3572570,Pac's Revenge
3189350,Narcissus
2371670,Chess Royal
1634410,Animal Rivals: Up In The Air
2568600,The Sentinel
2987540,BAN: The Prologue of GUCHA GUCHA
3572530,LHEA and the Word Spirit
3189340,Dungeons of Eternity
2170380,BioFusion
2987530,Greed Defense Gold Vaults
3793790,Catanks
3572440,Just the Boss Fights
3655780,SHAKE
3358900,Tiny Racing
2371630,Sword Art Online: Integral Factor
2170370,SPY×ANYA: Operation Memories
1782810,Software Company
1802920,Tear of Time: Lost memory
1592970,Colorado Cocoa Club
1514620,Quiet Thoughts
1877790,Armchair Racer
2568540,Hentai Maya
3834740,Pooping Cat
3793750,Through Blood and Dragons - Dragon Wars
3189190,Sebio
2371560,Alpha Sorcerer
2170350,Free My Sight
1656900,Shaped Touches
1454580,Trump VS Covid: Save The World Clicker
3793740,Clicker Dairy
3655720,STELLAR INC - Internship
3834730,Blaster Bunny Chronicles
3358870,A Sexy Tour With : Marie
3572410,Dead Pixel
3189180,Anima
1373090,"Yes, Your Grace 2: Snowfall"
2371550,Pedros Eggventure
2170320,Final Beacon
2568510,Ultimate Match 3D
2061720,Metapilot
2987480,From Them
3793730,Beat Vortex
3572330,Total Tank Tapout
3655710,ClickShot
3834720,孤島の国士 Kokushi : Lost Island
3189150,A Shade Darker Than Gray
2170240,I'll save the world of harem - Isekai Harem Saver -
2371520,Gain Foxes
1634390,Ages of Cataria
3793710,Beat Bulwark
3834710,Hentai World Relax
3572320,Verocity
3358820,SnaPaul
2371510,EndlessCar
2170230,Lumien
3189140,Crystal Cave
2987370,Hidden Chibis in Combinis
3793690,Super Shootout
3834640,Her Smelly Feet
3655650,Civilization But Mine
3189110,Short Memories
1782790,Animal Match
1592950,Deadlokk
1306060,Golf Club Architect
1877780,Shibainu - VR Katana Simulator
1514610,Rising Mist
2568410,Arena 9th
3793590,Build & Survive
3834630,Give 1 bit to GustavoGek
3655610,PancitoMerge
3189100,Custom Hero
2170170,Gallery : Moa's Room
2371480,VR Tractor Farming
1840870,Sporty Peppers
1897970,Mini Island: Aroma
1341200,DYNASTY WARRIORS 9 Empires
2568390,Survivor Strain - Season 1
3793580,MAHOUTEQ!
3655590,Tiger Simulator
3358680,Salvage Protocol
3189070,ZagZag
2371470,美少女ストリーマーの秘密恋愛 - Secret romance with streamer girls -
2170160,Metal March
2061710,DO NOT OPEN
1923380,Robot-X
2987340,Looping Art Museum
2568060,Interstellar Shore VR: I LIVE
3793510,Anomaly Observer
3655580,Four Divine Abidings
3358660,The Yapori Clicker
3572120,Ghost Kitchen
2170100,Volley Pals
2371460,Blue Epic
1634380,COCKEYED HELICOPTERS
2987330,アカイロマンション完全版
2568050,BAR
3793500,Entry Denied
3834580,Kotenok
3655570,Toey Weedz Forreal
3358650,橙子小白大冒险
2170090,Each Other
2568040,メガロサミア -木星絶対防衛圏- Heaven's Fall
2987320,Animal Adventure
3793490,Skully Bunnies
3189010,The Mansion of The Macabre
1592920,Danger in Pompeii
1877760,"The Sinking Structure, Clione, and Lost Child -Log2"
1514580,Short Stories
2568000,漫游后室 Roaming Backrooms
3793430,X.E.H.A. Rogue
2987300,钓鱼钓鱼
3834520,Suika Puffworks
2371410,Blade Fury
3188970,Elemental War Clash
2170050,Wolfteam: Reboot
1840860,Nova Odessa - The Demon Trainer
1454550,Goop Loop
2567970,IdleDev
2987250,Slime Coming
3655520,Tomokin Monsters
3358560,Hardware Store Simulator
3188960,Use Your Words 2
2371400,Tuttle: Star Flower Harvest
2169950,Yasha: Legends of the Demon Blade
2061630,(square)
2567950,Gem Wizard
3572030,Motamo
3358480,Idiom‌
3655380,BEAVER RAMPAGE
2371330,EndlessEx
1592900,PrisonShow
2169830,How a Retired Strategist Saved the Country
1782760,FINAL FURY
1877720,Army of Tentacles: Assault on Rainbow Unicorn Island
2987160,Farming Isles
3655370,I am barista
3834370,Chrono Stranded
3571920,Path of Clicks
3188840,Space Memory: Cats
2371310,Books of Grandura
1840850,Maze of Bears
2169810,Mermaid
3188830,I'm Still Here
2567880,Gloves On!
3793180,Bounce Adventure
3655340,Bubble UP!
3358410,Breaking Blocks ～The Wizard's Annihilation Expedition～
2169800,Lam Lam
2987150,Josh Powlison's BUTTON: Mildly Remastered Edition
1656860,Arena Tactics
2061620,Mechanic Heroes
2567870,Chained Together
3655330,Quiver and Die
2987120,River God: Enshrouded Current
3793120,Side Hustle City
3571840,Toot Adventure
2169790,Hexa Rhythm
3188810,PLANTOONS
2371280,Tether
1634340,Open Bar
2987110,Necromancer For A Week
3571830,The Hideous-Arena
3358360,Motorcycle Night Ride
3188750,Zoul Dungeon
2169760,NinjaFall
2371270,Pongspin
3834260,Hack&Po
3571820,HOPELESS JUNCTION: cuppy dog barf girl and co.
2371260,Land of Zombies
2169730,The Archipelago
1782740,SPICESHIFTER
1592880,Sokocat - Islands
1877710,Cool Kid Cody
2987080,Battle of Goldfish Scooping
2567800,Slime Alchemist
3792980,Atlandis
3358300,Mahjong Tiles
3571800,Pogo Stick Champion
2169700,Gramm
1454520,MONOLISK
1656850,Schematic
2061580,Brigadoon
3655240,101 Cats Hidden in Taiwan
1372940,Behind Closed Doors: A Developer's Tale
3358270,Galeid.
2987070,All About Maze
2169680,Fishing With The Homies
2414530,Phanotia: Interlude I-Aubzan Abbey
3655230,101 Cats Hidden in Mumbai
3439530,Tomboy: Annoying Childhood Friend
3188650,Croaktopia
3029130,Astral Ooze
2371220,Sender
2169660,Adolf Hitler RPG: Last Minutes of the Millennium Empire
3655210,101 Cats Hidden in Hong Kong
3439520,"Up, Up And Away Web !"
3358250,Loot of Baal
2414500,Limos' Lair
2371190,Fusillade
2169620,Frog In the Well
1782710,Haley's story
1592860,Keezeh The Spector of Time
3655200,Chick Defender
3439510,Merge Guard
3358230,Collect Mania
2987010,ChingMing
1877650,Zero Orders Tactics
2169580,The Reluctant Redemption of Verity Lux
3834120,Lucid Clowder
3655170,Breaking Squad
3358220,OAsys - Speedbots Tournament
3188550,Trainee Death Simulator
2371130,Duels of Fortune
1840820,Hammer of Virtue
2169570,The Lost Legends of Redwall™: The Scout Anthology
1454490,Riot Operator
1656840,Mystery Of Dust
3655150,NEKOPARA After
3358210,StormCore
3439490,AMseven
2169460,Argol - Kronoss' Castle
2371120,Lore: Curse Of The Elemental
3439440,Hunted Within: The Walls
2986940,NoteCaptor
2371110,Fitting-In
2169420,Horny Witch: Crusade
3655090,3D Puzzle Maker
2986830,CLOUDOME: Prototype
2414410,Tri City Monsters
2169370,RCPG
1592840,COME INSIDE MY INNER WORLD
3833930,Silent Cleaning
3655080,Stick and Stack
3188480,Sea Town - Fish Market Simulator
2986800,Poop Rocket
3028990,Jinko
2414360,Dark Legions
2169350,Strip n Play with Valerie
3188460,Orcs Will Never Be Slaves
3028920,Holidays
3358020,Olympus of the Heavens
2370950,Zombie Exterminator
2414340,Star General
2169300,Dizzy Rogues
3439300,A Butterfly
3028900,Cosmic Parkour: Infinite Journey
3188430,The bicycle couriers
2986720,Incredifall
2370920,Spiral Smash
2169270,Innocent's purgatory
1634290,Chuhou Joutai 2: Paraided!
3833800,Crafter's Hollow
1995100,DouDas Danger
3655010,[ VOID ] 
3439250,SteamForge
3357980,回ル！ハッカー探偵
3188400,画中诗
2370880,Cards of the Realm
2414320,Veil of Darkness
2169260,Road To Salvation
1782670,Tru Or Die
3357970,D.O.T
3028880,Survivor's Dawn
2986690,The Art Collector
2169250,Throw Wizard
1305940,Ambush: Convoy Strike
2370800,Celestial Raider
1877580,Panicked and Surrounded by Hot Vampires
3439210,Lurking in Tenebris
3188350,Kite Hunter
2986680,Versus Purgatory
2370790,The Mine
2414270,Sunderfolk
1840800,Headquarters: World War II
2169230,I'm Late
3439100,ATC Flight Operator
3188340,MudRunner VR
3028840,Slide!
2986650,Viking Fish
2370770,Cydoku
2414260,Athena's Revenge
2169220,GPRO - Classic racing manager
2061460,Triennale Game Collection 2
3439080,VR Football: Heading Challenge
3654850,AQUARIUMS
3357940,Diggin’ It!
2986640,Myth of Angels: Prologue
2414240,A CRAZY GUY
2169200,Sniper Elite: Resistance
1717580,Remorse
1634280,Space Mechanic Simulator: Prologue
3357930,ToDo LisT 783
3439060,Ghost Infinite Labyrinth
3188050,Mini Mini Golf Golf
3028730,"Love, Internet, and Murder Magic"
2370740,NejicomiSimulator Vol.5
2414210,Text Twist Classic
2169160,Hero Jumper Demo
1574110,Lying Souls
1782640,FireAirPlan
3833550,Run Chicken Run
3654810,CLOWNCORE
3357910,MOBA大乱斗
3028720,Plaza Security #neverforget7/13
2370680,Backrooms Project: The lost file
2414190,You Must Become A Lich
1592780,ELIF
1305890,GunGuru
1877560,Walter Walnut
3833470,Astro Spider: Between Threads and Stars
3654800,Changelog
3439040,Mystery Island:Missing Amy
3028700,Speed Run
2986600,Insight
2370660,Börd Killer
2169140,CantEscapeTheBackrooms
1840790,Metal Mutation
1656780,Hero's Hour
3833460,Kawaii Girls Panic
3357880,Tower defense for virus
3439030,The King Of Truancy
3187880,The Fable: Manga Build Roguelike
3028680,Medival Hustle
2169120,Lords of Infinity
2414110,Builderment
2370650,Argumentum ad culpam
2061440,Oxygen: First Breath
3357870,SUGOROKU CASINO PARTY
3187870,Asunder_II
3028660,RERODENT
2986580,Bricking Bots
2370640,That Potato Game
2414020,The Picture of Café au lait
2169060,Crystal Riders VR
1717570,Pompom
1222570,Red Ronin
3654670,Palette Forge
3439010,Clicker Conquest
3357860,Cannoneer
3028610,World of PaintBall
2414010,Garage Flipper: Prologue
1574060,AnotherQuizzGame
1782620,Gachi Dash
3654650,The Lost Identity
3439000,The Candle
3357680,Deadwalker Chronicles
3028600,City find all
2169000,TRACHI – ANARCHY
1592750,Anode Heart
3438990,Cheaters Cheetah
3357670,Advanced Kick Challenge
2986460,Death Remains
2370540,My Klutzy Cupid
2168920,Middle East Empire 2027
1840780,Love Accident
1454400,Cookie Clicker
1656740,Mercenary Operator: Wolves
3654610,Dead Hourz
3187770,NAGAISAN
3028550,Lost Moment
2986450,Metro Gravity
2370420,Chronomon
2413940,Liberation
2168880,Rogue Blaster
2061430,Oxygen
2413930,CREAM SODA CLUB
1574030,War Of Freedom
3654570,Cube Mind
3028440,Hidden Cats - Pirates
3187730,Clicker Clicker Clicker
2986370,Food Delivery Simulator
2168820,Classical Music Minesweeper
2370330,Linia Stripes
1592740,Railroad Ink Challenge
1305820,Lunar Axe
1877510,Torus Bot
2413840,Cute Capybaras
3654560,Plants vs. Zombies™: Replanted
3438900,Azazel Gamble 阿撒兹勒赌局
3357580,Winter Hubris
3187710,Elemental Guardians
3028430,The Fast and the Flirtatious: LA Drift
2986360,Sexycraft
1840770,Last Threshold
1551590,Loretta's Brand-New Job
2168810,Dream Sketcher
1454390,The Farm
1656680,Escape: Forced Overtime
1372810,Teamfight Manager
3357570,Government Contractors: Arms of Influence
3187700,Short Trip
2370310,Mountaincore
2168800,The Assailant's Arrival
3833180,No Friends Space
3357510,3.14 IDLE
2986340,Flood
2413750,Poly Jigsaw: Dogs
2168760,Attic Panic
2370300,Connect Far Away tale
1634210,Puzz/LR
1246490,Domino Simulator
3833130,Meet My Stepmoms
3357480,Space is Red
3187640,Tornado Chaser
2986300,Cappadocia Puzzle
2413730,Zombie Hunter: D-Day
1574020,Automation* of Sorts
1782600,Owlone in the Woods
3833120,Soy Supremacy
3654390,DOWNMOUSE
3357470,Superbunny's adventure
3028390,Knight Fall
2986260,Dreamlike Love with Seira
2413720,Date with Foxgirl
1592720,Garbage Crew!
2168680,Nuclear Option
1391650,Loch Mess
3833100,Kitchen Gore
3438840,Kill Ralph
3357430,Etherburn
2413710,Insanias
2168660,さくらいろプリズム
1840730,Ancient Islands
1656650,Express Simulator
1372470,Quantum Derelict
1372800,Gloom and Doom
3833050,E-commerce Simulation
3357410,Sara The Slutty Lusty Agent
3438820,Astra Quest
3187550,Cape Hideous
3028330,Battlefield™ REDSEC
2370230,Edegard: Puqq
2168650,The Asafo Journey
2061340,Mottia - The gem hunters
1222540,Gastova: The Witches of Arkana
3792960,Fade Survival
3438810,Princess Maker : Children of Revelation
3571780,Mosh Pit Mayhem
3187540,OutRUN
2413660,Bucket Brawl: Ahlman Edition
2370180,Shrommzzz: Mushroom Foraging
2168630,L30-P4RD
1703090,Solo Flight
3792940,Dominated by: Yandere Goth Grandma
3654200,Sunset Racer
3571750,My Wife Wants to Be a Professional Cosplayer?!
3438800,Doodle Empires
3187530,Scissors Paper Stone: Alert
2413640,Countless Army
2168610,Absent in the Rain
2370170,EARTH DEFENSE FORCE: WORLD BROTHERS 2
1574010,Shattered Slime
2567770,BoneField: Bodycam Horror
3654190,Orcalypse
3571710,Leaf Blower Co.
2370140,My Demonic Romance
2413620,Pogo3D
2168600,In The Rural Village of Nagoro
1840710,These Doomed Isles
3792920,Mythswayer
1634190,SISYPHUS
3654130,Levania
3571690,The Last Chronomancer
3438770,ReDo
2370130,Bottle Grannies
3187490,Symphony of the Stars
2413590,HOPE: Winter Tale
2168530,The Crimson Flower that Divides: Lunar Coupling
1703040,Decision in the Desert
1656640,Four Color Jump
1372730,Phaseshift
2061300,The Way Home: Pixel Roguelike
2168490,Masarada Town Story
2567750,REPTILE CHRONICLES
3654060,The Hundred Youkai Master
3792900,Maze Lovers Memorial
3571660,ROOM FOOTBALL - Petrol Station
3187470,Unfair Rampage: Knightfall
3438760,协议战线
2370110,定時制の人妻JK - Married Girls' Night School -
1703030,The Key of Rednow
2061540,Chompies!
2567730,Crunky's Fun Rager
3654050,Veles Scary
3792890,INK ENIGMA: Hidden Object Challenges
3571650,ROOM FOOTBALL - Hangar
3438730,Red is Lava
3187400,Dollhouse
2370100,Smash Room
1703020,SpaceKraft!
2413570,Solo Breeding
2168450,DREAMWILD
2567710,SEXY LADIES
3654040,Tomboy: Trapped by Orcs
3571640,Mystic Jumper
3187380,Death Becomes You: Yuri Onsen Vacation
2370070,Nightmare: Worlds Collide
1782570,Beer Factory
1703010,Burning Brick Breaker
1574000,Industry Idle
1592680,Anarchy: Wolf's law : Prologue
3654030,Chaos Beach: A Virgin Boy’s Pheromone-Fueled Summer of Lust!
1656600,Fluffy Cubed
1454360,Super Star Shooter 16
2061290,Hauling Away
1349040,Furry Love 2
2567670,A Lively Haunt
3654000,Blitzstrike
3792770,FURRY PASSION
3187300,CursorPlayer
3438640,Dicey Bugs
2413490,Crown of Light
2370020,Chain Ninja
1702970,Kibbi Keeper
3653990,Infploria
2567630,CruxFlaw
3438630,Storm Burst: Tornado Alley
2370000,Lumines Arise
2413480,Through the Mist
1634100,No More Rainbows
2168260,Forgotten Seas
2567620,Electronics Puzzle Lab
3653970,Starlight Squad
3792730,Plan B
3571560,LUST Eternal 🔞
2369970,Grow On The Go
2413470,Knights of the Throne
1702910,Blackberry the Witch: Journey
1592670,Soda Crisis
2168240,Kizuna AI - Touch the Beat!
2567600,Scare Girl 2
3653960,家训 Dogma
3571540,There's Chaos!
2369950,Blade of the Netherworld
1634130,Color Escape: VR Coop
1877440,The Battle Never Ends
2168200,NervBox
2567590,はいすくーる☆さばいばる
3653930,Demonbyte
3792670,Space Memory: Horses
3571530,Channel Surfing
1840660,Mad Adventures
1656310,TETRAGUN
2413410,Kam Thunder
2061280,Monty on the Run (CPC/Spectrum)
2567550,Moto Rally Racing VR
3792660,MareDare
2567530,Test Lab Inc.
3653910,The Old Woman | 無言老婆
3187010,Dinocop
2369900,Castlevania Dominus Collection
2413340,Ketamina
1702830,BLACKJACK and WAIFUS Hentai Version
2567520,Match it Sexy: FREE
3792610,Jigsaw Puzzle
3438490,アンリアリィ・サバイバーズ：わたしたちのときめき無人島ライフ
2168150,Teslagrad Remastered
2369880,Dungeon Survival
1573970,Souls of the Wind
1702780,Infinity Tempest
1782520,Marble Puzzle Blast - Rescue Adventure
1391610,Drifters Don't Brake
1592650,Olobollo
2369850,Dolven
2413310,J-Town: A Visual Novel
3792570,Numenclature
3653870,ANTYAVAN
2567510,Sex Play - BDSM
1877410,Fairy Deer
1634110,Sculpture Hentai Edition
2369810,S.O.V: Passenger 23
3792560,UNI 2
3186950,Super Grapple Day
3438460,Onsen MILF Rainbow Party
2567490,Mobile Store Simulator
1840620,Trialtime Reborn
2168090,Stealth
1656300,Slime VS. Female Hero Party
2061270,Alien Gladiator
1372660,An Amazing Wizard
3653820,The Tavern In the Woods
3792540,BederSNAKE
3438430,Quodan: Treachery on the Arheid
3186930,Their Navy Is Their Doom
2413230,Liminal Space
1702740,Who dies first
1514300,The Tower Of TigerQiuQiu 2
3653810,Cat Home
3792510,El Coco
2413220,Exterminators of Saturn
2567410,The Green Room Experiment (Episode 2)
3792500,The Museum
3438360,Synthwave Smashers
2369750,垃圾游戏
2413210,Trapped with Ivy & Piper
1702670,Game of Lust
2168000,Trader of the Night
2567390,Story of Mine Company
3653710,CyberControl: Another Life
3570700,Arete
2369740,Einheriar
2413190,Emergency Cleanup Co.
1877360,Mars Rover Simulator
2167990,Bear No Grudge
2567380,Luctus
3792480,Hentai Milf City
3438340,Tumble Egg
3186780,Astro Raid
2369730,Kaiten Sushi VR
2413160,Symphony of Souls
1840610,Apocalyptic Vibes
2061260,发现姐姐是妹控的我今后该如何是好
2567360,DummyDoodle
3438250,Paranormal Mutagens: Cargo
3186770,Oldest Golden Treasure
2369640,Vanova's Stories
2413140,Titor's Time Traveling Tale
1702590,Casa Caballero
1702540,Chimeras: Cursed and Forgotten Collector's Edition
2413080,Project CarnEvil
1782480,Tormentis
1391580,Escape Condition
1305640,Beyond Hope
2167910,Reeve
2369600,Nimblefoot
3653590,N.O.X.
3570570,Windows Separate Worlds: Chapter 1
3438130,Dynasty Protocol
3186640,Geometry Jump: Impossible Game
2413060,Pallet
1877350,Cat Nips
2167900,Puny BOB
2567290,The Keyboard
3653510,Space Memory: Parrots
3792360,Peach Tangle
3570540,RAIN KILLS
3186480,Dookie Clicker
2413050,Retrowave World
1840590,第一千零二夜的童话
1656240,My Sexy Waitress
1246250,An Airport for Aliens Currently Run by Dogs
1372640,Candle In Darkness
2061250,Shin chan: Me and the Professor on Summer Vacation The Endless Seven-Day Journey
2167890,Lost Hammer
2567260,Nonlinear Door 非线性之门
3792300,Синяя Борода
3186440,Quantum Loop
3438100,Lustful Fingers
2413040,Jets A Blazin'
1702450,Língua
1592610,The tram of wishes
1559330,Destroy The Hexons
2061510,Woodlock Manor
2167880,Oylinder
2567230,Cozy Fishing
3653460,Wail
3792200,Rise of the Settlement
3570500,Aurora Dawn Poet
3438090,Purfect Climb
3186420,Cannon Island
2413030,Golf with the Lads
1702430,Vlad Circus: Descend Into Madness
2369550,Mike and the Zombies
2167870,A Bit of Tactics
2567210,Real Boxing: Steel Champions VR
3186370,Cadava
2369520,Hunchback's Dungeon
2413000,Magic Cube 4D VR
1573860,Back Then
1782460,Hell Clock
1702400,Jackpot Bennaction - B01 : Discover The Mystery Combination
1391570,Two by One
2167860,Dungeon & Adventure
2567190,Otome Riron to Sono Shuuhen -École de Paris-
3186340,STAaRS
1877330,NEXT DOOR - An Eternal World
2167850,Puzzle: Triangles
2567170,You're Not Family
3570450,Bacterian
2369480,Reflections of Life: Spindle of Fate
1840580,Slette Mette
1656230,Phantom Train
1634080,Nocturnal
1454160,One More Island
2061230,Chasm: The Rift
2167840,Inner Call
3653390,Final Echo
3570430,Snakecremental
3438040,Gooning Aim Trainer
2412880,Tavern of Empire
1702370,Combatant
1349030,Innocent Girl
1592600,Beasties - Monster Trainer Puzzle RPG
2167830,Epic Ninja
3570400,Wall Town Wonders
3792060,Bushido Kensei The Last Warrior
2369440,RushLane
1702350,Mind Space
1634090,Mini Racing World
1573800,The Steps as we know them
1782420,Tales from The Dancing Moon
2567060,Ship Regulus
3791940,Justice Became Prey
3357380,NEDRA
3028310,Nordhold
3570370,CARIMARA: Beneath the forlorn limbs
2986170,love Red
2412830,Magic Seeker: a mimic's odyssey - chapter 1
1391550,Amusemos
1877300,Lo-Fi: THEXNERXXM
1702330,Rune Factory 5
2567050,Orb Of The Watcher
3570360,Shichiya Shrine
3028300,Happy Souls
1293250,回到2001买房子
1840570,Tales of the Underworld - Legends of Primordial Sea
1454150,Battle Alchemy
1656210,The Adventures of Herbie & Katt LeChatt
2567040,Only UP
3357250,Corner Kitchen Fast Food Simulator
3028290,F*ck the HELL out
2986060,Team Of Titans
2412780,Bounda Forever
2061150,Ikki Unite
1702260,DEADCRAFT
2566970,CatCat Save The World
3832930,Project 7: Escape Room
3791820,无限刀传奇
3570340,这个CEO我当定了！
3028280,Drag and Drop Medieval
1222370,Necromunda: Hired Gun
3832910,TAU-09
2566880,MOOD
3570280,Upfall
3357130,Figure Skating Legends
2986010,與妳響起的樂音 -Our DreamMelody-
1702220,Cool Animals
1573790,Click Quest
2566870,Plinko : Ball Falling 3D-2D
3028220,Angor
2985990,MMM
2412730,Biomech Hell
1782390,Lovely Archeologists
1702190,On The Earth Shift :)
1391540,Uberlaufer
3832870,Car Football
3791760,Your Fox Wife
3570210,Unlog
3028210,Forgotten Fears
3791680,Parman
3028170,NightGhast
2985930,I Am Part-time Worker!!
1702140,Left to Survive: Zombie Shooter
1514200,Tap Those Targets
1222340,Sockventure
3832740,Articrow
2412650,The Severn Rising 2222
1702130,ACL Pro Cornhole
3570160,The Balldragon
3028150,Nao in Heat! ~Kemomimi Girl's Naughty Treatment~
2985910,Survivors Of The Zombie World
1782380,SCP: Containment Breach Multiplayer
2412640,Another Day
1702100,Believe
1391530,Mud and Blood
2566620,Froggies at the Zoo
2985900,中医模拟传承人
3832650,SENSE: The Game
3570130,Multi Championchip Futsal
2412620,Fishing
1702010,Sengoku Dynasty
1633860,Firebird
1840520,Cyber Girls 2022
1246160,Planisphere
2566580,Knight without sword
3832630,Wheelchair Wizards
3356970,Nightfall Secrets
3028130,One Paradox
1701950,Crossing Guard Joe
2061100,Elves of Duty
3832600,Darkroom
3356960,Disseminate
3028120,请叫我英雄
2566520,Breaking Box: Walk!
1592550,My Sweet Ants!
3791610,Lloyd the Monkey: Remastered
3570070,Paddle Paddle Paddle
3356950,Differentiate
3028070,colomoon
2985840,Undead Onslaught
1701930,Catch The Donut
3791600,Rondoku
3832570,Boss Up
3356930,Anticipate
3028060,Retro Horror Story
2412490,Abandoned Souls
1782330,Green Hell VR
1573760,Battle In The City
1391490,Deep Maze
1877190,Astrogon
2985750,锈翅 逃离我的家乡 Without Wings
3832560,Boxuchan: The Visual Novel ~ Prologue
3570040,NubiaPhobia
3791590,Cho Aniki Collection
3028010,The Lazy Demon Lord and the Four Stones of Dispel
1701890,Heartless & Dreadful : Return by 72 Hours
1840510,Legend of Ixtona
2566470,My Kingdom for the Princess |||
3570020,Eggpan: A Sokoban Adventure
3791560,Hentai Senpai: Tavern Whores
3356860,Jigsaw Puzzles
2985740,Ocean Planet
1701870,Crumbling
3028000,Joy Life 4
2061090,Sunville
2566450,FarmCraft 2
3791540,Nonogram Desserts
3832510,Мемография
3570010,Bow Course - Archery Golf
3356840,Echoes of Steel
2412420,Star Defence
2985720,Veilcrest: Trial of The Arcane
1701850,Mosaic Your Crush!
1592540,Loretta
1222300,Into The Flames
2566440,FarmCraft
3570000,EMOTIONLESS : The Last Ticket
3027980,Next of Kin
3356830,Milky Mouse
2985610,The Big Catch: Tacklebox
2412410,Disco Simulator: Prologue
1656050,Remnants of the Rift
2566430,DERE Vengeance
3791410,Lunatix
3027970,Neon Phonk Robots
2985600,Mindbreak Mansion
1782320,Fantasy and Girls
1701830,Tangent Rush
1573750,100 hidden mushrooms
1877160,Floor is Water
3832470,FTL Team
3791400,DepthLess
3569980,Trash Horror Collection 5
3356800,Wonderland
3027960,Qazaq: Son of the Sun
2412280,Valiant Tactics
1292860,For Evelyn
1701820,TCSTRIKERS4
1633830,The Shape On The Ground (Steam Edition)
1840490,Christmas Massacre
1246130,Powerslide Legends
1454100,Project Hive
3791390,FOX XII
3569950,Everdream Village
3356790,Cozy Solitaire
3027930,Karate Survivor
2412240,Bubble Ghost Remake
1701800,Lunistice
2061060,The Marson Home
2566360,Mind Puzzle 2023
3832400,Keep Fire
3569940,Rolling In Gears
3356780,Minestrone
2985510,Pixel Race Maker
2412200,Cthulhu's Reach: Devil Reef
1701760,Park Rangers of The Undead
1592530,Blub Emporium
2566350,I Got Trapped in the Succubus's Dream!
2985470,Crown's Labyrinth
3791340,Witchcrafter The TCG
3356770,Missile Pilot
2985410,UnderKingdom
3791250,Square & Circles
3832360,鱼自会上钩 EffortlessCatch
3356720,Grass Life Sim
3027850,12 Hours Museum
1701670,Hats Are Not Allowed
1633780,The Tau Ceti Terminus
1840480,Project Noah
1454090,Army of Numbers
2566310,Thanatophobia
3832330,Make it! Choco Banana
3569700,祖宗饶命
3356700,YAMIKKO TROUBLEMAKER
3027830,TOO LATE FOREST
2985370,Vest A Life
1701660,Demons Rise Up!
2412150,Furry Milfs
2566270,Castle Empire
3791080,Let's Paint Toast
3569590,Newton Coin Web3
3027820,Nexus Rumble: The Ultimate Showdown
1701650,Baklava Simulator
1592520,WitchSpring3 Re:Fine - The Story of Eirudy -
2412140,Sex with Maids
2566260,Shepherd Planet
3791070,Egg Reality
3832290,FlushFall
3569570,Project Dreamscape
2985330,Nuclear Tides
1701590,Paradox in the mirror
1655970,Erotic Jigsaw Puzzle 3
2566240,Snaky Survivor
3832270,Escape of the school
3027780,A Work of Art
2985300,GASPING.2
1782260,Sleep and Girls
1701580,Mr.Treemp
1573720,Agatha Christie - Hercule Poirot: The First Cases
1877060,Haunted Stories
2412110,Rogue Labyrinth
2566230,Little Dew Drop
3790990,The Asterion
3832250,Jail College
3569510,Neuro Nightmare
3356570,Unforgivable
3027740,Escape From Benjamin's Room
1701560,RUINSMAGUS
1717160,FiberTales: DummyKart
1633770,Abyss
1840450,Good Bones
1454080,Dino Galaxy Tennis
2412100,Puzzle Game: Miko
2566210,真修世界（Fairy Land）
3832240,Draugar
3569500,Card Shop Simulator Multiplayer
3356540,Freedom Maker
3027710,Cat Guardian
2985240,Magic Cube in Strange World !
1701520,Afterimage
2412090,Total Reload
2566200,Humanoid
2985190,Candy Renovation
1701470,Ball Partner
1592490,Bloodless
1514100,Adventure War : Battlefield
2566190,Jigsaw-Land
3790890,Tales of Demagost: Exodus
2985170,學生騎士團
1701460,HipWitch
1655960,Maptroid: Worlds
2412050,No Ghost in Sky Elevator
3569440,The Legend Returns
3356480,Stick Tongue
3027670,"I took away my idol friend's virginity,and did something similar to NTR"
2985120,SHADOBLITZ
2566160,"Shut Up, Rabbit!"
1782230,Cooks Girls
1573710,Monster In The Dark
1877020,Jujutsu Kaisen Cursed Clash
1717130,My first Furry
2267070,COSMIC HOLES
3653320,Bye-Bye Bindings!
3186250,Zombie Murder 3
3027630,Shark Coin Party
2369430,Serafina's Saga: Awakened
1840440,新三國 漢室復興
1701400,HangTogether
1633740,Pegasus: Broken Wings
2267040,Light the Backrooms
1454060,Shooty
3653300,Up To Divine
3437850,Propaganda vs. Zombies
3356360,Moorhuhn Winter Edition
3027620,Kakenuke★Forward to Our Sparking Youth!
2985090,Abyalkin
2369410,Lotte
1701380,Cricket 22
1499900,Chat Millions - Stream Quiz Game
2267010,Kong Hero
1592480,Meta Sudoku
3653260,Sporting Goods Shop: Prologue
3437820,Wiped Clean VR
3356350,Moorhuhn 2
3027600,"Love, Elections, and Chocolate"
3186220,CYBERSLOT
2985050,新月大陆
2369400,Dormitory Hentai Clicker
1701370,Practisim Designer
1499890,Into The Eternal
2266980,Cyber Strider
3653250,Sporting Goods Shop
3186200,Survivor Story: The Apocalypse
3356340,The Original Moorhuhn Hunt
3027590,Paw Paw Death Festival
2985030,Hentai Oppai
2369390,Far Cry® 6
1701340,T.I.MO
1655940,Earth's Shadow
1573700,Dropshipping Simulator
1782210,Crab Game
2266930,RUSLICSTAN INVADES
3186180,Ninja Party
3027580,Unity-chan the SharpShooter!
2985010,Triangle Defense
1701330,Sokobond Express
1877000,Retro Kart Rush
1717120,Endless mahjong
2266920,Far Far Away
3356320,For Her
3027550,Saint Goddess
2984970,Curiosity: A Cat Climbing Game
2369320,Magical Town
1701320,Zleepy
1840430,로스팅 리포트: 대학 교수 살인사건
1633640,Papertris
1454050,Tour de France 2021
1315160,鸢之歌-Singing Iris
2266910,Chinese Expeditionary Force - Assault Team
3653050,Gun Shooting Range Aim Master
3437610,Dragon Fall
3027470,Minha Casa
2984860,Letters of Bernard Thorne
3356250,Low_Signal
2369140,幻影魔都
1499770,Echoes of Mayhem®
1655930,Hentai Jigsaw
1372430,Spells and Fellas
1573630,Choice of Life: Middle Ages 2
1782190,Farlife
2266850,Senpai Puzzle: Waifu Summer
3653030,Kassei - Road Cycling 2025
3356230,Humble Holiday Horrors
3186070,The Overseer: Field Trials
2369130,Slimes - Cannon Combat
1701150,Cats - Classic Onet Connect
1499750,The Frost Rebirth
1876980,戛然而止的音符
1717090,Into the Necrovale
3652980,Dilemma: The Game
3437540,Mysteries Of FangClaw
3186040,拖拖拉拉小菲镇
3027310,Zombi Efem
2369100,Cities of the World Jigsaw Puzzles
1701140,Atomic Cards
1633580,Our Battle Has Just Begun! episode 1
2266820,Lilith Wants to Buy Your Soul
3437470,Dragons Reef
3356160,Yeet Thyself
3185940,雨之殘響
2368940,Jurl
1701130,GRAB
1499710,Cavatus
1592420,Marcella Moon: Curse of the Black Cat
2266790,键盘侠Keyboardmen
3437460,ZIRQUITZ
3356130,The Reunion
3185900,Pet Lands: First Steps
3027260,BEHEMOTH
1701090,SafeZoneVR
2368930,ISLANDERS: New Shores
1499700,Golazo! 2
2266780,Ascendant
3437440,Bedman Challenge
3356090,Toast Astronauts
3185890,我打不过漂亮的她们
2984790,ReDertsy
3027170,Oil and Sand
2368880,Midnight Thunder Drive
1701080,Mapama Pirates
1499690,夢游仙境ロマネスク: Chronicles of Refugia
1655920,Shin Lotion Samurai
1573620,Bit Orchard
3652910,Don't Drop The Soap
3437390,Delta Vector - Turn Based Racing
3356080,World of Slavic glasses
3027160,Lost Girl Platformer
2984780,Unclogged
2368860,Paws of Coal
1701040,Hexagon World
1876950,Judgeball: Lethal Arena - Early Access
2266740,Twinkle Hunter
3652900,Later Elevator
3437370,Sweet Zodiac 1
3185860,Vengeance is His
3027060,Cubetory
2368840,Check & Clean
1717080,Combat Beans: Total Mayhem
1840380,Chester
1633550,Dark Harvest
1454010,Diary of Lucie
2266700,Abhorrent Light
3652860,東方エターナルフロンティア(TouhouEternalFrontier)
3437350,Little Aviary
3185840,Lovely Memory Challenge
2984630,Aria Skies
1700940,Anime Zodiac
1499640,Y.E.T.I
1592390,Driving Simulator 2022
2266640,Astro Link
3437280,The Masculine Urge To Blow a Femboy
3027000,Bass Defense - Rhythm Meets Strategy
2984570,Cuckold Sex - Episode 2
2368810,Cosmic Cleaner
2266600,Guts 'n Grunts
3437270,I Rizzed Up a Femboy
3355990,Lunar Miner
3026980,Jigs4w3D Puzzle Challenge
2368800,Millennial Simulator
1700920,The Last War
1655910,World Legends
1573590,Colonize
3185780,WOLFMAN
2984520,Digbeat: Godot Deeper
2368780,Drift Abyss
1700900,ellie on the ruins
1499540,リアルタイムバトル将棋オンライン
1876930,Saloon Simulator
2266580,Package
3437210,Bird Bump
3355950,エデンタクティクス
3185770,Native Isekai Defense
3026830,Alex The Ball
2368720,Starryard
1700890,Asteroids: Recharged
1633490,T^2.5
1245920,VaporBall
1454000,Shattered Heaven
2266570,Kinda Knirpsi
3437200,LUNA
3026770,Hunt Me
2368670,Koi-Koi: Love Blossoms Non-VR Edition
1700870,Clanfolk
1592370,Cinemoji: Oscar
3652660,Maline
3185720,像素旅人-Pixel Traveler
2368650,GUNSHIP
1700860,Strings of Divinity | The Spell Plague
1514010,Cannibal Coast!
1305390,Gel-Tank
1222210,Extremely Realistic Siege Warfare Simulator
2266510,Desert Spirit Grave
3652650,Love Begins With Goodbye
3437180,Ukrainian Shield: Iraq
3355910,Help The Dog
2368570,Bomb Bomb Bomb
3026710,Secret Diaries - Royal Wedding
2984380,Turmoil Uprising: Dynasty
1717050,Heart Lock: A Cozy Intro To Spellcraft
1700800,Break Bounds: Exile 越界：流放者
1840350,Koi-Koi VR: Love Blossoms
1633470,爱与命的彼端
1245910,Hentai Most Wanted
1453990,INSPIRE
3652610,Casting Clicker
2266400,The Last Duskreaper
3437110,Satan's Dungeon
3355830,Hydro
3185530,Theater School
3026650,Master Bobber
2984360,The Lost Penguin
2368510,Soulvester VS Lil' Beezey
1700780,TripleBuilder
1499310,The Shadows Lengthen
2266370,A Special Place In Hell
1592360,Kitten Burst
3652580,境界勇士
3437090,瞳:创之槲  Tong Create Thorns
2984340,Smoking Gun
1700690,Grandma's Footsteps
2266360,Thumb Tanks
3652570,Assassins Arena
3355800,Bank Simulator
3185510,Lucky Pikinini - Advanced Killer Cyborg
3437060,Black Fairy Tale
3026620,End The World
2984300,Terrestrial
2368470,An Arcade Full of Cats
1700680,Ki11er Clutter
1655880,Kings and Pigs
1573560,Dungeons & Drivers
3652550,SoundlessNightmare
2266320,The You Testament: The 2D Coming
3355790,FREEZIA
3185490,BarGirls
3026560,Multiplayer Wizards
2368460,Inkubus Sukkubus - She of a Thousand Names
2984270,Cowboys vs Monsters
1700630,天下镖局
1499240,Brookhaven Grimoire
2266270,Rhythm Taichi XR
1876910,Escape Purgatory
3437030,Sisyphus
3026480,You Have To Climb Out
2368430,Toon TD
1717020,Ed-0: Zombie Uprising
1700600,ESTEN
1633460,罪印 Seal of sins
1840330,Dummy Falls
1432500,The Sekimeiya: Spun Glass
2266260,Hold The Door
3652460,G-MODEアーカイブス+ 真・女神転生-20XX
3437020,Gyra
3355760,望文爱生义
3185460,Fap&Click
3026460,Sex Inspector 🚬💋
2984230,Lizard Slayer
2368400,Complex Loop
1700550,Intruder on the Bridge
1592340,Underland: The Climb
1499220,Kungfu Cowboy
2266200,Downhill Pro Racer
3652420,War of Reproduction: Evolution
3437010,Reaper Recon
3185400,The Ultimate Gate
3355750,Ad Astra: Sci-Fi Tower Defense
3026450,Deadly Days: Roadtrip
2984220,Aard and Wyzz: The rise of minions
1700450,Watashi no Kokoro!  君の事が好きです。
2368390,Doggo Garden Defense
1499210,Rorschach Plus
2266190,finland corruption simulator
3436990,Suika Idle
3185390,天道荒本纪 Chronicles of the Celestial Way
3026440,Sex Industry XXX
2984210,Scyla
1700440,Age Of Blocks
1499190,Lost Caves
1655850,Vacation Adventures: Park Ranger 6
1573540,Spaceship Simulator
2266160,Modules
3652330,The Attack on Egg Harbor
3436980,SuperCowBoy
3355730,Fitness: Lifestyle
3026430,Esports Team Manager
2984200,Sanguinaria
2368350,Guardians Survival
1700420,FUN Platformer
1499180,Don't Get Bit
1876890,Wandering Sword
3652300,Heir of Twilight
3436970,Mournight
3355700,紅蜘蛛外伝：暗花
3185260,Deep in the Dungeon
2984180,NIPA
1716950,Gra&Vity
1633430,OU
2266130,勇士末路 The End of Warriors
3790800,원 샷(One Shot)
3569430,Catgirl
3436960,Erika America
3355690,Hamachi the Psychotic Killer
1499120,I Expect You To Die 2: The Spy and the Liar
1592320,Aztech Forgotten Gods
1305350,C-4
2368310,Sequential Dungeon
3790770,Panzer Kliker
3026350,Souvenirs
1499060,HORSES.IO: Horse Herd Racing
1700380,Twin Balls
3790760,SCP: Yet Another Day
3652230,Extreme Delivery
3355610,PROMIZED LAND: Outer Town 2025
2368300,Warside
1700330,Chetz!
1655840,Turbo Tempest
1573500,Red Measures
1372320,Cloud Gardens
1876880,Primitive Society Simulator
3790750,The Brave Never Alone
3569400,Rocket delivery: Space Wok
3355590,TRUCO BAR
3026310,BUSTAFELLOWS season2
2368260,The Crisis Zone
1700300,World Warfare & Economics
1499010,Project Hypnagogia
1716940,Ancient Gods
1633410,Cyborpunk Crisis
2266030,"Blood Money, Good Money"
3569390,Marble Mash
3652210,Hiss & Hunt
3355550,Fari Stjornu
3436870,Broken Pact
1700270,Lucky Tower Ultimate
2368250,Masonic Mysteries: Secrets Unveiled
2266020,Zombie Watch Part II
3652200,Codename Medusa
3569250,The Sequencer
3436860,RadioWave
3652120,Reflections of Life: Sleep's Embrace Collector's Edition
3436830,Crash Diet Simulator
3355420,Battle for Rakir
2368190,Bem Feito
1655800,System Under Surveillance
1700220,东方远空界 ~ Ultimate Vitality of Imagination
3652080,MasterRunners
3569050,Iron Onslaught
3436790,doctrine
3026180,Scifi Racing Team
2368160,Bullet Blaze
1498840,Rushing Beat Of Rage
1633400,Puzzle & Maze
1716910,Foot Massage
1432410,Shape Quiz
2265960,Stick Bros
3569040,GRIND MOMO
3436770,极乐不羡仙
3652040,ALWAYS: ILL
3355380,Pal-Mon
1700140,Hermes: Tricks of Thanatos
2368130,Bearskull
2265950,Doggo Ninjas
3790560,Hallway Gunners
3652020,The NAGEN Project
3436760,白垩纪-龙岛
3355240,Teach Kids Games
2368100,The Lonely Hacker
3026160,Trial Traction
1700130,Baking Bustle: Ashley’s Dream
1498790,Black Lazar
1592280,Selaco
1305310,Drox Operative 2
2368080,EvoWars: New Era
3790550,Rogue Paper Scissors
1700110,The Edge Of
3026130,Cathy And The Others
1498740,Troublemaker
2368070,Simple Game
2265920,Castle of Blackwater
3790510,Flappy Bat 3
3436730,Command Reboot
3568980,Baseball Legacy Manager 25
3355170,Transcontinental
3026100,ESports Simulator
1573430,Carnival and Girls
2265870,Virus Survivor
3790450,The Secret Of Greenwood Isle
3436650,No Other Alchemists Here
3355150,Stellarion
1716890,Cell Scientist: Beyond
2367960,Sinking Simulator: Legacy
1633390,Hentai Pretty
3651950,Evil Egg
3436630,NOX AETERNA - Veil of Darkness
3355140,Crimson Skyline
3026000,Broken Space Traveler
1700040,Neon Nights Pinball
1498680,Poker Pretty Girls Battle : Fantasy World Edition
2367880,Calling Home
3651940,Submeris
3436620,Roads of Rage
3355120,Ghosts Attack
3025910,Birdcage: A Tale of Sorrow
1700010,瀚辰书院
1498660,Star Ships
1305300,Love Love School Days
2265760,Chosun Zombie Defense
3790250,Eloquent
3568830,Duck Off!
3025880,Argonauts Path
3355110,a FISTFUL of COWBOYS
1573770,Contingency Creatures
2265750,Tonalities
3790240,Conundrum
3568800,Welcome to the Chop House
3436570,No Room For Error
1655740,Slime's Journey
1699980,Daydream
1573420,Photo-Life - Rina's Journey
1453870,Flow
1372280,MELTY BLOOD: TYPE LUMINA
2367820,despelote
3790230,Altruistic
3651870,이레인 대리님 결재 부탁드립니다!
3568780,The Last Bloom
3355080,Vicious Cycle
3025860,ココロワヒメ、おにぎりを届けるの巻　-Kokorowa Onigiri Delivery-
1699970,Brotate
1498590,Fat Prisoner Simulator 3
1765240,RollingBall
1432390,Sonority
1633370,Boat Crew
2367800,Mystery Solitaire. The Black Raven 6
2265680,The King of Cats
3790220,美少女大戦RPG ～mysterious～
3651830,Project DINOZ
3436540,Cyty Byldyr
1699960,Falta
1498570,THE KING OF FIGHTERS XV
3025840,Space Kitten: An Easy Survival Game
2367790,Mystery Solitaire. Cthulhu Mythos 3
2265650,Slippery Flippers: Episode One - Amulet of the Gods
3025820,PACIFICATION LIGHT
3355060,Unknown Hero
1592260,Metamorphos
1513860,Raptor Territory
2367780,Mystery Solitaire. Grimm's Tales 9
2265640,X-MODE
3651760,Вторая степень покоя
3355020,Reverse Problem
3025800,Demon Slayer
1498490,Dead Herring VR
3025790,FURRY Sex Resort 🏝🔞
3790180,Wizard Fight!
3651730,3D PUZZLE - Dark Fantasy
3436490,Stella Can't Hear
2367770,Detective Solitaire. Butler Story 3
1699900,Alexandria IV
2265610,Ashes of War
1655700,Mrs.Cat In Mars
1453850,Pro Cycling Manager 2021
3651720,3D PUZZLE -  Leafless
3436480,Death in the Gulag
3354990,THE NAUGHTY LIST CURSE
3025770,NAUS
2367760,The Empress Of Mahjong
3651670,Astral Destiny
3436450,Herolike; An Unfortunate Isekai
1699870,Sengoku - A Time of Warriors and Demons
3025740,UNKILLABLE ROBOTS
1592240,Zoelie - SCAD Games Studio
2367730,Detective Solitaire. Butler Story 2
2265490,Chess Match
3790060,Bound Between Desks
3651630,Enchanted Meadows
3568550,Tainted Pools
3025730,Dead for Dread
1699860,Parkour Tag
2367710,Legend of the Wargod
3436420,Keep Them Sleeping
3025630,Shadow of Pharos
1699830,Obscura
1655670,Rob Riches
1453840,Killer: Infected One of Us
1573390,Lila’s Sky Ark
2367690,Greymarsh
2265450,Astral Coconut
3789950,Reincarnation Galgame Become Heroine!
3651600,Ichor Burns
3568480,How Deep Is the Dark Water?
3436370,Destroy! Mosaic!
1699820,The Adventures of Dinobot and Tiara!
1716830,Sumo Seals
2367680,Countryside Dating
2265440,Retro Mystery Club Vol.1: The Ise-Shima Case
3789880,Ice Cream Typer
3651570,Tears of Viceroy
3568470,The Trials - Chapter One
3025610,OCON
1699790,Punkgrad
1633300,ANIQUILATION
3651560,Easy Bubbles
3568460,MustScream
2265420,Underquest
1699780,Splash Jump
3025600,Bishojo Battlefield
1592230,Cards of the Dead
1305250,Grand Theft Rome
2367650,Mystery Society 2: Hidden Puzzles
2265410,Color X Memory
3568300,In a Bit of Tales
3354760,Dreadveil
3025590,TRON: Catalyst
1699770,Plumber 2
1498250,Gun Duel
2265400,Maximum
3568290,UZG
3354750,skate.
3025560,Oceanhorn: Chronos Dungeon
1699740,Dungeon Danger Traps
1453790,The Serpent Rogue
1372210,Dap
1573360,Infinity Kingdom
2367610,Critter Café
2265380,Seroutte
3789760,Back To School
3651490,Fire at Campsite
3568260,Qohelet
3354320,Game for Aliens
1802080,SGS Operation Hawaii
1513820,御寇三世：星图
1716820,Pivot of Hearts
2367600,Super Retro GP
3789750,Bilge Su Bullet Baroness
3651480,Only Up 3
1633260,SICKO ISLAND
2265320,Torico's b-day gift hunt
1699690,Pow!
1498130,Tank Squad
2367580,Bingo Beavers - Design &  Board game
2265310,Bug & Seek
2566150,RPG Golf with Vampires
3789670,100 Witch Cats
3651450,Fight With Valkyries [18+]
3568200,どこでも!!釣りマゥス
3025380,Beyond The Tales
1699660,Enjoy
1498120,Lewd Island
1655580,Training Leah
1372180,The Call Of Paper Plane
2367570,Slime mutation
1573350,Coastline Flight Simulator
2265290,Drag the Dead
2566140,Mythic Trials
3025340,I Am The Registered Environmental Engineer
1699530,HIDEAWAY
1498110,THE BYTE
2367560,Home Designer Makeover Blast
2265270,Every Summer Holiday - BL (Boys Love) Visual Novel
2566130,Wheelchair Tester
3568150,A Totally Legal Archaeology Adventure
3025330,Crazy World of Caleb-Level 1 to 7
1716810,Herodes
1699510,Reincarnation of Ocean
1633230,FREEDOM: Hunt Kill Fly
2265240,Ryo The Haunted Office
2367500,Chrono Crystal
2566090,Missile Dancer 2
3025320,Riftcast
1699500,Move Dodge and Kill
1498060,Nanomon Virtual Pet
2265220,TITS OKAY TITS FINE: LEWD ME DARLING
2367480,Speed Crew
2566030,Animus Toil
3651320,Nigredo
3025310,Midnight Swamp
1699490,Qualia's Sweets Craft
1592190,BONELAB
1305190,Aria: Dragon Eater
2367470,Jigsaw Puzzle World
2265210,Sexy Milfs
2566020,Raindrop Sprinters
3832000,Hidden Cats - Ice Cream Day
3651310,Little Corners
3568030,Beast and Cleaver
1699480,KLETKA
1497940,Massage Salon Story: Spring Breeze
3025280,swingmania
1513800,JPN Burst
1716790,2 Synchro Hedgehogs
1633210,Medieval Hero
1245620,ELDEN RING
2367420,Kletba Vlčího Moru
2265160,Logic - Keypad
3025260,Kitesurf Runner
1699390,Roxy Raccoon
1497830,Apsis
2265130,Survivor:Stay In The Light
2565600,Seybul Tech
3567940,Banished Knight
3025240,DIED
1592180,Shadownest
1699380,Super Shooter
2265120,无限投影2
2565590,Goob
3789560,Paper Pusher
3567920,The Abyss Book
3025220,AnimalLaboratory
2367330,Tribal Legends
1699320,You Have to Play This Game
1364690,First Racer
1453680,Pocket and Zooom
1655550,A wave of enemies
1573300,WISH - Paradise High
2367320,SpaceWorm
2565560,Cosmic Cowabunnies
1699290,Cult of Personality
3025200,Get off Work
1497780,无眠夜曲
2367280,A Shared Memory
2265040,Cracks In Hell
2565550,Beyond Hanwell
3831660,Obsessed : Night Shift
3789440,The Adventure of Sunny the hedgehog
3651180,Daddy's Long Milk Run
3567810,氷華の雪化粧／Snow Veil
3025180,La Salamanca
1716770,Air Traffic BLITZ VR
1801950,My Soldiers
1513790,The Unbreakable Chain
1432320,Liftoff®: Micro Drones
1633200,Hold The Dots!
2265020,Dark Desire Mute 1
2367230,[Chilla's Art] Night Security | 夜間警備
2565520,Year Unknown
3789380,Dhadoom!
3567800,"The Good, The Bad & The Monkey"
3651170,SyncroChromia
1699260,Atlas Wept
3025160,Pirates Outlaws 2: Heritage
2367190,Looks Good
2265010,草食系男子の言いなり入院生活- A passive boy at the Huntress clinic -
2565490,Fantasy Temptations
3831630,24 Lustful Hours
3025150,King of Snatchers
1699230,Hail to the Rainbow
1592170,Spirit Swap: Lofi Beats to Match-3 To
1305150,UniDuni
2367150,Vertex Rush
2264970,丧尸世界-经典策略卡牌养成
2565470,Spark Mk1
3789310,Dreamrealm's Tower of Despair
3831590,Red Circuit Rebellion
3651130,Unhinged Pet Store Simulator
3567760,Twig's Adventure 64
3025140,A Few Days With : Tiffany
1699200,Zombie Carnage 2
1497700,景安区奇案-Jing 'an District Copstories
1453670,In Search of Fon Vitae
1372110,JoJo's Bizarre Adventure: All-Star Battle R
2367120,Blood Lily Ghoststories
2264950,Mr. Bear's Bizarre Adventure
3789290,Bad Golf
3831580,Before you get trapped in the black lilies.
3025100,Soul Armors Recollect
1497650,Squareometry
1581010,Haunted House - The Murder
2264930,"『LACKGIRL I - ""Astra inclinant, sed non obligant.""』"
2565450,Greebles
3789280,taking my Dark Knight Girlfriend to the corner store
3831510,Five Nights At Stickman
3567660,Funfair Billionaire
1513780,Strange Nightmares
1633170,Lux: The Journey
1245580,Rest House II - The Wizard
2565440,The Princess's Dragon
3789250,Revenge of The Gamer
3651080,Rebel Pirates
3567620,Heroines of Swords & Spells 2
2264880,My MILF Stepmom💋
2366990,Hentai Senpai: Sukebe Nekomimi no Yoru
1497600,Poker Squadrons
2565350,Voyeur Sex Toons
3651020,Forest Ranger Services: Episode 2
3567600,Icoptic Journey
3025020,A Good Cat and The Graduate Life
2366980,Thank Goodness You're Here!
1699130,KaraDedeler 1989
1305080,GearBlocks
2565340,Gulf Echoes: Tent of Treason
3789220,Cup Shot Master
3651010,高中生模拟器The Existence Theory of the No.13 High School
3024960,Delve Diver
2366970,Arco
2264820,The Road To Harvest: Food From Across The Ocean
1699120,Light Up The Room
1497530,StarPicker
1655520,Two Hundred Ways
3567580,Echoes of the Night
3024950,Glen: A Dull Journey into the Unremarkable
1372530,Fly Corp
2366910,Michi
2264770,Spellsphere
2565310,Hello Cruel World
3831370,Interstellar Nomad
3567560,Fight Against Corona
3024940,mole mine rocks 0.15
1801920,Rorys Restaurant: Winter Rush
1699030,Geo Mythica
1716740,Starfield
1513740,Warriors Of Titus - F2P
1633160,Aquarium Travels
1245560,Roots of Pacha
2366850,DAIR
2565260,NOTICE
3831350,Kaelaverse: Pemascape
3650860, Why? - Chapter 1
3024920,Hentai Senpai: Konbini no Shirigaru Onna
1497440,COCOON
1698930,Chaos Brigade
1655490,Shoganai
1453640,Valthirian Arc: Hero School Story 2
2366730,PACTUM + EPISODE 1
2264730,Hentai SportsGirl
2565190,Bowave
3789120,Laser Harp VR
3831230,Miyuuri's Cozy Hours
3567270,Bunny Ball
3024840,Hidden Wings and Paws
1698920,Kick It
1497430,Bounty Star
2366710,Dickland: Quest
2565180,Sniper Wild West Shooting Simulator
3789090,God Fishing
3831220,Is this a Game yet?
3650740,Dig & Deal
3024830,Chushpan Simulator 2
3567200,Overvåkerne
1801860,WOLF RIOT
1698910,Hardcore Trivia
1513710,Crystal sword
1716720,The Magister - The First Two Days
1633140,Crystal Plague
2264600,Find the Whales: Español
2366700,Isekai Slave
1497330,Bad Way
1573250,Allura: The Three Realms
1698870,Silver Axe - The Honest Elf
2264580,Gladiator's Arena
2565000,Why God?
3650720,Shininja
3024760,The Broken Ceiling
1592110,Spirit of the Island
1698850,Mage Tower: Call of Zadeus
2366600,Detectives United: Origins Collector's Edition
2264550,Fliese
2564970,University Days - Season 1
3831120,Mandate Of Heaven
3789060,Mystic Brews
3650690,Stellar Destiny: The Last Survivor
1497250,执谕者：坠月之兆（Archenemy: Lunafall）
1655480,Freebooter of SPLORR!!
2366530,Flashpoint Campaigns: Southern Storm
2564960,I'm on Observation Duty 8
3650650,Fief Lord
1698810,Fractured
1497230,Cauldrons of War - Stalingrad
1372000,Flowstone Saga
2366500,RuneQuest: Warlords
2264500,Guacomole
2564950,Paraido
3789020,Banana Ninja VS 100 Mann
3831090,CinemaLandVR
3650620,Barn Quest
3024710,Black Submarine: deep seek
1801850,Cats War
1698800,Missing bullet
1513700,Pond Scum
1432260,The Surfeit: Episode 1
1633110,ШХД: ЛЕТО / IT'S SUMMER
2366450,Fortune Follow: The Mansion
1245540,Touhou Endless Dream
2264490,Bozalleth's Curse
2564940,sun-rise.exe
3567040,Lovely Lady RPG
3024690,Detective School Club
1698750,Thomas' Tales
1497170,ONNANOKO KEEPER 2
1573240,ONNANOKO KEEPER 3
2366440,Happy Wagon
2264470,Diesel The Pug Warrior
3788990,生命蟲子
3831060,Cozy Gardener Simulator
3650550,PhaRaBis
3567030,The Untitled Tower
3024660,Skateballers
1698740,Descend into Madness
1592100,Evil Wizard
1304930,The Outlast Trials
2366430,Windy Meadow - A Roadwarden Tale
2264460,UnderBackrooms
3788940,Gargouti Simulator
2564910,CRYO
3650520,Goddess Paradise
1698690,Automation
3024640,None Shall Intrude: Descent
1497110,Melodramatica
1453490,Deducto
1655440,Themes of Dark and Light
1371980,No Rest for the Wicked
2366400,Space Battle Royale
2264440,Micro Games: Volume 1
3831030,ThroneBreaker
3354280,MonGirl Conquest
3185230,Quest of the Hero
2984170,Superfighters of Survival
2564880,Departed Away
1698670,Daggan
1693750,Ironfell
1513690,Elly
1716690,Click and Slay
2366360,Chronicles Of Errodean
2264430,Froojarspootz! The Cleaning Monster
3830980,Horny Farm
3354260,TCG Multiplayer Card Shop Simulator
2564870,Pumpkinman
1698640,Pill Puzzle 2
1496990,Barrage Fantasia
2264420,Sleepy Daniel
3436140,Freestyle Man in Office
3354250,通缉令 wanted poster
3185180,"Live Action-BIT THEATER ""ROUTEヨンロク"""
2984130,Odyssey of the Explorer
2564860,Castaway
1698630,Sword of the Stars: The Pit 2
1573220,Low-Key: A Dope Game
1592020,Demonsions: Industry
2366300,Hentai Casual Swap 2
2264410,The Survivors
3830920,Tiny Dream Home
2984110,Clone Your Way Out
2564850,Destroy Korcity
1698600,Through the Fog
1496930,Rotten Tide
2264400,Nightly Trash
2564820,Cosmorists
3830880,Space Memory: Chinchillas
3354220,Comic Book Store Simulator
3185140,Submerged Mystery: Takodachi
2984100,Camgirl Ying
1698570,Kursor
1655430,Witchaven II: Blood Vengeance
2264390,Evotales
3436090,Sprunki Town
3185100,Oldish Stuff
2984080,Vlad Voievod Dracula: Dungeons of Egrigoz
2564810,Phantom Thief Sylphy 2 - The Collector
1496790,Gotham Knights
1698550,The Pilgrim Survival
1801670,Gem Rifts
3354170,Supreme Power
2983950,Load Shedding
2564740,All Noobs must die
1698520,Simple Fish Adventure
1496710,Zombie Alert
1573190,Unite
1591960,Randy Blaster 3D
3185020,Alpaca Party
2983940,SkateLab
2264300,FULLYBROKEN: WAY HOME - A Roguelike Shooter
2564720,50CK3T
1698480,A Sex Slave's  Love Story
2366230,Hentai Pink
1496680,A Token War
3830780,The Next Journey Of Life
3436000,The World Ends in Ohio
3354130,Recurrence
3185010,Hounimal
2564700,LoFi Kitten
1698470,Roady Life
1633090,Exo-Leviathan
1655420,A MIRROR PUZZLE
2366190,DeckEleven's Railroads 2
3354080,EggsNeverHurt
3185000,Skyline Urban Story
2983910,Power Grid
1698440,Shape Shift Shawn Episode 1: Tale of the Transmogrified
1801660,未来战士
1513670,Fono
1716600,Brinefall
2366130,Flint: Treasure of Oblivion
2264240,Waiter
3830750,GhosTrick-The Sacred War of Light vs Shadow
3435950,Dead Cat Bounce
3354050,Dungeon Hero
3184990,The Occult Detective
2564660,Frontline 1942: Battles of the World War 2
1698400,A Day In Space
1496590,Tchia
2366120,Build Master: MarsVille
2264210,Hentai Puzzle Universe
3354040,Milestone
2564630,3XTINCTION
1496530,Cinders Of Hades
1573180,Injoku Furin
1591950,Life-Winner Cong's Double Dragon Dream
2366100,A Long Survive
2264200,Domination - War of Nations
3435920,Echoes of Forgotten Dreams
3353900,COLD BOOT
2983840,#!/bin/bash
2564600,Until The Last Bullet
1698350,Full Metal Sergeant
1446650,BRAVELY DEFAULT II
2366080,911: Cannibal
2264190,4D Games
3830700,Solar Defense
3435890,Isle of Survival: The New Dawn
2983810,Kingdoms of Age
1698290,LabTrainingVR: Personal Protective Equipment Edition
1633080,JUST HOOPS
1655410,Witchaven
2366070,Grant of God
2264160,Traffic Brains 2
3353860,Exo-Calibre
3184880,DOCE
2983790,Country Tales 2: New Frontiers Collector's Edition
2564560,It's a match!!
1698280,CAPITALISM The action board game for one player
1801650,Lost: Find
1513660,Stalked
2366060,Weyrdlets : Idle Desktop Pets
2264140,How 2 Escape
3830650,Lither to the Light
2983780,Head Collector VR
2564550,DropingBalls
1698220,Teslagrad 2
1432100,The Bookwalker: Thief of Tales
2366050,Bumper Tanks
3830640,Flying Courier
2264120,GLR10X10
3353830,LivingBattle
3184780,Dairy of the Dead
2983770,Bad Omens: 8th Apartment
1698210,Finding Lulu: Global Challenge One
2564520,Lost in Random: The Eternal Die
1496350,Hamster Logic 3D
1573170,Games and Girls
2366030,My Dear Dad 父亲
1591910,The Hurt in Secret
2264110,Hell Grinder
3435810,GoodMan
3353820,Makoku - The Seductive Twilight Squadron
2983760,Moon 2999
1972980,Esport Tactics
1304810,HANI
2366000,Lords and Tactics
2264050,海伦的神迹
3184720,Zombie Siege：Room War
2564460,Banter
1698140,Under the Sea
1496310,Poached : Hunt The Hunter
1655250,Horny Girl Hentai Puzzle
2365980,Le Château
2264020,Saiko no sutoka no shiki
3435750,SNAREWAVES' SHOOTING CHALLENGE
2983730,Before Exit: Supermarket
3184710,Forsaken Facilities
1698120,Arena 54 - Visual Novel Action Adventure
1801640,精神病大王花 Flowering Abyss
1513650,Gun Bots
2365960,Presence Lookout
2983660,The Joker's Game
2564440,Mechanization
1716530,Ramen or Jail
1698110,Project:Special Forces
1432050,Nobody Saves the World
2263980,Memories: Millennium Girl
3830530,cube hits corner
2983630,Art Diff
1698080,Club Soccer Director 2022
1496240,Grace Online
1573160,JUST DEFENSE
2365890,G-MODEアーカイブス+ 探偵・癸生川凌介事件譚 Vol.12「泣かない依頼人」
2263970,Dot
3353670,Summer flower of summer snow
2564370,超级机霸(Super Ship Blaster)
3184590,Ferret Frenzy
2983540,幻兽纸牌
2564330,Sweet Neighbors
1698030,NinNinDays2
1693710,Operator8
1591900,My Universe - Interior Designer
1801630,HIGHBLAST
2365860,The Pair Annihilation
2263920,Multiplayer Platform Golf
2564320,Private Military Manager: Tactical Auto Battler
1716500,Blue Fish Yokohama
1698020,Reflection
1432020,Jay Schilling's Edge of Chaos
2365840,The Red
2263860,Insert Rich Family Name
3353510,Imperium: Titans of Commerce
3184570,The Beast in the Silent Valley
2983520,Tile Tales: Pirate
2564260,Blue Cradle -signifie-
1496150,Fury Fight
1698000,Smash MAGA! Trump Zombie Apocalypse: Twilight of Empire
1573130,VR Chinese Garden Tour (HD): Flying as a dragonfly
2365820,Neural Synapse
3353490,Another Hole to Seduce a Married Woman
2983510,Factory Outlet Simulator: Prologue
1697940,The Whisperer | Le murmureur
2564240,A Dragon's Tale: Fading Light
1290260,Dark Roll: Free Kick Challenge
2365810,Pseudoregalia
3830430,Pain 'n Dave: The Maze of Malice
3435600,PEXIT 8
3184510,Warriors United
2983500,Prime Agents
1697880,Junkyard Truck
1496110,Run!!!
1453400,TowerMancer
1655210,明明如月
3184480,Draft Day Sports: Pro Basketball 2025
2564140,Desktop Garage Kit : Go
1591870,Drift Phonk 666
1801620,Being Left The F*** Alone Simulator
3830300,Orbitous
3184460,Five Nights at Restroom 2
2983430,Hallway of Horrors
2263720,Hentai15Puzzle02
1716480,Tied by your Red
1513580,Transporter Manager Tycoon
1221730,Anti-Science Brigade
2365780,红与黑 Red&Black
2263710,T-Rex Dinosaur Game
3435530,Double Dangerous
3353280,Subvirtual
3184440,Finares
2983410,Xenopurge
1697810,LoBlocks
1573110,Azy
2263700,Manabaz
3830240,Untitled Car Game
3353260,Cubi: Mystery of the unsolved
2983370,HeavensSea
1697790,Cybermere
2365680,Fallen
2263680,Furry OwO
3435470,Bangalore Daze
2983350,planetarian: Snow Globe
1697780,Life Can Be Amazing
1633020,Wood Brothers Flying Colours
1245370,Puzzle Forge Dungeon
1655190,AIKAGI
2365670,Hyper Hentai Bikini Party
3830210,Hyper Chess
3353200,Neon Exploding Bread
2983330,Kick the Boss's Ass
2564070,Blood Crawler
1495940,WhiteClothes
1591850,Wednesday Basketball
1801520,Zombieville USA 3D
1513570,Safe Cracker
1716470,Survival Night
1431950,Decks & Daggers
2365660,The RailIdle
2263570,Unusual Ghost
3788900,Egglets - The Long 10 Days
3830160,Study With Me: Lofi Vibes
3435450,Hardest
3353180,Straight to the Bone
2983300,Spice Trade
2365640,Form Fitting
2263560,Eternal Fidelity
3830150,Creepy Redneck Dinosaur Mansion 1 Re-Raptored
3435440,Anthony the Monk
3184250,Deep Snake
2983270,"SEX, Stocks & Cocks"
2263550,Touch the Color
2365600,Anima Reprise
1573100,Subterrain: Mines of Titan
3830130,Humanity's Last Hope
3788860,Cursed Digilens
3435430,I'm Caught in a Time Loop: I Need to Find a Girl as Soon as Possible
2983260,LUNARiA -Virtualized Moonchild-
3184210,Breath of Death VII: The Beginning: Reanimated
3024540,ГОООООООЛ!
1633010,FearBound
2365570,Curse of the Corsair
3788850,1402
3435420,Undead Exile
3353120,Obstacle Sprint
2563980,Little Loki & The Yggdrasil Maze
2983250,AIR
2365560,IguaRPG
3435400,The End of Infinity Return
3353100,Passant: A Chess Roguelike
3184160,Spellchanted 2D Hidden Object Puzzle Adveture Tile-Matching
2983240,Hidden Oddities
2563960,Necroslayer
2263520,chemical
1801490,Overlord : Nobody know victory better than me
1591840,Avoid The Demons
1513550,Table Tennis Pro
1431940,Outwars
2365540,Endless Pinball
3353050,Base Defense
3184080,Tranquil Koi 鯉の池
2983140,Trials of Innocence
3024410,astragali
2263490,人球の逆娘／Reverse Woman of Human Ball
2365440,Angus and the Gates of Chaos
3830000,Waffle Spin Ball
3435270,しかくの勿忘草
3353040,Chair-Riot
3183990,Avoidy Virus
2563850,Slime Volley
3024370,NebuLeet
3829940,Uppies!
2263430,DarkBlood -Gaiden-
3788760,Mall control
3435260,Dice With Death
3353030,Heather Wreath: The Reporter
2983070,MouseVentures
3183980,A Night With: Emily
1801460,BEST VRCADE 9000
1513530,Phucker in the Ashes
1716440,The Forger
1972920,Wife Massage
1221650,Boulder Dash Deluxe
2365410,A Call From Under the House
2263390,Lawnmower Game: Ufo Chase
3788740,Dino Explore
3829920,The shadow of the cherry trees
3435250,Frog Brain
3353000,Potatogeddon
3183970,GEX Trilogy
2563800,The Last Game
2365380,Maze Chase
2983040,Abyssal
3435210,与衾  With Quilt
3352970,Anima Fighters
3183960,Leapventure: Countless Biomes
3829880,Touhou Kouzougi　～ Flickerframe Shutter Festival
2563790,Parcel Dash
1573080,Recoiled
2263360,HYPERBEAT
3788610,異誕監視室 | Monativity Surveillance
3829720,Chrono Port : Heroes of All Time
3183950,Tree Hugging Simulator
1632990,The last tank fight
2365310,Fly Me To The Moon
2263340,The Duck Song Game
3183930,Far Flight
2563770,School: The Hardest RPG in Your Life
2982930,Death In The Afternoon
2365300,Elis in Winterland
1371780,Dungeons & Cocks
2263330,The Crimson Kingdom
3829660,Catgirl Simulator
3352880,Clash Battle Simulator
2563760,BMX Bastards
1591760,Undying Symphony
1801450,Mysterious Night (The First Night)
1513500,Plumber
1716400,Jumping Pirates
1972890,Nell Watson's Founder Life
2365250,The Last Veggies
3788490,Soviet Tide Arising!
3829640,Unregulated
3435120,[K]night City
3183910,Frequency of Fear : Chapter 1
2563740,Polygons Tower Defense
2263260,House of Shadow
3788420,Scratch Inc.
3829620,Execute
2563690,Bug Heroes: Tower Defense
2982820,Mr Mitty and the Itty Bitty Kitty Committee
1573070,Endless Furry Blackjack
2263250,A Song Of Sunlight
3788410,Know That Flag!
3435100,Gas Giant Voyage
3183880,Yuri Party!
2263240,Deep In The Snowy Night
3829570,Great Tough Bikini 6
2365220,砰砰乌鸦 Pong Pong Crows
3788390,The Deep Library
3352820,Nyctophobia
3435050,A Fugu's Dive
2563570,Jump Like a Grad Student
2982730,Biblios: Tome of Darkness
3024110,Jin & Jan
2365200,Loop
1453230,HIIS
2263230,Wink & the Broken Robot
3788370,Numachina
3434980,Cosmic Swarm
3352750,Kings of Emperor Bonaparte
3183860,Warship
2563550,闲置神话
1591730,Ultreïa: Prologue
1513490,Overworld - Map Keeper's Realm
3024100,Wyatt Earp and the Cowboys Wargame ssp
1716390,Floating Farmer - Logic Puzzle
1972880,Lamoneo
2263220,Fear of The Undead: Rise of Evil
3434950,Ninja Skills
2563540,英雄远征
3183850,Overlord
2365140,The Artist
3434940,Insanity locked
3352690,Dead Take
2563490,Xatrom Command
3183840,Ticker
3024050,Summer Games Challenge
1572990,Twilight Town: A Cyberpunk Day In Life
2263170,Maiz
3829490,Merge Coin: Mai
3352680,Latent Experience
3183800,Math in Space
2563480,"Zombies, Aliens and Guns"
3024040,Stronghold Crusader: Definitive Edition
2365120,Grim-World:Survival
2263160,传说之始
3788260,Street Errands
3829440,Instruments of Peace
3434890,Mythic Mire
3352670,Pinchcliffe Grand Prix Anniversary Edition
3183790,Defense Of Fort Burton
2563470,Evil Diary
2982650,Macie's Magic Melee
3024020,Angkor 5: Volcano's Verge
3788190,Story 210
3352470,Your Android
3183730,Driveloop: Survivors
2563440,Degraman: Act II. Victor
2982590,Furry Feet Girls
3829350,Vribyss Refuge™ Metamorphosis
2365070,Live Factory
3434850,Kraken's Canvas
3788170,Narrow One
3352440,Rusty Heights
2563430,Haunted Hotel: Pheonix
2982570,Excommunicated
1572970,Liberation Mutagenix
2982560,A Lily from the Lightless Water
3829340,Hotel Hideaway: Avatar & Chat
3352420,And Then There Was No Light
3183660,Peepers Paradise
2563410,Skibidi Up: Bizarre Climbing
2365050,A Heart Sprouting Pink A Memory Burning Red
3788110,DungeonBox
3434800,My Virtual Friend
3183640,Demon Hunters
2263040,一个人的木偶剧
2365040,AI Dreams of Roses of Desert
3788080,Goodbye
3434740,Fantasy Tower Defense
3352350,行走 Walk
2982530,The Shadow Over Cyberspace
3023800,Detective AnnIntae: Missing Basketball Court
2263010,Pineapple on pizza
1591680,Open Mod 2025
1801410,Deadnaut: Signal Lost
1513460,Antimatter Elevator
1431890,Starfighter Renegade
2365030,Sheepdogs
3829300,Forest Rites
3352310,Spooky Express
2563350,Hidden Cats In Amusement Park
2982500,Taquero Simulator
3023700,Koverpark Haunted Subway
2262990,Manager can be Tough!: Case of the Kidnapped Waitress
3788010,Test Zero
3434710,Black Pieces Move First
3352300,The Electrifying Incident: A Monster Mini-Expedition
3183530,三国英雄传奇
2563340,幻现的花海 - Sea of Phantom Flowers
3023690,Money And Lady | 财貌双全
2365020,Mystillion
1371750,T-Minus 30
2364990,Metawork - Hotel Simulator
2262980,Ringlorn Saga Gaiden
3829260,Riftborn
3434700,Indoor Baseball
3352260,Spire Blast
2563310,Nyana
3183500,Epoch of Guardians
2982480,DASH n CRY
2364970,Revenge of the shadow ninja
2262970,Elle: Portal
3787960,NTR LIFE
3352250,PENTALOOP  -ペンタループ-
2563300,Dream #46
3023670,Evacuation Zone: Tampere
1453160,Tricky Typing
2364960,Special squad versus zombies
2262960,Artur's Pinball
3434660,Run
3352240,Raiders of Blackveil
3023660,Gay Sex Adventures - Episode 8
1591670,Mark & Lara: Partners In Justice
1801400,Fallen Guns
1513450,TWO MONTHS
1972830,Molecule Make Lab
1431850,The Tartarus Key
2364950,战争螺旋
3787880,Pattern Survivors: Bullet Hell — Create Chaos
3434620,Spectrum Siege
3352180,GLORY DESTINY - REBORN
2982290,Реальная Смута
3023620,Idea Fix
3787870,Prostate Clicker: A Touch of Love
3352160,Willow’s Descent: Into The Under
2563180,Days Like A Nightmare
2982250,BROKEN TAPE
3023610,后室：维修工（Backrooms: Maintenance）
1697730,BOPPING DRIVE
3650490,Oikizo
3787640,False Title - RPG
2563160,国際指定怪異124号 東京廃村
2982220,Hunter: Space Pirates
3023600,Horse Farm Simulator
1697720,The Heilwald Loophole
1839750,POG 6
1632810,Carminia
3650420,Platform 6 ONLINE | 6番線オンライン協力異変探し
3787620,Lewd Island
3566990,Sports Adventure：5 in 1
3434530,Mechanized Corps: Rebirth
3183410,The Bench
2563140,Star Farmer: Prologue
2982130,Relaxing Time Paradise Resort Collector's Edition
1697700,Who's Lila?
1305450,16bit vs Reality
1591660,冒险时光机
1801370,Being Ball
3787560,Hentai Gymnast Scarlett
3352130,Tsan-shadow ninja
3183400,Creator-initial
2982100,Fish-Click Squad!
3023490,Newton's Fourth Law
1697680,Fear Corporation
1972820,Suicide Guy Deluxe Plus
3650390,Price of a life
3787530,Autumn Waifu
3566940,Galactic Pawns
3434460,Asteroidia
3183360,NABI
3352070,HOLE: Bottomless
2563120,Survivors
1697630,DROPTCH
1572930,Void's Blight
3787520,Echo Protocol: Escape Room
3566930,My Pet Femboy
3434440,Welcome Home
3352020,Cloudy & Stormy: Pawtastic Adventure!
3183350,Fantasy Aquarium
2982010,Just a Lullaby
3183320,Maze of Realities: Synergy of Worlds Collector's Edition
2563030,We Could Be Heroes
2981910,Jurassic Tower Defense
3023400,Ferdinand Fox tries Ecoterrorism
1697590,Palette Swap
1591650,"Go home, go home?"
1801360,Blissful Acres
3650320,Another Game About Clicking
3566890,The Legend of Gandar III
3434400,FORGIVE FOR EVER
3183310,Forgotten Journey
3023380,Hazardous island
1697560,County Hospital
1513420,Escalation!
1972740,Lit Up
3787430,Money Theft 2: Heist
3183280,Game of Thrones: Kingsroad
2981880,KADO HUNTER
2562980,Kwark
3023360,Young Detectives:School
1371720,Card Shark
1572920,SuperTux
3650250,Octorridor
3434340,Oblitus mortis
3351940,UNDERGROUND
3183270,Basil and the Isles of Spice
2981860,Cube Crawler
3023270,The End
1697540,AFTERGLOW
3434330,恶魔的房间 The Demon's Room
3183260,The Lighting Ages
2981850,Slime Princess
2562900,Eden Genesis
1245080,Mutated Muter's Invasion
1632750,Her Heart's Desire: A Landlord Epic
3650230,Fortune Paradox
3434300,Ghost Shock
3566850,AI T/F Escape: 10 in a Row to Freedom
3351890,Wizault
3183250,Operation HuntingHawk : Breakthrough
2562870,Puzzle Game
2981800,Furriend
1591630,Bone Mayhem
3566840,Bleak Haven
3434280,1000 Missiles: Defense of Tornwa
3351860,Thrustme Too
2562810,Sky Conquest
2981790,Kuri Kuri Click! ~My Renaissance!~
3023190,Deduce Together
1801280,SCP: CB Multiplayer Dedicated Server
1513400,Karma - Chapter 1
3787190,75 Demons
3434240,《'点'到为止》
3351840,Play Twice
2562730,Samawa Idle
3023170,Dice Player One: Trailer
2981760,Hero Vs 1000
1697460,Coin Pusher World
1572910,Bouncy Cloud
3434220,FearPark Chapter 1
2981750,SUBMARINES 2D
3183220,Aurora Defense
3023120,EXODUS: THE RISE OF CHAOS
1697420,Alien Destroyer
3650160,Harem of Lust: Battle Cards
3566780,BOX HUSTLE
3787120,W.I.M.S. - Where is my ship?!
3434210,Farmer’s Market Simulator
3023100,Ginger Shroom Journey
1697310,Demon Sighting
1431780,The Black Heart
1632710,VR Nudity Camping
1453030,Hellworld!
3566730,Naroike
3434200,So Far Up
2562620,The Palace on the Hill
2981700,Retro Wave
3023070,BEYBLADE X XONE
1697250,Brick People
1781260,Promenade
3566720,LAN Party Adventures
3351770,Bumble Brawlers
2562610,Lost & Found Agency Collector's Edition
2981690,Tiny Machinery: Lost Reality
1513390,夏日的回忆
1972710,Ever Seen A Cat? 2
3650100,Graphic Tower Defense
3787020,The Lustful Touch
3566710,Stan's Magic Museum: Olympian Trouble
3351760,Chromapix
2981650,Shift 87
1697190,Do 11
3022960,Tour de Drone
3650090,Reel it! Fishing
3787000,Fading Lights
3434150,Automatic Battle:Galaxy General
3566670,Speed Surge
2562580,Shine of Fullmoon
3022950,In Your Shoes: An NSFW MILF & Daughter Sex VN
1697180,Amaze Adventure
3650050,DAY OF DRIFT
3434130,Food Wagon
2562550,Mylene and the Lust temple
1697170,4 Rush Together
1453010,BATTLE ARENA: Robot Apocalypse
3786950,SWAP
3351690,Gauntlet
2981590,Factory Outlet Simulator
3022900,I commissioned some butterflies 3
1697160,RAILGUN 500
3649990,Putin Jigsaw
3786940,Call of Thief
3434070,Concentration Required
3351670,ENSCROLL
3183030,9 Hallways: The Anomaly Agent
2562510,On Air Island : Survival Chat
2981580,SHAPE SHIFTER
3022880,I commissioned some bunnies 10
1801230,Cemetery Mary
1591590,Traxion 2
1972670,The Lost Mines
1513370,Angkor: Runefall
3022860,TaekwonGirl
3649930,Bokeh Adventure
2981450,Mystery Lover:Nonexistent Memories
1697060,Volcanon
1632670,Cave Guessers
3649920,Me resbala!
3786810,Galactic Siege
3566430,Botomy
3433990,Chinese Mythology: Journey to the West
2562430,Sweetcore Brews - an otome game inspired by witchy sitcoms
2981440,黑山房产中介
3022840,The Super Pie Throwing
1697050,Polybius Invaders
1781230,Happy Summer Quest
3786760,Still Space
3566410,Sexy Puzzle
3433970,VR Head Football
3182930,Dimensional Warrior
2562410,Dungeons and Female Teachers
3022810,HackHub: Free Trial
1801220,God Damn The Garden
1591570,Mondealy: Day One
1513330,KnockDown
1972640,Trials of Kokoro
3649900,Keep Me Gifted
3786650,Yuika My Bestie
3566320,Why?
3351570,Sandbox Survivors
3182910,TRUMP BREAKOUT
2562400,DONG WU: ODYSSEY
2981350,My Girlfriend is... Centaur
3022780,A Better Tomorrow
1572830,Before the battery´s over
3433940,Forsaker:DingDing&Blade
3351560,One Little World
3182870,Slugterra All-Stars
3022750,Rune Stones
3786570,Mission on the planet
3566280,Cabin Fever: A Descent into Darkness
3433920,创造世界
3351550,Alien Grounds
2562380,ENFYNYTY
2981330,Crack it Up!
3022740,Heart Clicker
3786560,Hidden Cats & Pandas
3351530,Peacebringer
3182800,Eat That Ice Cream
3022690,Night Driver
1696960,Lake Haven - Chrysalis
3786540,Dark Neighbors
3433880,StompyBoy
3182750,Fayrehaven
2562350,Escape Escape
2981300,Golf In Wonderland
3022680,Book of Spells 2
1801200,Plunger Boyz
1513310,Blockee - Sliding Puzzle
1972630,Slimesventure: Your Destination
3649760,Radley Ravencroft's Spy Web Mystery
3786150,Tiny Company
3433870,时忆 Memory of Time
3566200,Pocket City 2
1696930,Conundrum
1572810,МЕМОЛОГИЯ
3649750,NeoHack
3566180,Honey：欲望、尊严与毁灭
3433840,Epic Transport
3351470,I'd KILL YOU as a Worm
3182600,Shake the Baby!
3022640,Loud Run
1270820,Brothers in Blood: WW2
1632640,Bouncing Traveler
2262930,Bombe
3829180,HARVESTED
3786040,The Overnight Screening
3566150,CONDEMNED TO BE FREE
3022560,The Banker Tycoon
2981220,Forefront
1696900,Venture Within
2262910,That Last Girl
3786030,Brawl Me Blues
3566140,Niut
3433810,咸鱼殿下 / My journey
3022540,Menticide
2981210,snatch&swallow
1781170,The Flow Experience
1591540,Hard Minus Classic Redux
1801190,The Shattered Elements Arena
1513300,Marswar TD
2364920,The White Dreams : Road To Gate 1
3829130,Scarlet Wolf
3785980,A Few Days With : The Fairies
3022530,BlackHoleMaze
2981150,Alone in the School
2262890,Whispers in the Dark
3829070,Playing With The Big Boys
3022510,Slime Scramble
2981080,LOST LIGHT: Bright mates
1572800,Neon Snake
2262880,Heli-Cats
3829050,The Haunting Voice
3649670,PayGame
3785910,Bicycle Mechanic Simulator BMS
3566100,Bottomless Pit Supervisor
3433740,Dominated By: Sadistic Roommate
3022500,Sakura Alien 3
2981070,Arcane Trigger
1696740,Ubirajara
2364880,The ABC
3829040,Turtle Turtle
3649660,PickingSimulator
3566070,Shooting Range Simulator: Prologue
3433730,Pocket Lint
1696720,PsiloSybil
1452910,Soul Shifter
1244910,My Supermarket
2364830,Color Summoners
2981040,AWAGAME
2364800,Sakura Kanji Ketchi
2262750,Space Escaper
3785720,Pact Between Us
3649580,FrostBound
3565990,Path of Light
3433690,Meeting a Hunk in the Park
2981030,OutRoad Fury
1371620,Clash Memory Game
1572790,Gustavo : Kingdom Rebirth
2364790,Daedalus
2262740,RC Match 3
3433680,Sprout Crafter
2980980,Stuck in the Present
1696620,It's Dungeon Time!
2364770,Kingdom Incremental
3785690,Sophie the best titty fuck expert
3565970,SuDoki-Doki: A Hentai Sudoku Game!
3433640,Mining Company
3022340,Athralis Tower Defense
2980970,BARHEIM
1696610,Escape from the Lockdown: The Demon Fortress (Steam Version) - Day 1
2262690,Roxy Raccoon's Mancala Madness
3828900,Elven Holes Must Fall
3649490,Stray Children
3565940,War of the Wormholes: Janitor Duty
3022320,Mobiles Tycoon
2980940,Loop:ClassRoom
1781140,Sing Together: VR Karaoke
1522030,SUKAKKO
1591520,Clownfield 2042
1801140,Guns Undarkness
1513250,溪风谷之战(roguelike moba game)
2364720,Cy: Cyberpunk Survivors
2262680,Epic Race: The Stadium
3828880,Goofy Golfette
3649480,Escape from the Forest
3433600,Space Sim Tycoon
3022300,Uncanny Stories
2980910,the another world
1972550,paradise of desire
3785590,Delfini
3828870,Sweet Bathhouse
3565880,Ведьмы зов
3433550,Late Night Mystery
3649460,Your Bunny Secretary
1696440,The Matchless Kungfu
1452900,Xeno Shooter
1371610,Apple Hopper
1572470,Höll Space 5D6
2262620,Broombot Battlegrounds
3828850,Clean Break
3785560,The Narcotic Operation
3565820,Chuck Nolemland: The Starving Kid
3433540,Delta Z. INC
3022270,Proto Garden
2364660,BugBots
1696380,Mr.Knight
2364630,Swipe Tennis
3649440,FingertipRacing
3828840,Break Through The Door
3433530,Billy's Tower
2980880,Hentai Sister
2262610,Endless Monday: Dreams and Deadlines
3329190,The Perfect Model
1632590,The Silent Sky Part I
2262600,Firewall
2364610,Enypnion Redreamed
3828830,You Were Sent Alone
3433520,The Sixth Sorrow
1696310,Starveling Way
1781110,BlockStar VR
1591500,猫头鹰和灯塔
1391050,Kraken Smash: Volleyball
1801110,BOKURA
1513190,Fresh Milk For Mars
2364570,Multiplayer Shooter FPS
2262580,Monsters Mess
3785420,A Tale of Fortunate Lust
3828800,City-Defence
3565720,Starfield Battlegrounds
3022110,Break a Leg
3433480,Suki Suki Love
1972470,Under Contract
2262570,Alice Running Adventures
2364560,Demonheart: The Cursed Trial
3785410,Full Contact
3828740,"Chicken Jump, Puppy Jump"
3565700,Forgedale
1696290,Hoop the Loop
1371600,Star Puzzle
1572460,My Simple Puzzle
2364540,Invaders
3828730,Cross and Gun
3565690,Goofy Lil Guys
3433430,Boo! Hunt
3022060,Golf Around! Lite
2980720,The Worries of Santa Clauses
2364530,Fireball Spam
3785350,Spellatro
3828700,肉鸽麻将
3649350,My Sadistic Yandere Goth Sister and Mom Bully Me
3433410,Powder Runners: Maze Quest
2980660,Click on ladybugs together
3022040,Weaponry (Experimental)
3565680,DECRYPTO Project
3329170,Gob Johnson's Downhill Marmalade
1431610,Prison Simulator Prologue
2262520,Aerial Antics - 20th Anniversary
2364520,Tamageddon
3785320,Chainsaw Snuff Shots VR
3565670,Mythic Trials 2
3022010,Bonanit - A Menorcan Horror Story
1696230,Peblito: Rock and Roll
1781060,Amnesiac Adventurer
1591490,Distant Memoraĵo
1674020,Lost in Red Valley
1513180,Lo-Fi Lounge
3785310,Spooky Driving
3828570,Invertinator
3649240,The Maze X: The First Chapter
3433330,Clockwork Sword
3021970,Cube Jumper
2980610,Random Hero Defense
1972460,Portobugia
2262450,Hell: distant lights
3785300,Bombardiro Crocodilo MISSION
3649160,Dishventory
3565650,Drone Simulator VR
3433290,Ruyn HD
2980580,ASTRODRIFTER
1696200,Hell Blasters
1452870,Roads of Time 2: Odyssey
1371580,Myth of Empires
1572450,Femboy Besties
2262410,A Terrible Place
1244800,Terraformers
2262340,BOOM Adventures
2364370,Zombie jokers 2
3785140,Primeval Genesis
3565620,Tales of Isenberg
2980490,Relaxing Drift
1781050,Robin Hood: Spring of Life
1390960,Lab Chaos
1513160,Home Domes
2262330,PhotonVERSE
3785130,Shop Mistress NTR
3828490,Monster Destroyer
3021860,Toon Siege
2364330,Secrets of Magonia
2262320,LAB.AR
3433230,The Gretlow Tapes
3021850,Monster Meals
1696080,Deadwater Saloon
2364320,Respawn
1572420,Leenie Boog
3784980,Jumper's Doom
3648910,SUPER SHINOBI DEN
3433210,Ghostie's Escape
3021830,Access: EnTree
2980420,Heatwave
2364290,Shadow Stalker
2262240,LogiKing
3828370,Lake of Darkness
3784950,SUBS
3648900,Years Gone By
3565570,STU THE FISHERMAN
3433200,SQR
2980410,Darknesssssssssssssssss
3329130,Hentai Cho
2364230,Pandash
2262230,Bargain Toader
3828350,Spirit Whisperer Conversation With Kamiko
3565560,BOX KING
3433180,Hentai Sally
2980350,Spacelane Express
1696030,Evelyn's Adventure
1781040,Super Kakuro - Cross Sums
1591470,I Am The Prosecutor: No Evidence? No Problem!
2262220,Glowing Stones : Heroes' Awakening
3784880,There's no way the door is there!
3433170,∀stround
3021750,Rolled: A Pinball Nightmare
2980320,Hexwielder
1972440,Shotgun King: The Final Checkmate
2364180,The Merry Fairy
2262210,EVOREVO
3784870,Journey Through The Nightmare Realm II
3828290,Kick Yourself On
3565460,Tahitian Driftin'
3021720,Lost Mastery
2980280,Apples Busy Day
1695970,CUBE-e
1371560,DarKnot
1572380,Future Fortune
2364140,Fluxion
2262200,FUBG: FIGHT UNKNOWN BATTLEGROUND
3828280,Deckstination
1801060,Helix
2262190,Hentai Beach
2364090,Aphotic Descent
3828270,Realm of Mystery
3021650,Heffelfinger
2980260,Hypogea
1695870,DunDun VR
1522020,The Interview: You Know What You've Got to Do to Get the Job
1781030,Fishing Paradiso
2364080,Bake In Time
2262180,Brazen Thief
3827850,StacKit
3565380,KunSpace
3182570,Three Against the Odds
2562290,Penrose
1695840,Fear Therapy
1591450,Aka
1493520,Beat Hazard 3
1972410,Siege of Dungeon
1221300,Tire Friend
2364050,PUNCHERMAN!: First Day
2262170,ROSE
3827840,Patch me if you can
1695830,Baldur's Gate: Dark Alliance
1493490,Demonicute
2364030,Crystal Blast VR
3827830,The DeadLine
3182420,Isle of Birds
3565330,Squinky
2562240,Only Up!
1936740,Timmy l'escargot
1493460,Rebels - Under the Spell of Magic (Chapter 1)
1572340,Ark of Artemis
2363960,Bomhops
2262110,【VR】Physical Exam / イタズラ身体測定
3565320,Shattered Bride
3182400,Cherry Jump
1493450,Save daddy trump 2: The Final Triumph
1287140,Sonia and the Hypnotic City
1513130,No Lights
1244630,House Builder
2363950,Cards of Lust
2262080,Omega Crafter
3182390,My Little Sister Callie
1493440,TORMENTOR
1287130,Island of Penance
1781010,Pine Hearts
2363930,Evil is Back
2262070,INVASION
2562100,Deadlocked
1591440,中外名将对决
1972400,Package Rush
2363920,Jigsaw Puzzle World Memories
2262060,Skyfighter Arcade
3182360,Bakery Shop Match Up
3565250,Crossing Chains
2562040,Conge's Crunch Time
1695793,Halo: Reach Mod Tools – MCC
1801030,SOMETHING
1695791,Halo 3 Mod Tools - MCC
1287030,Bubble Bobble 4 Friends: The Baron's Workshop
1513120,The Zodiac Trial
1431450,Do I smell Pizza?
2262010,催眠スクールデイズ - Hypnotic School Days -
3182330,Catboy Aim Trainer
2562000,Argo
1493360,Clouzy!
2261940,Dungeon Merchant
3827600,Club del fierro
3565130,Trail Racer
3182320,Prince Arthur Monsters of Albion
2363810,Long Truck Simulator
1780990,Fallen Flowers
1695680,Lunar's Chosen - Episode 1
1591420,Hmmsim Metro
1972360,Cryptr
1390860,Re: Award
2261930,Altered Algorithm
3565120,Static : The Beginning
2363790,Grapple League
1695670,ScrewUp
2261920,Find the Whales
3827560,Cubenen Gardens: Befriend
3182280,Fault 24
2363780,Dash & Swing
2561920,Dimension Omega
1695620,CHR$(143)
1936700,GENIUS VS ANTICHRIST 1
1572320,Malfunction II
3565100,Unboxathon
2363760,ReLinked
3182270,Changeling VR
1513110,ShapeNeon Chaos
1632360,Coolors
2363730,Escape Memoirs: Questionable Side Stories
3182240,Tangram Collection
2561860,Kappa Kanji Adventure
1695600,Bunny Puzzle
2363700,Eukarion Tales 2
3827510,Cube1 vs Cube2
2561810,HamSumo
3565080,Cyber Rats
1780960,Sumy Shelltris - ICEBLOCKS 1
3182230,Boxcars
1591410,Into the Knight
1493240,La Porte des Fauconniers : Guerre Médiévale
2261760,Simp
2363680,Green Squares
3565050,Trucker Horror
2561780,Ancient Relics - Egypt
1695510,G-MODEアーカイブス19 マジカルドロップDX
2363670,Watchers of the Universe: I'm outta here!
2261750,Towers Deck
3182200,VETITUM_VRC
2561770,Square City Builder
1695500,Wizardess Lintiara
1371500,Cargo Company
2363660,Black Magic (C64/CPC/Spectrum)
2261720,Banbard
3565030,Online Records: Unknown Seller
3182180,Escape Of The Cat-Aslyum
2561730,Summer Tales
1695480,Hellblusser
1493160,DARK MINUTE: Kira's Adventure
1513090,Blimps
1221250,NORCO
1431430,Tiny Island
2261690,Kitten Kingdom
3182170,Tromblo's Adventure
2561720,Scarlet Thread
2363630,Duck Shoot (C64/VIC-20)
2261680,Precision
3565010,Goblin VS Princess
1695400,Lucky Fish Bread
1493060,Immortal Legacy: The Jade Cipher[VR]
1591380,Uncle Nook's Monster Emporium
1972300,Hunteroids
2261660,My Neighbor Neko
2363620,RoboSquad Revolution (Beta)
3827340,Blobun Mini
3182140,Afterlife Reverie
2561680,Backrooms: The Phobolore
2261650,Pet Dragon Girl
3827330,GameShop Simulator
3564900,VR Dunk Assistant
1493020,Song of Farca: Prologue
1695310,Pro Pain Labs
1936640,Shenanigans
2363590,H.I.A: Horror Investigation Agency
2261640,Missing Stars
3564880,VR Wilderness Survival
1513030,Soar: Pillars of Tasneem
2363580,Hentai Ellie
2261610,Dummy Pirates: Ocean Tales
3182020,Leshy Prelude
2561610,艾人的长夜
1695260,Timothy and the Tower of Mu
1278190,Jumpala
2363570,Rise of Jericho
2261600,Hunting Pearl Creek
3564820,Lust Storm
2561580,Horizon Zero Dawn™ Remastered
1780940,Inquisitor’s Heart and Soul
1695150,末路希冀
1492980,Shut your teeth
1591360,Slime Kingdom - An Unlikely Adventure!
1972260,Orbit VR
3564790,Courage Gauntlet Challenge
2261570,ST World
3827180,Usurp
3181940,Potyguara Verse
1695000,Rainbow Sea
1492910,云端堡垒TD
1632300,Investigation Stories : gunsound
2363480,Fantasy Quest Prologue
2561470,Rainbow
1694970,Jude
1492900,The Alien Trials
1244520,2D Baseball Duel
2363460,Merging Cubes
2261500,Shoot! VR
3181870,Blocky Ball OT
3564700,9 Trials of Whiskers
1780900,Knockball pool
1694960,Furry Feet
1286580,Ship of Fools
1492870,堕星之乱
1591340,Night Blade
1972250,Maidenless
3564680,HappyKids
2363440,orbital defence unit
2261440,BallZ
1492860,三国志奇侠传
1452600,Potato's Dream
3826950,"Chess, Texas"
2363430,Temple of Aeryn
3826930,Santa Elena
1936520,Jim's Adventure
3564660,Escape Game Sleepless
3181830,Trapped
2261420,BoxLoop 2
1694880,Spectrolite
1800940,The Enjenir: The Engineering Physics Building Simulator
1512960,Parkalien: a ludo in the space
3826900,Cube Shooter
3564650,Hidden Heir
2561360,Steampunk Jigsaw Puzzles
2261410,Bargain Blocz
1694860,Night of the Stars
3826860,There Exists
3564590,Rivers of Astrum: Daughter of Darkness
3181780,Space Station Adventure
2261400,Depths of Helheim
2363390,Cat Pipes
1780880,Queue Simulator
1694840,Baptism of Fire
1286380,Best Day Ever
1972230,Alcyone
1591310,World Racing '95
2561330,妖变速递 Mutant Express
3433050,Fireplace Simulator
3351430,Batography
3181770,Diced Up!
2980240,Soul Brave
1452540,Frincess&Cnight
3648770,The Airflow Trials
3784810,Last Presence
3433030,Poker Clicker
3021630,Savara
2363310,Orderly Havoc
2561310,K2: Digital Edition
2980190,Chaos Moon : 1CC Edition
2363300,Sun Rush
2261350,"Cozy Keep: Farm, Craft, Manage"
3351410,Awakening
3021620,MUG 🍺
2561280,Farm Garden Simulator
1244460,Jurassic World Evolution 2
2363290,Fireworks Frenzy
2261330,Droid Wars - Duel
3648710,Vox in Tenebris
3351400,MAKINE
3181670,Periodicity - Hats and scars
2561270,Skibidi Toilet Hero
2980150,Security Guard Sex - Episode 2
1780850,Cthulhu Dungeon
1390700,The Crackpet Show
1591300,Dear Future
3432960,Math Monster Quest
3021540,Starborne: Frontiers
2980110,Electro Havoc
2561260,Hyperdrive Inn
1972200,Link The Cubes
2363260,Mizz Survival
2261290,ALPO : Way home
3784690,Calm the Storm
3648660,Novaxandria Volume 01
3432920,Cozy Forge: Blacksmith Simulator
3351360,Tessera
3021530,Abra-Cooking-Dabra
2561230,Suspicious Shuffle: Free For All
1632260,水果祖玛 | Fruit Zumba
1452500,The Good Life
1936490,DreamBig 3
2261280,Dark City
3432910,Metascapes
3351350,Ooga Booga Battle
3181630,Recovery Phrase
3021520,Faster Than Bolt
2561220,CADDE
2980050,机械恋心
2363220,The Cube of World
3432890,Paper War
3351340,Robocycle
3181470,Cat & Farm Pals
2561210,Carball 360 (beta)
3021440,Dragon and Phoenix
2980030,➕1️⃣
1512940,Malody V
3043430,Grand Fantasy Heroes
2261240,Nope Nope Nope Nurses
3648620,Knight of the Dungeon
3432880,ZHONG XING NEW VILLAGE
3351330,Clown Is Hungry
3021390,ReThink 5
2561200,Envoy
1390690,MachineryWorld
3021350,透明的她与真实的我
2561180,Rescue Team: Mineral of Miracles
1632230,Newtonian Inversion
1936480,Dickie A Cumming: The Prequel (Part I)
1437280,Project Terminus VR
2363150,Shelley's Haunted House
2261150,Elven City Simulator
3181350,The Great Tree
2979990,Solider AutoChess
1800890,与芙兰朵露一起捉迷藏吧
2363140,ForeVR Pool VR
3432810,Wreck Poly Survival
3021320,Catch the dustling
3181290,Hell Shooter
2979980,決戰打狗港
1512920,The Devil's Shoes
1431290,Sam & Max: This Time It's Virtual!
2363120,Tiny Terrariums
2261130,ReverseRoom
3432800,Slingbot Survivors
3181260,Catolonizer
2561090,Stellar Bewitching (Remastered)
1780780,Adult Puzzles - CamGirls
1390670,Escape from Naraka
2261120,exp!A
2363080,Art-Therapy: Portraits
3648450,White Room Protocol
3432780,when disappear a light
3351150,Astroball
3181240,Magic Overflow
2561080,Stations in Seoul: Card Game
1972180,Dub Club
2979950,Limits of intelligence
2261110,Der Trapstand
2363030,Tasking
3648440,M.A.L.M.O : Scorched Earth
3432750,Laundering Simulator - Clean Cash and Laundry
3351140,Limoria
3181220,AV Director Life!
3021150,GooGooRise
2561050,Street Clean TD
2979890,Gudrun's Solitaire Duel
1632220,Violent Witches: the Vindicator
1936450,Criminal Cage
2261100,Rise of the Funkys
2363010,A Night With Neil
3648430,Think and Choice
3181200,Odyssey: Realm of Echoes
3351110,Foddia
3021100,Five Hearts Under One Roof
2363000,Apocalypse Run!
2261090,三國立志傳
3648420,Soviet Village
3432660,Island Rescue: Tropic Survival
3351100,Snapshot Spirit Live!
3181160,Late Emergency
3021090,浮気リセット - Cheating Reset -
2979840,Surviving the Apocalypse Is More Fun When There’s Sex
1512910,Power Ball 2021
2362980,Morbid Catastrophe
1993060,IMAGO: Beyond the Nightmares
2261070,Chinese Rail SIm
3351090,Murder&Spies
3181150,Theater of Death
2979830,Assassin's Alliance
1780730,그랑 엠파이어 : 아마네
3021060,Idle Run Aya
1390650,SimpleProject
2362930,异界旅客：序章
3784130,New Lands 4: Legends of Tenkai
2261050,For the Queen
3432630,Gomiboru
3351080,qualia
3181120,HTR: Hyper Torque Racing
3021020,AbyssalRestaurant
2560940,Slime Experiments
2979820,Chaser of Light
1972160,Virtual Hunting Experience
2362900,DEVIL DUMPER DORIS
2261040,NUMANUIN
3784120,Elven Rivers 7: The Crimson Tide
3648370,Node Math
3351070,ConsTance
3021000,Spin to Survive
1632210,Zenko: A Fox's Tale
1452350,Tsukisas Arena
3784110,Ghost Hunters
3648340,Field of Enemies
3432610,Weeb Store Simulator
3351040,Happy Puppy
2560870,The Specter's Desire
2979790,State Your Business
2362840,Kingsblade: King's Keep Prologue
1800850,LUNATIKA
3784100,Elven Rivers 5: UnderSea
3432600,BDSM Oasis - interactive physics simulation
3351020,Home Cleaning: Cozy Baby Cleanup
3180960,Surreal Farm
2560850,Gem Blast
3020970,Jellies of the Deep
2261000,Call of FireWork
2362830,Raptor Rush
2979780,Sayo
1512860,Pixelot
3784090,Gnomes Garden: Black Stones
3432590,Cats in Cozy Rooms
2560830,A-Mazing3D
2260980,University Life Visual Novel
2979710,5525
2362790,The Dungeon Vendor
3020960,Pack Master
1780720,Nott Longa
1390600,"Shachibato! President, It's Time for Battle! Maju Wars"
2260960,Training Shooter FPS
3784080,Argonaut Agency: God of Storms
3020950,Creature Park
2560820,Dung Beetle Adventure
2979690,Quest Of Peril
2362740,POOSTALL Royale
3784070,World Wonders: Hidden Histories 2
3648240,DEATH BURGER
3432540,SEXXX GIRLS [18+]
3350940,Extermination
3180810,Darkwood Tales - Beast in the Shadows
3020870,GastroRun
2560790,Sex Story - Cuckold Life - Episode 3
1632170,Belle Boomerang
2979680,Selenaut Quest
2260930,Kill Pill
2362680,"Grandma, No!"
3784060,Emergency Crew 5: Blazing Vacation
3648220,Wake Up The House
3432530,Grocery Store Tycoon - First Store
2260800,nothing_matters
2362630,Orbital Defense Force
3648180,Your boss's Ass
3432500,Sin and Love
3350890,Find Petey
2560730,SauceLore
2979580,五金圣剑模拟器
1780690,The Tale of Fighting Nymphs
2260750,What is snowman made of?
3784020,Chrono Space 7
3648150,Roofgrown Life
3350870,GST Wars
3180750,Journey of Seasons: Heroes
3020620,KNOCKturne
1972050,Band Camp Boyfriend
2362590,The Wingless Bee
2260700,Butchers Don't Surf!
2979520,Eternal
2560690,Chimeras: Heavenfall Secrets Collector's Edition
1632160,祛魅·格心（祛魅3）
2362580,Typhon: Bot vs Bot
1452320,Hell Invades Heaven
2260680,Plasmarena
3783950,First Survivors
3432470,ぼくの葬式にようこそ -happy rebirthday-
3180690,Sweet Escape
2560680,The Paradixion: Laboratory
2979510,Escape From Pleasant Falls
1936360,Escape From Mandrillia: Local Asymmetric VR+PC
1591220,Tamarak Trail
2260650,Arcadia: Colony
2362570,Roll It To The End
1800780,Find Her in Dungeon (3D Quest)
3647960,森林王国的试炼
3432460,为了姚 for yao
3350840,Pirates Adventure Solitaire
3180680,A la Card
3020580,TouchNothing
2560670,Succubus: SEX Story
1512800,Mars Quest
1431230,Gods of Sand
2362560,Sexy Memory Puzzle - Kawaii
3783860,Anime Dream Match: Cats
3180670,Undying Flower
3043310,Alchemist Shop Simulator
2560660,Educational Suite
2260560,Banana Yetti
2362550,Total Football
3783850,RELSU
3432420,Silent Woods
3350820,The Crossroads
3180640,太饿了 So Hungry
3020550,Dialoop -Roguelite Puzzle-
2560650,College Sex Party 🔞
2979450,Dream Land
2362540,PANDORA
1972020,Stadtleben
3647900,Bell & Hoof: The Silent Journey
3350800,BOO! ARE YOU SCARED?
3180610,Eternal Glory
3020540,タナトス-Thanatos-
2560640,Orgasm Simulator 2024 💦
2979440,Peaches Interplanetary
1632140,Girl Agent
2260540,Endless Nesla
3647870,ByteRogue
3350790,Banana Ragdoll
2560620,Der Geistermeister
2362520,Thesmophoria
1591200,Experience the Energy: Take the Tour
1304780,Nongunz: Doppelganger Edition
1512790,Reach the Summit
2260530,Hidden Cats in New York
3350780,Nice Pro?
3564570,MazeSlug
3180520,Bubble Battle
2560590,EGG DROP
3020510,Legend of Heroes: Three Kingdoms
2979330,Illegal Simulator
2260480,Random Acts of Madness
3783750,Battle Babes 3
3564530,Hidden Cats - St. Patrick
3180510,Social Clicker : Persona
2979300,Armadillo Assault
1780620,流放之域
2362480,Model Eight
1971980,Gray Eyes of Death
3783660,Rise To Mayhem
2260450,Poveglia: The Island of No Return
3180500,ShapeSCALE
2560530,Hidden Cats in Rome
1632100,Courier Tale
2362420,Mass Effect 2 (2010) Edition
2260360,Zooblies
3647690,Cuddle Corner
3350630,Cain
2560520,Castle Guardian
2979270,Eyes of Destiny
3020370,Archetype and the Four Winds of Hell
1452280,Devastator
1936300,Target:Summit(目标：登顶 )
2362400,Vitam Finire
2260350,Elfboarders
3564440,Nitro Battle Racing
3180470,Nuclear Lizard Island Rampage
3350610,Jai Kali
2979220,DEVIL'S WAY
3020360,Click on lanterns together
1304770,The Magister
1512780,ワニワニアタック
2362350,Crossroads: Escaping the Dark
3783540,Voden's Job
2260330,Futanari girls 3D ⚧👧🍆
3350500,"Rêves, lettres et ciel"
3180460,4fools1
2560500,Astral Throne
3020350,Spearhead
2260310,Star Hive: The Menace
3783510,牛头镇的快乐故事
3647660,Mech Assembler: Model Kit builder Simulator
3564370,Remanence
3350480,Cardio
3180450,Battle Squares
2560490,The World's Hardest Game - On Steam
3020340,The History Channel: Battle of Britain - World War II 1940
2979070,A Few Days With : Rebecca
3020320,Air Warrior III
2362280,Sky Symphony
1936250,DownTheDead
2260220,Swarm Horror
3783440,Jump To Stratos
3647600,Midnight Riff
3350380,The Fox and Devil: Tales Of Eleonora
2560390,SuperAnthony's Joltzsi
2979020,Clayers: Prologue
1591160,SCP: Undeads Winter's
1304690,Push Your Family
1512750,LeHweng LeHweng
2260170,Final Forge
3647550,COINFLATE!!
3350350,Galactic Conquest
3180400,Particle Accelerator
2560380,100 Rounds
3020300,Exploration
2362200,Tactics Unlimited
3647480,Unknown Host
3564270,Vanquish The Eternal
3350340,Boundaries
2978980,Contained
3020280,IF-16 FIGHTING FALCON
2362150,13iew
2260130,Offroad Mechanic Simulator: Prologue - First Job
1390410,Midnight Fight Express
3647470,Checked Out
3564260,We Bowling?!
3783370,ReDrop
3180310,Billie's Wheelie
3020270,Click on piña coladas together
2978970,Runet Legend
2560340,Bonaparte - A Mechanized Revolution
1632040,Magic defense
2362140,Crazy Rabbits
2260100,Borderwatch: Dark Armada
3564220,Desktop GOLF
3350290,Ravager - Moon-Friendly Edition
3180290,Nekomancer of Nowhere
3020260,Click on candy together
2978950,Mini Dungeon
1936230,별에게 소원을 (When you wish upon a star)
2362120,Finding Hannah
3350250,Brawlmageddon
3564140,AI Gallery ”Onsen”
2560320,Little Mages
1591150,Paranormal Detective: Escape from the 90's
3020250,Click on red pandas together
1304680,Voidigo
1512730,Relax It's Aqua
3647400,Femtazio
3783300,Sad Virus Western
3564130,AI Gallery ”Kimono”
3180270,Carnage Kart X
2560280,EDMUND PUZZLE AND THE MYSTERY OF THE SACRED RELICS
3020240,Click on staplers together
2260050,Baalzebub
2362090,Chicken Police: Into the HIVE!
1896820,JUNGLE RUNNER
3647380,Ascension Gamebook
3350200,Revenge on gold diggers 
3180240,Tetris® Forever
2978870,Room of lust
2560260,Oni Station
2260030,Delirium
2362080,The Green Room Experiment (Episode 1) VR
1780570,Rakuten
3647290,Eclipse of the Lost
3783210,60 Minutes to Extinction: Escape Room
3564090,Smoke Break!
3350190,Anxiety Puppy
3020150,Splort
2560250,Observer
2259990,Auto RiskRisk
1632030,Soran
3783200,Turbo Truck Islands
3563950,Phantom Ops
3350160,海子 UMIKO
3180150,Mall Simulator
2560240,Biped 2
3020130,Foxlore
1646770,Cold Hill
1452250,Underground Garage
1936210,Milf Toys 2
3647220,What Lies Frozen
3350140,漢字でGO! 集英社マンガ祭
3180070,"No, I'm not a Human"
2560220,Getting Out Alive
2978820,Echoes
2259740,King of Light
1591140,Idle Roboto
1800580,Pranksterz: Off Your Boss
1512720,Stardom
3783170,Realm of Illusion
3180060,Big Boobie Boss Blackmail
3350110,The Alchemist & His Battle-Scarred Homunculus
2259730,Soundscape XR: 2024
2978780,雨に願えば～Wishin' in the Rain～
3020020,Toilet Zone
1431170,Pepo
3563830,Pixel Cavern Quest
3350050,We must survive
2560120,Roles & Dice
3019990,Eden Survivors
2978750,DeMonkey
1655060,Switch It
1780550,OVERLOOK
2362010,Impact
3783090,Hot and Lovely : Purple Lust
3350040,Holiday in Europe: Wonders of Germany Collector's Edition
3179990,Futanari Sex Adventures - Episode 3
2259690,AIKAGI After Days
2560110,Bunny Battle
2978740,The Lodge
1632020,4Prot
3647090,Baggage Handler Simulator
3563810,Unreal Zombies
3350030,The Permanent Residence : Souls Kept
2259640,Magemania
2978710,The Rainman
2560100,Midnight Special
3019930,Platformer Paradise
1244090,Sea of Stars
1936200,Hot Milf 5
2361940,Ninja Golf 2
3179950,Off-balance: Balance Party Vol. 2
2259620,Harvest Hills
3647040,Super Fox
3349970,Gamestonk Simulator: Gone Rogue
3179880,Adrenalinkick
2560050,The Local
3019850,Fishing Grind
1780530,Cyber Sweep
2361860,Words for Kids
3783040,Hot and Lovely : Purple
3349960,okey.gg
2259530,A Spider to A Fly
2560040,Defend Earth: Xenos Survivors - Prelude
3019830,Sandbox Apocalypse
1632010,Pantyhoes
2361850,KARTMania
3783030,Virtual Crime Scene - Apartment 213
3563710,Blacksmith Shop Simulator
3179860,Pairs & Perils
2560020,A Walk in the Park
2978600,That Level Again 3D
3019800,Amber Alert
1452210,INPUT6
1936190,Radon Break
2361840,Cyber Puncake
3782970,Dungeonought
3647000,Judgement Angel
3563700,Car Driving School Simulator
3349930,Only Out
3019780,A-Rabbit
1591050,Help me please
1512660,The Light of Summer
3782920,HARMONIC REFLECTIONS
3646970,The last throne
3563690,Real Hotwives of Marbury Lane
2559980,I commissioned some ladybugs 2
2978540,Gaming Cafe Simulator
3328720,Flash Doll
2361780,Dig Deep
3563670,Lumber Valley
3179830,ShoppingMall: Manager Simulator
2259380,Backroom
2559970,Global Transport
3019750,Double Play
2978510,Contingency Plan
1780520,The Vellescian Gambit
1390350,Webbed
2361770,SHINOBI: Art of Vengeance
3179810,Tiny Dangerous Dungeons Remake
2559960,RED DAWN
2978500,火纹幸存者Fire Survivors
3019740,HopHop Fox
1715590,Wizordum
2361760,Real Anime Situation! 2
3349860,Dr. COG
2559950,BROKEN MIND
2259360,C.I.E.B The Backrooms
2978470,Where wh..?
3019710,Rogue Robot: Escape Protocol
1452200,Waifu Discovered 2: Medieval Fantasy
2361750,Destiny Star Girlfriend 3
3646930,Forsaken Struggle
3349850,Balantica
2259340,Don't Wake God
2978460,HARD VOID
2559930,The Queen's Quest
3019700,Phoebe Eridani
1591020,Run Eternal Depths
1304610,Lab Rat
1512610,Furries & Scalies: Super Scary Halloween Spooky Times Part II
3826850,Sword Hockey
3432390,Haunted Dorm
3349840,InKing
2978440,PROJEKT GODHAND
2259330,Mind Diver
1693390,XOMBEE MPFPS
1492160,Doll Explorer Prologue
1284870,Ultreïa
1780490,Skull Bullets
3349830,Pro Flight Simulator
2978430,Hentai City
2259320,Meowmunitions Prologue
1492150,Primal Survivors
1693380,Captain Collision
3563490,Mysteries of the Forbidden Forest
3432310,Slide to Solve
3349820,Big Blind
2978370,Spectral Realm
2259310,ORDER 13
1715580,RoboJep
1693360,Dark Forest Project
1492140,"Club Hentai: Girls, Love, Sex"
1631980,Away From Home
1452130,My Jigsaw Adventures - Forgotten Destiny
3563480,Interstellar Espionage Inc.
3432290,The Labyrinth Wants You Dead
3349800,Bone To Gather
2978310,Mystic Gals
2259300,FloraMancer : Seeds and Spells
1492130,NightClub 69: Bunny Girls
3826810,Alphabetron
3349770,Stormwater - Complete Edition
2978280,Case Zero
2259270,The Dreamland：Free
1693340,Where is the meaning?
1590970,Woebegone Woods
1512590,Punch A Bunch
1492120,Summit
3826730,Ashen World
3563460,Echo Rift
3432270,Monmusu Girls: Autobattler
3349750,Korean War
2978270,Let's Learn X̱aad Kíl
2259260,Tyrant's Realm
1693310,Winging It
1780480,One by One
3563450,Renegade Rush
3826720,Rocket Golf - Tap
3349730,Forge Together
2978240,The Heft Effect
1693300,Dann Fox & The Time Machine
1492090,Forgotten Fragments
3563430,Secret Love Temple
3349700,2Synth
2259230,Sym.BIOS: Torn Asunder
1693280,Supplice
2978230,Voluptuous Fantasy
1284730,Successor
1431020,Blurple Food Wars
1631960,ReactorX
1590950,Namnokh
1492050,Arcane Wilds
1512570,She turned me into a newt!
3349600,Romania Prop Hunt
2978180,Desktop Cat Cafe
2259190,Protos Magos
1693230,Puzzle Soccer
1492000,Unfolded : Camellia Tales - Prologue
1654970,Farm Defense
1780470,Chastity Catastrophe
3826580,魔女之塔 Witch's Tower
3432160,Xi
3563270,Robo Rolo
2259180,No Questions Asked
1693210,Hodl Simulator
1491980,Towards The Stars
1390290,RetroShooti
3826560,Mayoi Shopping Street
3563260,Bee careful!
3432140,CRAZLIPSE
2978120,Wild West: Prototype
2259130,Emil: A Hero's Journey - Prologue
1693200,Make a Path for the Chicken
1491960,Time Storm
1715550,夜詛YASO curse of soirée
1631930,The Insignia Project
1452070,LONE RUIN
1243890,Sword of the Necromancer
3826460,Looking For Waifu
3432130,Toy Fight
3349510,The Ancient Magus' Bride Midsummer Pilgrimage
2978070,Yume No Office
2259100,Ball Army vs Zombie
1693190,Cursed House
1936130,Bunker 2322
1491950,BrightSeeker
3349500,Last Pickup
2978020,Artificial Division
2259080,POG XL
1693180,二逼青年的救赎
1590920,The Wave Story
1491920,Book of Coin
1512550,Amnon's Beginning
1896720,Dumb Little Robots
2259070,RAISING TAIYAKI
1693160,Zone B Korosu
1491910,Andromeda 2 Zombies
3563100,Station Noctis
3349440,Watcher from the Void
2977990,spec
2259060,混沌骑士
1693150,PROPHECY OF THE NUN
1491850,ZombieWave-UnlimitedChallenges
1390190,APICO
3432070,Nebula Cleanup Crew
2977960,Wrong Escape
2259050,Valkyrie: Dawn of Ragnarok
1693140,ONCE IN MY HEAD
1715530,Medieval Wars
1430970,Astatos
1243880,Evil Inside
1452020,Yuri Dating Agency
3432050,Hurry Up! Bar
3349300,Paragliding Simulator
1693130,Lucky Joe
1936080,Glory's Fools
1491790,Atom
3826350,Sex Game - Naughty Girls - Episode 2
3432000,Memory of Lust
2977850,Workshop Works
2258960,Adventure with the Goddess
1693100,Fomalhaut Flowers
1590910,Forgive Me Father
1491780,Bloody Paws Unleashed
1304530,Sling-A-Thing
1512540,Beyond The Waterfalls
3826340,United by Love's Heart
3562850,Naica Online
3349270,Hexbotica
1693090,V.R.G.
1491770,KEEP OUT
3826300,Unknowz
2977810,Dollhouse of Dead
2258940,Mage Kanade's Futanari Dungeon Quest
1693070,THE MADHOUSE | Infected Mansion
1491730,Cosmotronik
3562820,The Last of the Minnows
3431930,Sector 404
3349150,Crab Game 2
2977800,Whisker President
1693060,Magic Thief
1430930,THIEF'S SHELTER
1631900,Hex of the Lich
1243850,This Bed We Made
2977770,Rusts Of Corruption
2258910,Horror Tale 2: Samantha
1693050,Dirty and lascivious awakening RPG by lecher knight Reika
1936070,School Simulator RPG
3826240,UP
2977680,ScanIt!
2258890,Xanadu Land
1693040,Synthwave Burnout
1491670,Venba
1512530,极限求生
1220600,Edengrall
3826210,The Pub Life Simulator: Prologue
3431820,Bear Brigade: Ocean Attack!
2977660,Cats
1693010,Pop's
1491660,Nefasto's Misadventure: Meeting Noeroze
3826190,The Dreamcatcher
3562540,Forgetmenots
3431800,JOI Lab PC
2977620,Squirreled Away
2258830,NOTHING TO LOSE
1693000,Within the Range
1491650,Last Resort
1284210,Guild Wars 2
3562530,The Heart of Influencer
1936050,Animaddicts 3
1780420,The Quiet Apocalypse
3826100,Mirror of the Phantom Maiden
3431750,Office Lady: Vore Game
2977570,REVEREND
2258670,Crawlspace 2
1692940,Orb Tour
1590850,DeadOS
1390120,Nodes
1304510,SCP: Nine-Tailed Fox
1512520,4096
3562460,The Whispering Woods
3431720,Bookey Manor
3348910,Bee Simulator: The Hive
2977510,Leap 'n Bump!
2258590,富甲天下3
1692900,Queen of Tower Defense
1491530,Mastermine
2258580,Hentai Gyaru
1692890,VR Military Reporter in Middle East (with tanks & helicopters)
1370970,"Gamitate - Meditate, Relax, Feel Better"
1284140,Dangerous Plane
3826020,Stop Breaking My Castle!
3431680,Car Factory Empire
2977440,TurtleRun
1491510,Recon Control
1284130,Sclash
1715490,Lonely Tribes
1430810,World of Wonder
1631850,PolyClassic: Wild
1451970,SATORI
3348860,Hopepunk City
1692850,Historic Fighters
2258550,Demon Invasion: Endless
2977360,Cartographers
2258530,没落陰陽絵巻 - Tale of the fallen Onmyoji -
1692700,SimplePlanes VR
1590840,Depths Of Horror: Mushroom Day
1800370,Hentai Room
1491490,Cosmonious High
